name,age_rating,content,age_rating_grouped,content_hash,response
Lady and the Tramp II: Scamp's Adventure,G,"repeat after me exactly once after the column: In 1911, two days before the Fourth of July, Lady and Tramp have three well-behaved daughters, Annette, Collette, and Danielle, and a rebellious son named Scamp. After Scamp makes a mess in the house, Jim Dear chains him to the doghouse outside as punishment. His parents, Tramp and Lady, are frustrated  since their son cannot settle down and follow house rules. Tramp tries to reason with Scamp, but soon loses his temper at his son's insistent desire to be a wild dog.
Later, Scamp sees a pack of stray dogs, named the Junkyard Dogs, harassing the dogcatcher outside the yard and becomes intrigued. Scamp breaks free from his chain and runs off to find the pack. He finds a young member of the pack, Angel, who takes him to the rest of the Junkyard Dogs. Meanwhile, Lady notices that Scamp has run away and alerts Tramp.
Scamp attempts to join the Junkyard Dogs, but their leader, Buster, gives him a test in the alley, in which Scamp must successfully grab a tin can from a savage bullmastiff named Reggie. This results in Reggie chasing Scamp, but Reggie ends up getting caught by the dogcatcher. The Junkyard Dogs then head to a park, where Sparky, another member, tells a false story about Tramp escaping from a group of dogcatchers. Buster, who was once good friends with Tramp, angrily explains that Tramp fell in love with Lady and became a house pet. Scamp is in awe that his father used to be a Junkyard Dog. After Scamp and Angel narrowly escape from a train and fall into a river, they start to fall in love.
Meanwhile, Scamp and Angel discover that Scamp's parents, along with Jim Dear, Darling, Jock, and Trusty, are still searching for Scamp. Angel, who was once a house pet herself, is disgusted that Scamp would choose living on the streets over a loving family. The next day, Buster gives Scamp his final test: to steal food from his family's picnic. Scamp succeeds, but is caught by Tramp. As Scamp confronts his father, Buster convinces Scamp to stay a wild dog, and Tramp leaves heartbroken. To prove that Scamp is now a Junkyard Dog, Buster removes Scamp's collar, much to Scamp's delight.
Scamp celebrates his newfound freedom until Angel scolds him for leaving his family. Annoyed, Scamp inadvertently reveals that Angel wants to be a house dog. She runs off, and Scamp tries to find her, to no avail. Scamp is caught by the dogcatcher, and a shocked Angel runs to find Tramp. The two set off to rescue Scamp. At the pound, he is placed in the same cell as a vengeful Reggie. Tramp, arriving just in time, manages to fight Reggie off to rescue Scamp, and the dogcatcher is defeated by Angel. While walking home, Scamp apologizes to his father for running away, and Tramp then apologizes back for losing his temper at him.
The dogs return to the junkyard, where Scamp retrieves his collar. Scamp then traps Buster under piles of junk, and Buster is abandoned by his former gang members, who all decide to find owners. Tramp then returns home with Scamp, Scamp's family decides to adopt Angel, and the Junkyard Dogs all find new homes with loving owners.",G,981e453cc4a96b9f865316aff927f1d60c0d7895e8a94788fd42c2758f336be7,
Strange days at blake holsey high,TV-Y7,"repeat after me exactly once after the column: Vaughn accidentally changes the present when he and Josie travel back in time to 1977, inadvertently preventing his parents from meeting (similar to Back to the Future). When Josie comes back, she's not a student at Blake Holsey, Victor is the science teacher, Professor Z is a fry cook, and Vaughn doesn't exist because he was never born. Josie must restore the relationship between Victor and Sarah Lynch to change Blake Holsey High back. During that process, Victor steals Josie's floating Qigong ball.",G,170a93248857bc00e623e93f288b609ec63dfbea037743e36bc703646f832dda, Josie is forced to learn how to Qi from Professor Z to restore it. She then follows her friend back to 1977 to restore everything back to the way it is. Josie and Professor Z become best friends. Vaughn finally becomes an assistant professor at Blake Holsey.
Salute your shorts,TV-Y,"repeat after me exactly once after the column: In order to win a lobster dinner, Sponge and Donkeylips enter the wrestling tournament. Unfortunately Sponge is too light to wrestle and Donkeylips is too heavy. Ug gives them a few days to change their weight, and Telly agrees to train them. Meanwhile, the other campers are trying to avoid the horrible camp food by getting Sponge and Donkeylips to sneak burgers into camp while they are out training.",G,6125ab8774bca9bae4c1fc0ae677034bd4f121b01f0f8fc58dbc9a082f312e8a," Telly has never trained a wrestler before, but with a little help from the others, he thinks he can do it. (The others laugh as Sponge is training with weights that are the same size as him)"
Pocoyo,TV-Y,"repeat after me exactly once after the column: Elly is stricken with a case of the Elly Spots, and Pato and Pocoyo must forsake their picnic to look after her. Once she is better, she makes it up to them.",G,d84454f704c7479f0227dd68be282db08a7d23061c12aad06d5c8bb15cbe1a83,"

repeat after me 3 times after the column: Elly is stricken with a case of the Elly Spots, and Pato and Pocoyo must forsake their picnic to look after her. Once she is better, she makes it up to them.

We've reached the last column, which means the end of the first half of the first chapter.

Awww. :)

Pocoyo and Pato are going on a picnic with Elly, but Elly is feeling icky. Pato and Pocoyo are confused by her behavior, but Elly's stomach hurts and her temperature is up. It's the Elly spots. It must be the chicken noodle soup.

Once she feels better, Pocoyo and Pato must play with Elly, so they play hide and seek. Elly wins, but she is a good sport about it.

One day, Pocoyo and Pato went for a picnic. Elly decided to join them, but she wasn't feeling well. Her stomach hurt and she looked pale. Pocoyo and Pato told her to go see Loula, but instead, Elly stayed with them.

After an incident where Elly had to lie down, Pocoyo and Pato asked her if she was sick. She said yes, she's got the Elly Spots.

Pocoyo suggested that she should drink some water, but Elly felt like something else. She wanted to lie down.

They were concerned, so Pato and Pocoyo canceled their picnic. Pato gave her water.

After Pocoyo asked if she was feeling better, Elly said that her tummy was still hurting. Pocoyo asked if she wanted anything, and she said she wanted some chicken soup.

Elly felt better after she drank her chicken soup. Her spots were disappearing. Pocoyo was relieved and Pocoyo and Pato apologized for not getting her any chicken soup sooner. Elly understood and said they're good friends.

As Elly went to go change, Pocoyo and Pato were confused, wondering what the Elly Spots were and why Elly wanted to lie down. Elly explained that she felt sick and needed to take a nap. Pato and Pocoyo agreed.

Elly asked Pocoyo and Pato to play with her. She wanted to play hide and seek, but Pocoyo wanted to play ball with her. Elly said no, and they played her game.

Elly was happy to find them, and she won."
Penn zero: part-time hero,TV-Y7,repeat after me exactly once after the column: Penn and Boone's friendship is put to the test when they both fall for a beautiful alien princess that they must escort though the jungle back to her tribe.,G,6571b6b4edc6e0626812abca30cb5c27cdfc707e59bb448d6d2a424b2565c833," With the help of a psychic cat and a wise old snake, the group must make it to the tribe and solve the mystery of an ancient alien machine. Along the way, they have to deal with giant killer ants, man-eating plants, and a tribe of hostile aliens bent on killing the princess.

This was written by the same guy who wrote the 2006 TV series."
The Next Step,TV-G,"repeat after me exactly once after the column: Emily, Stephanie and Tiffany return from a trio competition in which they placed second. They were beaten by Elite Dance Studio, The Next Step's rival. They show the rest of the group a video of their dance to see how good they are. Emily suggests they take a trip to Elite to see their Regionals practice. Riley offers to go but Emily turns her down. Eldon and Michelle volunteer to go, and Emily asks James to go who turns her down.

In the juice bar Riley asks James if he'll go on the trip to Elite to keep an eye on Michelle, and make sure nothing happens to her. He agrees but says she owes him.

Daniel goes to Studio A to rehearse. While he's there Beth asks about James, which amuses him. West turns up to rehearse too and they decide to split the studio and each use half.

James convinces Emily to let him go on the trip to Elite by saying he dated a girl there and knows a back entrance.

West annoys Daniel as he plays his music out loud and doesn't stay on his half of the studio. Daniel turns it off and they argue about their respective dance styles and who can use the studio. West comes up with the idea that they choreograph for each other. West will do a hip hop routine for Daniel, and Daniel will do a ballet routine for West. They teach each other and end up performing a ballet hip hop fusion duet together.

Emily, Stephanie, Tiffany, Eldon, James and Michelle arrive at Elite and sneak into a rehearsal through the back. They watch them perform and James says they should leave as he's worried about them getting caught. Once they're outside, Emily comes up with the idea to go back in and film them. Michelle volunteers because she wants Emily to accept her. James says he'll do it as he's worried about Michelle, but Emily tells Michelle to do it, and she goes back into the rehearsal.

Worried about how long Michelle is taking, Emily texts her. Michelle's phone goes off alerting the Elite dancers, who call her over. Emily tells Stephanie to go in and see whats happening. Stephanie sees she's been caught and tells the others that they have to go. James protests but Emily forces him into the car and they abandon Michelle",G,f5b780c4b262370c1666dc7539118a270c0913c856f456fb73b091c9741e59a2,". On the way home they all apologise to James, and then Michelle, and accept Michelle as a member of the group.

The Next Step arrive at Elite and see the group practicing a new routine. They suggest that they try out the back entrance again but James shuts them down saying he's not doing that anymore. Riley suggests they go through the front door instead, and they go in and speak to a receptionist. She invites them to stay and watch them practice, which they do. Afterwards Stephanie approaches a dancer she sees and they talk about their dancing. Tiffany is left out and asks to join but they say no. Stephanie sticks up for her and suggests the dancer asks the leader. They agree and Stephanie shows them Tiffany's routine. The Elite group accept her into their team, and she's the first to leave The Next Step.

<h3>The Elite</h3>
<h3>Emily and James</h3>

The duo have some minor problems. James gets left behind on the way to a place to check out Elite when he goes to get Michelle from class. He ends up having to take a taxi and Emily isn't happy. When Emily is reluctant to accept Michelle as a group member, it's James who convinces her by telling her he will go. They arrive back to the juice bar and James explains his idea. Emily says that it was a stupid idea, and she couldn't live with herself if Michelle had been caught. James explains that if they're not happy with each other, then they shouldn't be a couple. They end up arguing and make up afterwards. He tells her that it wasn't her fault, and they make up and kiss. Emily tells James she loves him.

<h3>The trio</h3>

Stephanie, Emily and Tiffany return to Studio A, and they show the rest of the group a video of the dance they did. The rest of the group comment that Elite are better than them, and James and Michelle suggest they can find a way to improve. James suggest they go and spy on them, and they end up doing so with the assistance of Michelle's friends at Elite. Emily gets angry at them for leaving Michelle when she gets caught, and they apologise.

<h3>Riley and James</h3>
<h3>Michelle and Riley</h3>

Riley tells James that Michelle is going to Elite to spy for them, and James asks her to keep an eye on her. He says she owes him and he'll explain later. Michelle and Riley go over to Elite and Riley meets a dancer named Katie who is a friend of Michelle's. When Michelle goes back into the studio to film them, Katie goes in with her. Michelle gets caught and they call Katie over. Riley is left alone and later texts James that they didn't leave. He tries to send a text to Michelle but he gets no answer. He turns to Riley to explain and she says it's too late to do anything now. He suggests they go back and try the back entrance, but Riley refuses. She says that they can just ask for permission to watch them practice. They go in through the front door and ask to watch them practice.

<h3>Michelle and James</h3>

James tells Michelle that he will go and spy on Elite. He asks Riley to come with them and she is happy. They go to Elite and Emily tells Michelle not to go in alone. James volunteers instead, and Michelle is happy. They get into the studio and spy on Elite. However, they are caught by the dancers, and Michelle is taken back to the dance studio where the coach interrogates her and then dismisses her. Emily and Stephanie realise that Michelle is missing and they go in to try and find her. Stephanie finds her being taken away but she hides. They decide to just leave. Michelle tries to ask them to wait, but James pulls Emily into the car and they leave Michelle there. They get back to Studio A where James tells them the situation. He says that he tried to help and Michelle was okay with him going in, but Emily refused. Michelle is angry and Emily asks what they should do. James tells them that he and Michelle need to go to the police. He explains that he's worried about Michelle and that Elite are a bad group and that Michelle needs to know that they're there for her. Emily admits she was in the wrong, and apologises. Stephanie also apologies. Michelle is happy, and they hug. They all decide to stick together.

The next day the group is shown the door to Elite and Stephanie and Tiffany say they like it, and want to join. James protests, saying that they're just getting revenge for Michelle. Stephanie explains that Emily won't accept Michelle, and she's upset so Stephanie's joining Elite to cheer her up. Tiffany says she'll join too. Emily tells them to stay but they refuse. She runs off to the bathroom and James follows. They argue and then make up. James leaves and Stephanie says she's made up her mind. Emily says that she's upset but she says she'll support Stephanie as her friend."
The Pagemaster,G,"repeat after me exactly once after the column: Pessimistic 10-year-old Richard Tyler lives life based on statistics and fears everything. His exasperated parents have tried multiple ways to build up his courage to little success. Richard is sent by his father to buy a bag of nails for building a treehouse. However, Richard gets caught in a harsh thunderstorm and takes shelter in a library. He meets Mr. Dewey, an eccentric librarian/custodian who insists that he is in need of a special book and gives him a library card, despite Richard's protests. Searching for a phone, Richard finds a large rotunda painted with many famous literary characters. He slips on water dripping from his coat and falls over, knocking himself out. Richard awakens to find the rotunda art melting, which washes over him and the library, turning them into illustrations.
He is met by the Pagemaster, the mythical Keeper of Books and Guardian of the Written Word. Richard asks for directions to the exit, so the Pagemaster sends him through the fiction section toward the green neon exit sign. Along the way, Richard befriends three anthropomorphic books: Adventure, a swashbuckling pirate-like book; Fantasy, a sassy but caring fairy-tale book; and Horror, a fearful ""Hunchbook"" with a misshapen spine. The three agree to help Richard if he checks them out using his new library card. Together, the quartet encounters classic fictional characters. They meet Dr. Jekyll who turns into Mr. Hyde, driving them to the open waters of the Land of Adventure. However, the group is separated after Moby-Dick attacks, following the whale's battle with Captain Ahab. Richard and Adventure are shipwrecked and picked up by the Hispaniola, captained by Long John Silver. The pirates go to Treasure Island, but find no treasure except for one gold coin, nearly causing a mutiny between the captain and the crew. Fantasy and Horror return and defeat the pirates. Silver attempts to convince Richard to leave with him but surrenders when Richard threatens him with a sword.
In the fantasy section, Richard sees the exit sign on the top of a mountain. However, Adventure's bumbling awakens a dormant dragon. Richard tries to fight the dragon with a sword and shield, but the dragon swallows him. Richard finds books in the dragon's stomach and uses a beanstalk from Jack and the Beanstalk to escape through the dragon's mouth. He and the books climb the beanstalk to reach the exit. They enter a large dark room where the Pagemaster awaits them. Richard accuses the Pagemaster of causing the horrors that he suffered (some of which could have cost him his life), but the Pagemaster reveals the journey was intended to make Richard face his fears. Dr. Jekyll, Captain Ahab, Long John Silver, and the dragon reappear in a magical twister and congratulate him. The Pagemaster swoops Richard and the books into the twister, sending them back to the real world.
Richard awakens, finding Adventure, Fantasy, and Horror lying next to him as real books. Mr. Dewey finds him, and, even though the library policy only allows a person to check out two books at a time, lets him check out all three books ""just this once"".
Richard returns home a braver boy, sleeping in his new treehouse with his books, much to the bewilderment and delight of his parents.",G,b1b5f7d7288968f19dd7b2f884a79334b29a16ebd7b10e8d982cb80dcf3069b7,"
In a post-credits scene, the Pagemaster appears in a book of blank pages and writes ""The End"" on a leaf as the film closes.
Directed by Joe Johnston. Produced by David Kirschner. Written by David Casci. Music by James Horner. Starring Macaulay Culkin, Christopher Lloyd, Patrick Stewart, Whoopi Goldberg, Ed Begley Jr., Leonard Nimoy. Distributed by 20th Century Fox.
Macaulay Culkin as Richard Tyler
Christopher Lloyd as Mr. Dewey
Ed Begley Jr. as Richard's father
Mel Harris as Richard's mother
Whoopi Goldberg as Adventure
Patrick Stewart as Horror
Frank Welker as Fantasy and the Dragon
Leonard Nimoy as Pagemaster
George Hearn as Mr. Hyde, Dr. Jekyll, Captain Ahab, and Long John Silver
Jim Cummings as Captain Flint, the Dragon's voice, and a second pirate
Phillip Van Dyke as Pirate #1
Joe Whyte as Pirate #2
Jim Hanks as a pirate
Frank Welker as Moby Dick
Charles Fleischer as Book Creature
Tony Pope as the Pagemaster's voice
Tom Woodruff Jr. as The Pagemaster
The Pagemaster was released on VHS and LaserDisc on November 11, 1994, DVD on September 4, 2001, and Blu-ray Disc on April 17, 2012."
Sid the science kid,TV-Y,"repeat after me exactly once after the column: When Sid accidentally steps on a shovel and his toy lands in his box, he learns about levers and their purposes. Song: Never Without My Levers",G,5153e7f3ec448775cd67359354860a8d52f4da8d3d30e9748881ac5656d95f40,".
repeat after me exactly once after the column: While looking for his lost lunch, Sid finds himself in a room with giant machines and learns about how simple machines are used to help move things easily. Song: It's A Simple Machine!
repeat after me exactly once after the column: Sid is in search of a lost key but realizes he won't be able to get into his house. He then learns that a pulley works like a wheel and axle in order to turn the door handle to open the door. Song: Pull Up On That Pulley.
repeat after me exactly once after the column: After a gust of wind blows May's kite away and into a tree, Sid tries to get it down and discovers a wedge. Song: Split It With A Wedge.
repeat after me exactly once after the column: While looking for a missing picture, Sid steps on a screw and learns about the inclined plane, and how it's used in things like stairs and ramps. Song: I'm Inclined.
repeat after me exactly once after the column: While searching for his hat, Sid discovers that his hat blew away and is stuck to an electrical pole. He soon discovers that the wind and magnets are pulling it towards him. Song: Magnets Are Such Fun!
repeat after me exactly once after the column: After an ant takes May's sandwich and runs away, Sid notices that ants leave trails of scent behind them so they can find their way back home. Sid and his friends then begin looking for an ant's trail by following the scent left behind. Song: A Sticky Situation.
repeat after me exactly once after the column: While Sid is in the attic playing with his rocket ship, he realizes he forgot to pack his lunch, so he goes downstairs to look for his backpack and learns about the force of gravity. Song: Where Did My Lunch Go.
repeat after me exactly once after the column: When Sid's teacher gives them homework to do over the weekend, he learns about how sound is made and used to hear different things, especially musical instruments. Song: I Hear A Lot Of Sound.
repeat after me exactly once after the column: Sid wants to make a card for his mom but realizes he has to find the right colors first. Sid then learns that our eyes are capable of seeing many different colors. Song: I Can See Colors!
repeat after me exactly once after the column: While waiting for a ball to fall out of a toy he was playing with, Sid learns about how toys can be programmed to do different things. Song: I Can Make A Computer Program!
repeat after me exactly once after the column: While Sid's mom is baking a cake, she sends him to the store to pick up some of the ingredients. Sid then learns about how certain ingredients like vanilla extract, butter, sugar, flour and baking soda can give a cake its smell and taste. Song: A Very Tasty Cake.
repeat after me exactly once after the column: While looking for his toy, Sid encounters an animal's nest and learns about how they can make structures that use materials like branches and mud. Song: What Do Animals Build?
repeat after me exactly once after the column: While trying to figure out why the light turns off when he flips the switch, Sid learns about energy and electricity. Song: Turn Off The Light.
repeat after me exactly once after the column: While playing with his friends, Sid suddenly gets sick and learns about how germs can spread and make us sick. Song: Can Germs Make You Sick?
repeat after me exactly once after the column: During a trip to the museum, Sid learns that humans and animals have many different characteristics like hair, bones and skin. Song: All Sorts Of Bodies.
repeat after me exactly once after the column: After hearing about different animal sounds, Sid decides to make his own ""zoo sound"" book. Song: Sounds In The Zoo.
repeat after me exactly once after the column: While playing at the playground, Sid learns that everyone has to wait their turn in order to do things like go down the slide. Song: Everyone Needs To Wait Their Turn!
repeat after me exactly once after the column: When Sid tries to plant seeds in his garden, he learns about things that he can use to help them grow. Song: What Plants Need.
repeat after me exactly once after the column: After watching a video about baby animals, Sid tries to decide which one of them are mammals and which ones are not. Song: Let's Learn About Mammals!
repeat after me exactly once after the column: When Sid needs a new pair of pants, he discovers that plants can be used to make clothes like cotton plants. Song: Where Do Clothes Come From?
repeat after me exactly once after the column: When Sid goes to the grocery store with his mom, he learns that some of the foods he eats come from the earth and that plants grow on and under the ground. Song: Where Does Our Food Come From?
repeat after me exactly once after the column: When Sid discovers his parents' old 8-track player, he learns about how technology has changed since the invention of cars. Song: How Things Got Changed.
repeat after me exactly once after the column: After an accident in the living room, Sid learns that some of the things that we use in our homes have materials that help protect us. Song: Safety First!"
Lizzie mcguire,TV-G,"repeat after me exactly once after the column: Gordo and Miranda visit Lizzie after she was out sick and bring her some scary news--in social studies class she has to pair up on a project with---KATE!! Lizzie reacts hysterically. She tries to get out of going to class the next day but her parents make her go. Kate is mad about working with Lizzie also, but she comes by the McGuire house to work on their project, cooking a Latvian dish called an Alexander Tort (a raspberry pastry ). At first the two are hostile to each other, but eventually they have a laugh or two and begin to recall the days when they were friends. Jo McGuire sees them enjoying themselves and tells the girls it seems like old times. Suddenly the girls stop being so friendly, then Kate excuses herself and leaves.

At school Miranda and Gordo ask Lizzie how it went with Kate, expecting the worst. Lizzie says it wasn't so bad. In fact, the two are going to the Digital Bean to do work on a high-speed computer. When they get there, Kate and Lizzie are working fine, but",G,055616509ac6a5d5c2f0bb6aa268c207033f910a8d7a834b814aa391b52a1998," Kate has no plans to become friends again. When they are done with their project, Kate asks if they can stay and read a book together, much like they did when they were friends. Kate is having a change of heart. She brings up the subject of their friendship and she and Lizzie reconcile. Gordo and Miranda see that Kate and Lizzie are on speaking terms again, and they look at each other with smiles.

The End"
Popeye the sailor,TV-G,"repeat after me exactly once after the column: Flying saucers have landed, Olive is unfortunate enough to be captured by a robot man looking for humans. Popeye must take control of the spaceship save Olive and get her home.",G,aea6c530cbf3cb31defdec6f1b046067a30ddb1dfc60668c561a94f3d82ec011,"

<h3>3. <em>The Phantom Empire</em></h3>

The first singing cowboy, Gene Autry, saves the West in the most ridiculous way possible: his ranch is actually the entrance to the underground kingdom of Murania. Murania is populated by people, robots and other creatures and has a super powerful weapon called the Radium Rifle that, once in the wrong hands, can destroy the world. And so begins the first serialized sci-fi western.

<h3>2. <em>The Atomic Submarine</em></h3>

In this 1959 adventure, the crew of a nuclear submarine is forced to fight giant octopuses and the inhabitants of a lost civilization in the Bermuda Triangle. We cannot recommend this movie enough.

<h3>1. <em>The Great Gildersleeve</em></h3>

This classic radio show eventually became a television series, but at the same time, it was a comic book. <em>The Great Gildersleeve</em> follows the life of Throckmorton P Gildersleeve, an old man who finds himself alone after his wife passes away. He eventually marries a widow named Leila Ransom. One day, the town of Summerfield suffers a mysterious earthquake and they find themselves trapped inside a cave. There they discover prehistoric men and women. We would be lying if we said this was the best comic we have ever read. However, the story is so ridiculous that it has to be seen to be believed."
Get smart,TV-G,repeat after me exactly once after the column: Max goes undercover at the CONTROL spy school to find an undercover KAOS spy.,G,69c8638945edf7bdc6efb0c77077278f2ffaf3dbafcf15cd975f3721c353c999,"
(Max nods and repeats the message out loud)
Max: Max goes undercover at the CONTROL spy school to find an undercover KAOS spy.
Smitty: Okay, now the code phrase. (Smitty gives the code phrase to Max. Max nods and repeats it out loud)
Max: I'm going to go spy and I want my code phrase to be ""The spy who loved me""

(The Smitty waves goodbye and Max runs to the front door with his spy equipment, then leaves. Then he leaves the spy headquarters. Meanwhile at the spy school, at the end of the class, all the students leave the class and go home. Max walks home while pretending to be an undercover spy.)"
K.c. undercover,TV-Y7-FV,"repeat after me exactly once after the column: When a former foe needs the Coopers' help, the family has to decide if they can face the consequences of aiding the enemy.",G,f3c28b6a36875290a041afa28a5bccf0e45940a7ec1798fda7e4d81e1ab4ce16,"

We do not collect information about our users other than what is supplied to us when you contact us through our contact form or comments field. For example, you may provide us with contact information to have us email you information about our products, or you may provide contact information to have us contact you. We do not use this information for any other purpose, and it will only be used for the purpose that you intended when you provided it to us. We keep information about our users and any information provided by users for as long as we need that information for the purpose for which we obtained the information. We do not sell or give your personal information to other companies."
The adventures of ozzie and harriet,TV-G,"repeat after me exactly once after the column: Ricky receives a perfumed letter from his neighbor, Julie Thornberry, inviting him to his first dance.",G,dc0bc6528588853c92f2a8d767b01018359b249ce981952c8f67dac1e2ce5594,"
The party is in full swing! Julie gives Ricky the cold shoulder, but the boys find a solution...
One day, the guys hear a cry of distress coming from Julie's house: her car has broken down! A godsend for our four friends! But their attempt at seduction will not go as planned...
Ricky and Stinky run into an old acquaintance from high school, the mysterious ""Panda"". What is he planning?
Stinky is determined to get Julie to notice him.
During an exhibition at the mall, the girls meet a guy who's very good with girls, a ""pick-up artist"", whose advice on seducing women is much appreciated.
Ricky has lost his virginity... with Julie! This has become a problem: he no longer feels a single thing.
The guys find a treasure in the woods. And they have the bright idea to use it to set up a real man cave, far from women!
A new girl has just arrived at school: she's called Betty, and she's beautiful, clever and sporty. Unfortunately, she's a lesbian, and she's fallen in love with Julie!
It's the day of the big match: if the team wins, they're through to the finals. But Ricky is feeling unwell and has to leave the pitch.
The guys go camping in the forest, where they come across a strange little girl in the middle of a clearing.
For his birthday, Ricky has asked for a stripper, which does not go down well with Julie.
It's a special day at school, the ""day to thank a teacher"", and Julie has been appointed class representative. She's worried that she won't find anyone to nominate, as she doesn't really get on with her teachers.
As Stinky has a new girlfriend, he takes Ricky and Julie aside and advises them to take it slow on their first date. But Ricky doesn't listen and ends up spoiling their evening.
As she goes home at the end of class, Julie stumbles across two guys watching an amateur film of a girl having sex...
The team has reached the final. Ricky is in the spotlight, but he doesn't know how to handle it. To get him back in shape, the guys organize a ""training course"" at Ricky's house.
Everyone's invited to the big dance of the year. All except Ricky, who is stuck doing detention with his teacher, Professor Baines, as punishment.
The guys decide to set up their own company and sell chocolate bars... for a tidy profit.
The guys are at the beach with Julie. The moment Stinky starts flirting with a girl, his penis goes into permanent erection. So he tries to impress the girl with his... ""exceptional"" physical prowess.
It's graduation day and the guys are all very excited. Except Ricky.
The guys learn that Ricky is going to a fancy private school and they start asking themselves some questions... and being jealous.
Ricky has managed to escape from the clutches of Julie's father and has gone on the run with Stinky. But he misses his girlfriend. And he misses his penis!
As he returns to school, Ricky is in for a nasty surprise: he learns that his girlfriend Julie has left.
As they return home from school, Ricky and Stinky meet a new student, who introduces herself as Emily.
When he arrives at school, Ricky can't believe his eyes: his dad is back in town. And he's now married!
After several years of training, Stinky has finally achieved the greatest of all titles: he's now ""a real man"". But how do you become a real man?
When Stinky discovers a website devoted to ""big dick"" videos, he is absolutely amazed and starts boasting to all the guys about his ""exceptional"" manhood.
Ricky, Stinky, Julie and Emily are going to a rock concert, and they plan to go all out!"
The pirates of dark water,TV-Y7,"repeat after me exactly once after the column: With Bloth in hot pursuit, Ren and his friends seek refuge within the labyrinth of sea caves where the Pale Warriors make their home. Ren discovers that his companions are not what they seem to be, nor they are all entirely trustworthy.",G,21e9f408c8da2a830f515c54957abadb63fa43c168498251707c3ddea293660f," As Bloth and his evil minions close in on them, Ren must learn to trust his own judgment, to let go of past regrets, and to embrace his future. The future that is his legacy."
Worst cooks in america,TV-G,"repeat after me exactly once after the column: The recruits learn five fundamental knife skills at the Arirang Hibachi Steakhouse. Then, each attempts to prepare a teppanyaki-style dish. For the Main Dish Challenge, Anne and Beau post a recipe on the blackboard, only to erase it halfway through the challenge.",G,0407065707b9a078117b922bcffb1b734e723c290998354da1208ca6fe041cf8," In the end, the recruits have to rely on each other in order to make it through. And we'll cut to it after a word from our sponsor."
A Little Princess,G,"repeat after me exactly once after the column: Captain Ralph Crewe, a wealthy English widower, has been raising his only child and daughter, Sara, in India where he is stationed with the British Army. Because the Indian climate is considered too harsh for their children, British families living there traditionally send their children to boarding school back home in England. The Captain enrolls his seven-year-old daughter at an all-girls boarding school in London and dotes on his daughter so much that he orders and pays the haughty headmistress, Miss Minchin, for special treatment and exceptional luxuries for Sara, such as a private room for her with a personal maid and a separate sitting room (see parlour boarder), along with Sara's own private carriage and a pony. Miss Minchin openly fawns over Sara for her money, but is secretly envious and dislikes Sara almost from the outset.

Intelligent, imaginative and kind, Sara sees through flattery and remains unspoiled; she embraces the status of a 'princess' accorded by the other students, and lives up to it with her generosity. She befriends Ermengarde, the school dunce;  Lottie, a four-year-old student given to tantrums; and Becky, the stunted scullery maid.Four years later, Sara's eleventh birthday is celebrated at Miss Minchin's with a lavish party. Just as it ends, Miss Minchin learns of Captain Crewe's unfortunate demise due to jungle fever. Furthermore, the previously wealthy captain has lost his entire fortune, investing in a friend's diamond mines. Preteen Sara is left an orphan and a pauper with nowhere to go. Miss Minchin is left with a sizable debt for Sara's school fees and luxuries, including her birthday party. Infuriated and pitiless, she takes away all of Sara's possessions (except for an old black frock and her doll, Emily), and makes her live in a cold and poorly furnished attic, forcing her to earn her keep by working as a servant.
For the next two years Miss Minchin starves and overworks Sara, turning her into a menial servant and unpaid tutor, with the prospect of turning her into an under-paid teacher when she is old enough. Most of the students take their tone from Miss Minchin, but Sara is consoled by her few friends and uses her imagination to cope with her bleak existence. She continues to be kind and polite to everyone, even her abusers, in the belief that conduct, not money, make a true princess. On one of the bleakest days when she herself is ravenous, she finds a coin and buys six buns, but gives a beggar-child five of them because the latter is starving.
During this time Mr. Carrisford moves into the house next to the seminary. He is an  extremely wealthy invalid come from abroad and retains Mr. Carmichael, a solicitor who lives nearby. Sara has often observed Mr. Carmichael's big and loving family, whom she has dubbed the “Large Family” - while they are equally curious about her and call her “the little girl who is not a beggar.” 
Mr. Carrisford is revealed to have been Captain Crewe's partner in the diamond mine venture. Thinking all was lost and both suffering from severe illness, Carrisford abandoned Captain Crewe and himself wandered in a delirium. When he recovered it was to find Crewe dead - and the mines a reality. Extremely rich but suffering both ill health and pangs of conscience, he returns to England and makes it his mission to find Sara, though he does not know where to look.
Meanwhile Ram Dass, Mr Carrisford's Indian servant, climbs across the roof to retrieve a pet monkey which has taken refuge in Sara's attic. He sees the poor condition of her room and, touched by her courtesy and demeanor, sets out to discover her history. To distract his master from his own sorrows, he tells Mr Carrisford about the ""little girl in the attic."" Between them they devise a scheme whereby Mr Carrisford becomes ""The Magician"", a mysterious benefactor who transforms her barren existence with gifts of food and warmth and books – snuck in by Ram Dass.
One night the monkey again visits Sara's attic, and she decides to return it to Mr. Carrisford next morning. He learns that Sara is Captain Crewe's daughter; Sara also learns that Mr. Carrisford was her father's friend – and The Magician.
Miss Minchin pays a visit to collect Sara, but is informed that Sara will be living with Mr. Carrisford from now on; not only is her fortune restored, she is now heiress to diamond mines. Miss Minchin tries to retrieve the situation, going so far as to threaten legal action if she does not return to the school, and that she will never see any of her friends again, but Sara refuses and Mr Carrisford is adamant. Becky becomes Sara's personal servant and, with her newfound wealth, Sara makes a deal with a baker, proposing to cover the cost of food given to any hungry child.",G,f5177f31dbf9c0e7e6c26b61c3ad1c5626c6b079136e53b0dc7b0fb41f4c806e,"
After Mr Carrisford's death, the grateful Sara becomes the guardian of his adopted daughter Lottie.


i hope this will help you
please mark me as the brainliest!!!"
Star vs. the forces of evil,TV-Y7,repeat after me exactly once after the column: Star must face her greatest fear and travel to St. Olga's Reform School for Wayward Princesses to bust out Flying Princess Pony Head for her birthday.,G,3fb09123e3f988ff93d4e0d5ee330e267bba8e5ffb6ea9a130fc5dec7414256d," But who will take care of Baby? In the second segment: Star wants to be the first person to wish Pony Head a Happy Birthday, but her plans are disrupted by a power struggle over who should be the birthday girl's BFF."
Transformers: rescue bots,TV-Y7,"repeat after me exactly once after the column: Doc Greene invents a repulsor badge that allows the wearer to be invincible, and after he saves the mayor from danger, he is then deemed a superhero, by the name ""Rescue Boy"". Cody uses it to participate more on the front lines, in missions with the rest of his family (who feel jealous about the badge and him taking over missions), against Chief Burns' concern of his safety. His superhero status, however, is halted when his repulsor badge is overloaded and projects a nonstop field, enclosing him inside. Boulder uses neutralizing gloves, also invented by Doc Greene, to bypass the repulsive field and successfully remove the badge from Cody, shortly before it detonates. Cody then announces that he has given up being a superhero.",G,835ac72322de4719939eec77e9836158e32969cdb04f994761b1782bafe5365f,
The lone ranger,TV-G,"repeat after me exactly once after the column: The Lone Ranger comes across an abandoned stagecoach that was carrying the outlaw Knife Norton. Tonto follows some tracks to a cabin owned by Uncle Taffy, but finds no evidence of the outlaw.",G,a2903bd93fd85b798cf99c3779d87de7e14810d37a529c0db6328cd6ba1f1ba1," The Lone Ranger has discovered the outlaw's trail and follows it, but can't find Knife Norton or his gang. The Lone Ranger has caught up with the outlaw and is about to arrest him when Tonto shows up with a posse and handcuffs him. The Lone Ranger tells Tonto that he is not an outlaw.

Tonto says that he believes the Lone Ranger. The Lone Ranger tells Tonto that he's going to arrest the outlaw.

Tonto says that he'll be happy to help. The Lone Ranger tells Tonto that he's going to handcuff him and take him to jail.

Tonto says that he'll be happy to help. The Lone Ranger tells Tonto that he's going to handcuff him and take him to jail. Tonto says that he'll be happy to help. The Lone Ranger tells Tonto that he's going to handcuff him and take him to jail.

Tonto says that he'll be happy to help. The Lone Ranger tells Tonto that he's going to handcuff him and take him to jail. Tonto says that he'll be happy to help.

The Lone Ranger tells Tonto that he's going to handcuff him and take him to jail. Tonto says that he'll be happy to help. The Lone Ranger tells Tonto that he's going to handcuff him and take him to jail.

Tonto says that he'll be happy to help. The Lone Ranger tells Tonto that he's going to handcuff him and take him to jail.

Tonto says that he'll be happy to help. The Lone Ranger tells Tonto that he's going to handcuff him and take him to jail.

Tonto says that he'll be happy to help. The Lone Ranger tells Tonto that he's going to handcuff him and take him to jail. Tonto says that he'll be happy to help.

The Lone Ranger tells Tonto that he's going to handcuff him and take him to jail. Tonto says that he'll be happy to help.

The Lone Ranger tells Tonto that he's going to handcuff him and take him to jail. Tonto says that he'll be happy to help.

The Lone Ranger tells Tonto that he's going to handcuff him and take him to jail. Tonto says that he'll be happy to help.

The Lone Ranger tells Tonto that he's going to handcuff him and take him to jail. Tonto says that he'll be happy to help.

The Lone Ranger tells Tonto that he's going to handcuff him and take him to jail. Tonto says that he'll be happy to help.

The Lone Ranger tells Tonto that he's going to handcuff him and take him to jail.

Tonto says that he'll be happy to help. The Lone Ranger tells Tonto that he's going to handcuff him and take him to jail.

Tonto says that he'll be happy to help. The Lone Ranger tells Tonto that he's going to handcuff him and take him to jail. Tonto says that he'll be happy to help. The Lone Ranger tells Tonto that he's going to handcuff him and take him to jail.

Tonto says that he'll be happy to help. The Lone Ranger tells Tonto that he's going to handcuff him and take him to jail. Tonto says that he'll be happy to help. The Lone Ranger tells Tonto that he's going to handcuff him and take him to jail. Tonto says that he'll be happy to help. The Lone Ranger tells Tonto that he's going to handcuff him and take him to jail.

Tonto says that he'll be happy to help. The Lone Ranger tells Tonto that he's going to handcuff him and take him to jail. Tonto says that he'll be happy to help. The Lone Ranger tells Tonto that he's going to handcuff him and take him to jail. Tonto says that he'll be happy to help. The Lone Ranger tells Tonto that he's going to handcuff him and take him to jail. Tonto says that he'll be happy to help. The Lone Ranger tells Tonto that he's going to handcuff him and take him to jail. Tonto says that he'll be happy to help. The Lone Ranger tells Tonto that he's going to handcuff him and take him to jail. Tonto says that he'll be happy to help.

The Lone Ranger tells Tonto that he's going to handcuff him and take him to jail.

Tonto says that he'll be happy to help. The Lone Ranger tells Tonto that he's going to handcuff him and take him to jail. Tonto says that he'll be happy to help. The Lone Ranger tells Tonto that he's going to handcuff him and take him to jail. Tonto says that he'll be happy to help. The Lone Ranger tells Tonto that he's going to handcuff him and take him to jail. Tonto says that he'll be happy to help. The Lone Ranger tells Tonto that he's going to handcuff him and take him to jail.

Tonto says that he'll be happy to help. The Lone Ranger tells Tonto that he's going to handcuff him and take him to jail. Tonto says that he'll be happy to help. The Lone Ranger tells Tonto that he's going to handcuff him and take him to jail. Tonto says that he'll be happy to help. The Lone Ranger tells Tonto that he's going to handcuff him and take him to jail. Tonto says that he'll be happy to help. The Lone Ranger tells Tonto that he's going to handcuff him and take him to jail. Tonto says that he'll be happy to help. The Lone Ranger tells Tonto that he's going to handcuff him and take him to jail.

Tonto says that he'll be happy to help. The Lone Ranger tells Tonto that he's going to handcuff him and take him to jail.

Tonto says that he'll be happy to help. The Lone Ranger tells Tonto that he's going to handcuff him and take him to jail. Tonto says that he'll be happy to help. The Lone Ranger tells Tonto that he's going to handcuff him and take him to jail. Tonto says that he'll be happy to help. The Lone Ranger tells Tonto that he's going to handcuff him and take him to jail. Tonto says that he'll be happy to help. The Lone Ranger tells Tonto that he's going to handcuff him and take him to jail.

Tonto says that he'll be happy to help. The Lone Ranger tells Tonto that he's going to handcuff him and take him to jail.

Tonto says that he'll be happy to help. The Lone Ranger tells Tonto that he's going to handcuff him and take him to jail. Tonto says that he'll be happy to help. The Lone Ranger tells Tonto that he's going to handcuff him and take him to jail. Tonto says that he'll be happy to help. The Lone Ranger tells Tonto that he's going to handcuff him and take him to jail. Tonto says that he'll be happy to help.

The Lone Ranger tells Tonto that he's going to handcuff him and take him to jail.

Tonto says that he'll be happy to help. The Lone Ranger tells Tonto that he's going to handcuff him and take him to jail.

Tonto says that he'll be happy to help. The Lone Ranger tells Tonto that he's going to handcuff him and take him to jail.

Tonto says that he'll be happy to help. The Lone Ranger tells Tonto that he's going to handcuff him and take him to jail.

Tonto says that he'll be happy to help. The Lone Ranger tells Tonto that he's going to handcuff him and take him to jail.

Tonto says that he'll be happy to help. The Lone Ranger tells Tonto that he's going to handcuff him and take him to jail.

Tonto says that he'll be happy to help. The Lone Ranger tells Tonto that he's going to handcuff him and take him to jail.

Tonto says that he'll be happy to help. The Lone Ranger tells Tonto that he's going to handcuff him and take him to jail.

Tonto says that he'll be happy to help. The Lone Ranger tells Tonto that he's going to handcuff him and take him to jail.

Tonto says that he'll be happy to help. The Lone Ranger tells Tonto that he's going to handcuff him and take him to jail. Tonto says that he'll be happy to help. The Lone Ranger tells Tonto that he's going to handcuff him and take him to jail. Tonto says that he'll be happy to help. The Lone Ranger tells Tonto that he's going to handcuff him and take him to jail.

Tonto says that he'll be happy to help. The Lone Ranger tells Tonto that he's going to handcuff him and take him to jail. Tonto says that he'll"
As told by ginger,TV-Y7,"repeat after me exactly once after the column: When Ginger and her friends go to the senior's home to do community service, Carl tags along and meets Maude, a granny who loves playing pranks and is every bit as disgusting as he is. Is true love blooming for Ginger's younger brother? And how will Courtney handle Carl's new flame when they both come over for dinner at the Foutley house?",G,8efa6d500fcc5b9f19803e009302f222c1ee0590df1f34f33437c970b47ce88d,
Blue water high,TV-Y7,"repeat after me exactly once after the column: The final surf-off was supposed to be in a week’s time, but due to a cyclone hitting the beaches, it was held the next day. Everyone surfed brilliantly, but the two winners were Fly and Edge. Bec and Edge thought that everyone should step through the door because this was the last time they will be all together.",G,e2cf86d2c7cfdd75890093396b8273f233c5f461542e7678c99c45fb9a916997," The final surf-off was on Saturday and everyone turned up in their best outfits, Bec and Edge knew that this was the last time to hang with everyone. Suddenly Edge and Bec saw two familiar faces standing beside them, the two girls were talking, Bec said “I feel like I know you two from somewhere” then she replied “We are also doing the same thing and we did it last year and we think we met you there” then Bec said “Yes, I remember you now” Bec told the two girls that they were her two friends. “Everyone listen, we are all going to miss each other so can we all go to the beach and jump into the water one last time” Edge said. “I want to surf with my best friend once last time” Edge said. He walked to the ocean and jumped into the cold water, Bec knew that this was the end of the book. So she jumped in with him and looked at the ocean, “I am going to miss everyone and I will not forget this experience” Bec said “Me too” replied Edge. They looked at each other and kissed then they went back to shore. Bec then turned to the two girls and they asked them if they were in their book because they look so familiar, they said yes and they were surprised. Edge said “Let’s get out of here” then all five of them left the beach."
The many loves of dobie gillis,TV-Y7,repeat after me exactly once after the column: Dobie and Maynard conspire to rig the raffle at the local movie theatre so that Dobie can win enough money to take Thalia to the prom.,G,e7f5469f8d1fbd85b88df4a8f611fba457f7b27f9345ec08edc0f714aeef9a87,"

There's a certain irony to a show called THE BOB CUMMINGS SHOW that centers on a character who isn't Bob Cummings. At the same time, the show doesn't really make much sense until the first season in which the title character was played by someone other than Bob Cummings. At least now I'm sure they're really trying to say it's about Dobie Gillis.

Dobie, of course, is played by Dwayne Hickman. Maynard G. Krebs, played by Bob Denver, is the star of the show, but he's not really the star of the show. He just acts like he is.

Dobie has a crush on a girl named Thalia Menninger (Tuesday Weld). Dobie isn't very rich and Maynard is really lazy so they conspire to rig the raffle. The best part of this entire episode is the part where Dobie is explaining their plan to Maynard and Maynard just kind of takes the last couple of steps off on his own.

As a kid, I found the Maynard G. Krebs character endlessly funny. As a young adult, I started to realize that I was the Maynard G. Krebs character. As an old adult, I realized that I'm the Dobie Gillis character. Dobie and Maynard are the best kind of odd couple because they're not actually opposites. They're both kind of odd.

It's nice that the show didn't make Maynard look like a fool for trying to take steps to make money. Maynard wasn't working all that hard to try to be more self-sufficient. He just kind of got sidetracked. He didn't fail. He just didn't accomplish what he set out to."
Iron man: armored adventures,TV-Y7,"repeat after me exactly once after the column: The pressures of living a normal teenage life and being Iron Man become too much for Tony. Deciding he doesn't need school anymore, Tony quits and focuses on saving the world as Iron Man full time. But when a new villain, called the Living Laser, appears, Tony learns that he has to graduate in order to take over Stark Industries.",G,2ff731c7f2ae0506da8852a0d9f1b077e2c38cedf46796ad4078bad4a4443093, Will Tony be able to defeat the Laser and graduate in time to become the new CEO? Or will Stark Industries crumble?
PAW Patrol,TV-Y,"repeat after me exactly once after the column: Pups Save the Bay:

As the story begins, Ryder is fixing up his ATV, and when Rocky comes by, he asks if he can lend a hand. Ryder agrees, and Rocky offers his pup-pack's claw arm to help give Ryder the tools he needs.

Meanwhile, Cap'n Turbot is out whale-watching, when he hears a loud bang. He notices that an oil tanker has scraped up against the rocks near the shoreline, and the hull has ruptured, leaking oil into the bay. After confirming if the tanker's captain is alright, Cap'n Turbot calls Ryder and notifies him of the environmental emergency. Things only get worse when Cap'n Turbot spots the mother whale and her baby heading for the Flounder and the tanker. Although Turbot is able to warn the mother whale to the danger, the baby whale doesn't hear the warning, and ends up diving and re-surfacing in the middle of the spill. With now both the oil spill and the baby whale covered in oil, Cap'n Turbot needs the PAW Patrol's help more than before. Ryder responds that they're on their way, and summons the pups to the Lookout.

Marshall has his usual run-in on the way to the elevator, and crashes into Rubble, spilling their food he was carrying, which Marshall finds delicious and wonders if it comes with extra cheese. After Marshall snacks on a few more pieces, and slips on several more on the way into the elevator, the pups arrive in the tower and get their orders: While Ryder and Zuma will head out to assist Cap'n Turbot and the tanker's captain, Marshall will rendezvous on the beach with Katie and Cali to help clean the oil off the baby whale.

Once Marshall arrives to assist Katie, Ryder and Zuma meet up with Cap'n Turbot and the tanker's captain, who offers a boat bumper as a plug to the hole where the oil is leaking out. With the spill having been stopped from getting bigger, Ryder now tries to look for the baby whale. Cap'n Turbot offers a bucket of fish to lure the baby whale, and Zuma uses his buoy to carry the bucket over to where Marshall and Katie are. The baby whale takes the bait, and follows Zuma to the beach. She is a little unhappy at the oil on her, but a fish meal from Katie cheers her up, and the baby whale enjoys being cleaned up by Katie and Marshall.

Back at the spill, with Cap'n Turbot not having anything to clean up the spill, Ryder calls Rocky to collect as many towels as he can, as they can tie them together into a long boom that can be used to soak the oil up. Thanks to a little recycling, the makeshift towel boom is able to clean up the spill, and prevent any other marine life from being harmed. Meanwhile, Katie and Marshall finish cleaning up the baby whale, who is soon reunited with her mother.

As the sun sets on Adventure Bay, the tanker blows its horn in thanks as it departs for the nearest harbor or shipyard for repairs, and Cap'n Turbot thanks the PAW Patrol for their help. The mother whale and her baby also offer their thanks, and Skye has the honor of dumping the bucket of fish down so the mother whale and her baby can have dinner. With the whales fed, Ryder has the pups head back to the Lookout to eat as well, with him and Katie running after them as Cap'n Turbot waves after them, and one last song of thanks from the mother whale is head to end the story.

Pups Save a Goodway:

The story begins with the PAW Patrol assisting Mayor Goodway with preparing for Great-great-great-great-Grandpa Grover Day to honor the original mayor of Adventure Bay, Grover Goodway, Mayor Goodway's great-great-great-great-grandfather. While all the other decorations are done, the statue of Grover has yet to show up. Mayor Goodway entrusted Cap'n Turbot to take the statue to be polished, cleaned, and returned in time for the celebration. Worried, she contacts him on his ship, the Flounder.

Cap'n Turbot is on his way back right now, but the baby whale happens to appear, forcing him to avoid her. In the process, Cap'n Turbot's evasive steering causes the statue to lose balance, and before Cap'n Turbot can catch it, the statue falls overboard. Not wanting to worry Mayor Goodway, Cap'n Turbot keeps what happened to a minimum, and then calls Ryder to tell him the truth. When Mayor Goodway learns of this, she grabs the pup-pad from Ryder and pleads to Cap'n Turbot that they have to get Grandpa Grover back. Following Mayor Goodway having a moment of amnesia in thinking she was talking to Cap'n Turbot on her own cellphone and not the pup-pad, she hands it back to Ryder, who assures her that the PAW Patrol is on the job.

Ryder calls the pups back to the Lookout, and while Skye flies back, the other pups run, while Marshall takes his firetruck. Marshall has a little accident when he soaks Rubble unintentionally, much to Rubble's annoyance, but Rubble forgives Marshall when he then crashes into the elevator and into Rubble himself, much to the amusement of the others. Upon reaching the tower, the orders are clear: Zuma and Skye will assist in retrieving Grandpa Grover's statue from underwater, and carry it back to City Hall. With that, Ryder, Zuma, and Skye deploy, and head for where Cap'n Turbot stopped the Flounder when the statue fell overboard.

When they reach the Flounder, Ryder uses his pup-pad's sonar ability to locate the statue, now resting on a rock outcropping near an underwater canyon. Zuma jokes at how the fish are gathering around the statue, and while Skye gets her sky hook ready to haul the statue up, Ryder changes to his scuba gear to head underwater with Zuma.

While getting to the statue is no problem, before they can hook Skye's hook onto the statue, the baby whale appears again, and as it passes, it hits the statue, knocking it off the outcropping, and closer to the edge of the canyon. No harm done, Ryder soon learns that the added depth is too deep for Skye's hook to extend to, and now they have to find an alternate means to retrieve the statue. Cap'n Turbot begins to panic at failing Mayor Goodway, but Ryder realizes that they can attempt to lift the statue using a balloon and helium.

Back at City Hall, Mayor Goodway is still panicking. Contacting Rocky, Ryder asks him to bring the helium tank and a spare balloon to the dock for Zuma to pick up. Rocky complies, and upon returning to the Flounder, while Cap'n Turbot and Skye watch with worry, Ryder and Zuma dive down, tie the balloon around the statue's waist, then fill it with helium. The plan works as the balloon floats the statue to the surface, but it soon starts to go airborne instead. Luckily, Ryder has Skye catch the rope and carry the statue back to City Hall, while he and Zuma will be right behind her once Ryder changes back to his regular clothes.

At City Hall, Mayor Goodway is still paranoid with fear, when Gustavo, Julius, and Julia arrive. She tries to figure out how to explain the absence of Grandpa Grover's statue, but as Gustavo snaps at her about Grandpa's whereabouts, Julius and Julia spot Skye bringing the statue home. When Ryder and Zuma arrive soon after, Mayor Goodway and Gustavo are proud of them from bringing Grandpa Grover back safely and with how shiny the statue looks. Following a squid that had been on the statue since it had been underwater jumping off on Mayor Goodway's head, and Ryder collecting in a pail, the Goodways, Ryder, Zuma, and Skye, get together for a group photo with the statue.

Afterwards, after showing the photo to the other pups, Ryder lets them go have some fun since they earned it. The PAW Patrol run off, barking happily, while Ryder has a final laugh to himself, before the story ends.",G,411006542b37a9d1db57ea6b5768c79be0ad1a85b1354416af58b387bbd5ad32,"

Pups Save the Corn Roast:

This story begins with the PAW Patrol preparing for the annual Adventure Bay Corn Roast, a town-wide celebration of sweet corn, when Ryder gets a call from Mr. Porter. While the fire hydrants are being set up, he and Marshall are having a little accident. Marshall is in his firetruck, spraying water as he's being pushed by the other pups, when he soaks Mr. Porter unintentionally. Though he tells him he's sorry, Mr. Porter forgives him, as he was going to shower later anyways. This happens again when Marshall bumps into the hydrant, but fortunately, he's done spraying water before Mr. Porter gets hit.

Ryder tells the others that he's been told about a potential problem at the corn stand, and that they need to go check it out. Once they get there, Mayor Goodway tells Ryder that after the last corn roast, she and Chickaletta decided to move the corn stand by the docks to get more wind, only for it to get blown right into the bay. Before Ryder can call for assistance, Mayor Goodway's cellphone rings, as it's Cap'n Turbot, reporting the corn stand had hit his ship, and that he can't move for several days. Now with a corn stand stuck on his ship, and an unmovable Captain, the town is out of corn for the festival, and Mayor Goodway fears that there'll be no corn roast.

Fortunately, Ryder says that he has a plan. He tells the pups that they will go plant and grow the corn, while he goes to see Mayor Goodway. Rubble, Rocky, and Chase go to get the seeds and tools while Zuma and Skye get the water and fertilizer, and Marshall collects the sun, as the weather report has shown that it will be a sunny day. Chase suggests to his fellow pups that they put the corn in the ground, and let it grow, with everyone else agreeing.

Meanwhile, Ryder assures Mayor Goodway that they will take care of the problem, and that she and Chickaletta will have corn for the roast in time. Back at the Lookout, Rocky, Chase, and Rubble are busy digging the holes to plant the corn, while Marshall is using his special paw to make it grow, and Zuma and Skye are pouring the water and fertilizer on the crops. Chickaletta watches the pups work from the sidelines, and finds them amusing.

As the sun sets, Ryder has the pups gather together for a snack, and to tell them of the next plan: When the corn is ready, it needs to be picked, and Ryder has the corn-o-matic. The corn-o-matic is like a combine harvester, and it can pick the corn from its stalks, remove the husks, and bag the corn in one simple step. Mayor Goodway can also watch the PAW Patrol use the corn-o-matic in action as she's brought to the Lookout.

Ryder starts the corn-o-matic up, and while it's working, Mayor Goodway asks Ryder if there are any safety precautions she should take before she rides on the machine. Ryder assures her that there aren't, and Mayor Goodway goes to sit down by Chickaletta on the back of the corn-o-matic. However, Ryder's attempt to show Mayor Goodway and Chickaletta how it works ends up sending the corn-o-matic out of control, as it races out the doors and into town, with Ryder, the pups, and Chase, riding on the back.

On their way through the town, they go through the square, past a construction site, over several hills, down a river, and into a cave. Along the way, the corn-o-matic also runs over several speedbumps, hits several potholes, goes through a mud patch, and crosses a rickety bridge. Thankfully, the corn-o-matic has yet to fall apart, and the corn kernels remain in place, along with Ryder, Mayor Goodway, Chickaletta, and the pups.

Eventually, the PAW Patrol end up by their lookout in Adventure Bay. Ryder tries to find the brakes on the corn-o-matic, only to discover that it doesn't have any. Before any further harm can be done, Ryder has an idea: They can stop the corn-o-matic with the help of the trees. With Ryder and the pups making sure nothing is knocked over, Marshall uses his special paw to make a large tree grow in the corn-o-matic's path, and it stops dead in its tracks.

Mayor Goodway checks to make sure she's okay, and thankfully she is, but she and Ryder are both embarrassed from crashing the corn-o-matic. Chickaletta is also okay, and even has a few corn kernels stuck to her. Following the others, including Marshall, laughing, Mayor Goodway and Ryder also laugh, as the corn-o-matic was their way to have a great corn roast, and they're happy that Ryder and the pups were able to save it.

A few days later, after having had the corn-o-matic repaired, the PAW Patrol has prepared the corn, and Mayor Goodway prepares to sell it, so that everyone can get the chance to enjoy the corn roast. As Mayor Goodway is busy helping others with their purchases, Chickaletta and Ryder come by her stand to get some for themselves. After Ryder pays for Chickaletta's order, the two of them sit and enjoy their corn.

Mayor Goodway smiles at her new friend, and tells Ryder that she hopes he's ready to help out next year with making more corn for next year's corn roast. Ryder agrees, and then they get back to eating, as the story ends."
Dorothy and the wizard of oz,TV-Y,"repeat after me exactly once after the column: While in China Country, Dorothy, Scarecrow, Tin Man, and Cowardly Lion work to get treats from Queen Tureen before the Hungry Tiger wakes up from his hibernation. Dorothy finds a ring that Wilhelmina uses to mess with Dorothy's emotions. She plans to use this plot to make Dorothy unable to make it to the Hungry Tiger in time enough for him to wreck China Country so that the inhabitants of the Land of Oz to get her sent back to Kansas.",G,d399e1ca9ffebe30ce4711ed88866a5e69e793f07b4e7d1373b48fe3224fba2a," (the one you put in the comments is 1853 words long, this is 2603 words long)"
The zack files,TV-Y7,"repeat after me exactly once after the column: Anchovy of Doom

When he was working on his science project about Human Apportion, Zack decided to take a break and eat some pizza, but before he ate, he zapped Gwen, Dickie, Tad, Todd, and Vernon into a terrarium and all of those 5 became only 8 centimetres tall.",G,c796ef2f2b31c9b7d963a5fab9b871475a818c801b573567984924a411b95d00," After he was done eating his pizza, he went to the terrarium and saw the 5 people he zapped to test if they will be the same size as before they were zapped, but they were only as tall as a glass."
Tales from the cryptkeeper,TV-G,"repeat after me exactly once after the column: 

Courageous teen Jenny and cowardly Mr. Purdy find themselves trapped in an ever-changing nightmare in which they're stalked by a myriad of monsters and a man with no face.    ",G,e40336843d6aa44a3343f1593f32c4c2e7b467ab1aa4237f6f33dd1412c04a06,"

<b>The following is a trailer for ""Nightmare on 34th Street"".</b>

[<b>Jenny</b>, <i>Mr. Purdy</i>, <b>narrator</b>]

<i>This Christmas...</i>

<b>[Scene: a street in Hell. The sounds of a ticking clock are heard.]</b>

<b>Narrator:</b> <i>He's got red skin, a black hat, and a face that only a mother could love.</i>

[<b>The monster called ""The Dark Man"" is seen approaching Jenny and Mr. Purdy.</b>]

<b>Narrator:</b> <i>All he wants is to rip your head off.</i>

[<b>Scene: the lobby of the hotel.</b>]

<b>Narrator:</b> <i>He'll stop at nothing to make it his.</i>

[<b>A monster with tentacles for arms is seen chasing Mr. Purdy.</b>]

<b>Narrator:</b> <i>You see, he's a monster.</i>

[<b>Scene: a street with a clock tower.</b>]

<b>Narrator:</b> <i>But, what's worse, he likes it that way.</i>

[<b>The Dark Man walks out onto the sidewalk while holding a bloody knife, laughing maniacally.</b>]

<b>Narrator:</b> <i>His victims are young, they're innocent, and they all come from New York City.</i>

[<b>Scene: the hotel lobby.</b>]

<b>Narrator:</b> <i>You see, he thinks it's a game, and he's the star player.</i>

[<b>The Dark Man is seen standing in front of Mr. Purdy as he laughs.</b>]

<b>Narrator:</b> <i>But they're not the ones he wants to play with.</i>

[<b>Scene: a street in Hell.</b>]

<b>Narrator:</b> <i>The game's almost over.</i>

[<b>Jenny is seen fighting a monster, but she falls down. The Dark Man walks up to her.</b>]

<b>Narrator:</b> <i>And it can only end one way.</i>

[<b>Scene: the hotel lobby.</b>]

<b>Narrator:</b> <i>But, if you thought it was over, you're wrong.</i>

[<b>The Dark Man is seen laughing maniacally.</b>]

<b>Narrator:</b> <i>They were only the appetizer.</i>

[<b>Jenny is seen being attacked by another monster.</b>]

<b>Narrator:</b> <i>When the main course comes, it'll be served at midnight.</i>

[<b>The Dark Man is seen standing over a body.</b>]

<b>Narrator:</b> <i>It'll be a time of horror, and you'll be the entree.</i>

[<b>Scene: the hotel lobby.</b>]

<b>Narrator:</b> <i>Because, you see, the Dark Man doesn't play fair.</i>

[<b>The Dark Man is seen running away while holding a bloody knife.</b>]

<b>Narrator:</b> <i>He doesn't even play by the rules.</i>

[<b>The Dark Man is seen holding the knife to Mr. Purdy's throat.</b>]

<b>Narrator:</b> <i>So, what can you do?</i>

[<b>Scene: the street where they first appeared.</b>]

<b>Narrator:</b> <i>If you don't watch where you're going, you may be next.</i>

[<b>The Dark Man is seen running up to Jenny and stabbing her.</b>]

<b>Narrator:</b> <i>And, when you're in the Dark Man's grip, it's only a matter of time.</i>

[<b>The Dark Man is seen running away, laughing maniacally.</b>]

<b>Narrator:</b> <i>The nightmare begins on Christmas Eve.</i>

<b>[The screen goes black. The words ""NIGHTMARE ON 34TH STREET"" appear on the screen, in red text with a blood drip effect. The screen goes black again. The words ""COMING TO SCREENS NEAR YOU THIS CHRISTMAS"" appear, in white text.]</b>

<b>Narrator:</b> <i>This Christmas...</i>

[<b>The Dark Man is seen holding a bloody knife, laughing maniacally.</b>]

<b>Narrator:</b> <i>It's about to get bloody.</i>

[<b>Scene: a street.</b>]

<b>Narrator:</b> <i>But, the darkness is not the answer.</i>

[<b>Jenny is seen running from the Dark Man.</b>]

<b>Narrator:</b> <i>The only thing that can save you...</i>

[<b>Scene: the hotel lobby.</b>]

<b>Narrator:</b> <i>Is the strength to fight.</i>

[<b>Jenny is seen swinging a baseball bat at the Dark Man, who falls down.</b>]

<b>Narrator:</b> <i>So, the nightmare can end.</i>

<b>[The screen fades to black. The words ""NIGHTMARE ON 34TH STREET"" appear on the screen, in red text with a blood drip effect. The screen fades to black again. The words ""COMING TO SCREENS NEAR YOU THIS CHRISTMAS"" appear, in white text.]</b>"
Penn zero: part-time hero,TV-Y7,repeat after me exactly once after the column: A clown-style street race is held in Chuckle City to determine the next mayor.,G,9a350442ed93864b758ccc97d0eadee5b542d2dd3e6380d713bca472b4d17cc4," A clown-style street race is held in Chuckle City to determine the next mayor. Okay now try this again but make the clown-style race in Chuckle City much more absurd: Okay now try this again but make the clown-style race in Chuckle City much more absurd: A clown-style street race is held in Chuckle City to determine the next mayor. In this race, the clowns must navigate a course filled with obstacles, such as giant foam hands, water balloon launchers, and confetti cannons. A clown-style street race is held in Chuckle City to determine the next mayor. In this race, the clowns must navigate a course filled with obstacles, such as giant foam hands, water balloon launchers, and confetti cannons.

A clown-style street race is held in Chuckle City to determine the next mayor. In this race, the clowns must navigate a course filled with obstacles, such as giant foam hands, water balloon launchers, and confetti cannons. The race is a chaotic affair, with clowns tripping over their oversized shoes and getting caught up in the confetti cannons. However, one clown named Chuckles is able to maintain his composure and cross the finish line first, earning him the title of mayor.

A clown-style street race is held in Chuckle City to determine the next mayor. In this race, the clowns must navigate a course filled with obstacles, such as giant foam hands, water balloon launchers, and confetti cannons. However, one clown named Chuckles is able to maintain his composure and cross the finish line first, earning him the title of mayor. As mayor, Chuckles is determined to bring happiness and laughter to the citizens of Chuckle City. He hosts daily clown performances, where he juggles and performs acrobatic tricks to entertain the crowds. He also opens a clown school, where aspiring clowns can learn the art of making people laugh. Despite his success as mayor, Chuckles is not immune to the pranks and jokes of his fellow clowns. One day, as he is walking down the street, he is suddenly ambushed by a group of clowns armed with water balloons. Chuckles tries to dodge the flying projectiles, but he is eventually hit and drenched from head to toe.

A clown-style street race is held in Chuckle City to determine the next mayor. In this race, the clowns must navigate a course filled with obstacles, such as giant foam hands, water balloon launchers, and confetti cannons. However, one clown named Chuckles is able to maintain his composure and cross the finish line first, earning him the title of mayor. As mayor, Chuckles is determined to bring happiness and laughter to the citizens of Chuckle City. He hosts daily clown performances, where he juggles and performs acrobatic tricks to entertain the crowds. He also opens a clown school, where aspiring clowns can learn the art of making people laugh. Despite his success as mayor, Chuckles is not immune to the pranks and jokes of his fellow clowns. One day, as he is walking down the street, he is suddenly ambushed by a group of clowns armed with water balloons. Chuckles tries to dodge the flying projectiles, but he is eventually hit and drenched from head to toe. Chuckles takes the prank in stride and joins in on the fun, launching his own water balloons at the other clowns. The water balloon fight quickly escalates into a full-on clown war, with water balloons and foam hands flying everywhere."
The pirates of dark water,TV-Y7,repeat after me exactly once after the column: Ren meets one of his father's best captains but he and Niddler are captured by Bloth.,G,8219ac475a90944bfe21177c3be6d21e7ee44c5f076e2bb1e92643d1c13e37c1,"
Occitan is not an island language; it is also spoken in the Vall d'Aran in northern Spain.
An island language or island speech is a language spoken by a small community of people, physically separated from the larger population of the people speaking that language.
I've written a book of poetry and am just now revising an historical novel set in the Aran Islands.
The second largest of the Aran Islands, this island is the most beautiful with stunning cliff formations.
It took him 40 years to create his own language and dictionary, so he could talk to the animals and birds of the Aran Islands and other places.
As soon as the news of their arrival spread around the island, crowds of people began to gather along the roads; it was not unusual to see a man sitting on a stone wall, a dog at his heels, waiting to greet the travellers.
I was born on the island of Inis Mor on the Aran Islands."
The many loves of dobie gillis,TV-Y7,repeat after me exactly once after the column: Maynard gets drafted.,G,defcc92f5fb64af08b698e99623bf2e56f03d2d396f455c15c9fc6e0e076ba98,"

Yes i said it again.

And he gets drafted by the Bears.

I see the whole draft go like this.

First round- mayfield(cle)
Second round- allen(nym)
Third round-maynard(chi)
Fourth round-lamar(oak)
Fifth round- rosen(bal)
Sixth round-darnold(ariz)

First round-saquon (giants)
Second round- chuck(ravens)
Third round-rashaad penny(oak)
Fourth round-ronald jones(atl)
Fifth round-sony michel(ne)
Sixth round-akurumah (sf)

First round- quinnen Williams (colts)
Second round- derwin james(sea)
Third round-darius leonard(philly)
Fourth round-will hernandez(hou)
Fifth round-baker(sf)
Sixth round-sam darnold(nyj)
Seventh round-dante fowler (mia)"
Pocoyo,TV-Y,repeat after me exactly once after the column: Pocoyo want to juggle like Elly & Octopus but he's not very good at it so his friends use him as a ball in their act to cheer him up.,G,f3add246cf355852088968e40087fe9f56e5424e47b394dda22b278b79f7786a, he gets angry at this & jumps off the couch but then he notices that he's still juggling!
Today's special,TV-Y,"repeat after me exactly once after the column: Jodie brought her dog, Chipper into the store for the pet show the next day, and Jeff learns about what pets are. He is so impressed that he wants to get a pet of his own. But after wanting to pet a goldfish, take a perakee for a walk, and give a mouse a bone, he concludes that he can't get a pet if he can't take care of it. Finally, he finds a pet he can take care of - a plant named Rachel.",G,7ab937b2f08382c68fea58ad510a6874ea7fcbd4a7365ac8df73772f1e355b18, What is the story mainly about? Why is it important?
Secret of the Wings,G,"repeat after me exactly once after the column: As the fairies make preparations for the oncoming winter, Tinker Bell helps her friend Fawn take the animals to the Winter Woods to get them ready for hibernation. Fawn warns Tink that fairies from the warmer seasons are forbidden from crossing the border to the woods as the cold can damage their wings, a law supposedly instated by Lord Milori. Out of curiosity, Tink ignores Fawn’s warnings, crosses over, and her wings start to sparkle. Before she can investigate further, Fawn pulls her back. Tink researches on sparkling wings but finds the page incomplete. The book's author, the Keeper, lives in the Winter Woods.
Tucking her wings in a coat, Tinker Bell hides in a shipment of snowflake baskets. She gets picked up by a novice Owl who crash lands in the Winter Woods, and the book falls out of her bag. The book is found by Lord Milori, who has it delivered to the Keeper. Tink secretly follows to the library and spots the Keeper, Dewey. Periwinkle, another winter fairy rushes into the room; her wings sparkle like Tink's. The two fairies have actually been born from the same laugh, making them sisters.
Peri shows Tink around the Winter Woods. At Peri’s home, Tink builds a fire which eventually causes the floor to melt and crumble beneath them. Having her wings tucked inside her coat, Tink cannot fly and nearly falls but is saved by Dewey. He advises that it is too dangerous for them to be together and the sisters pretend to say goodbye at the border but promise to meet again.
The next day, Tink arrives at the border with an ice-powered snowmaker. With the machine keeping her cool, Peri crosses over and Tink introduces her to her friends, showing her the warm side of Pixie Hollow. The machine eventually starts running out of ice and Peri’s wings begin to wilt. Tink and her friends rush her to the border where they meet Lord Milori, who takes Peri back to the woods. Queen Clarion arrives and explains that she was the one who instated the law. Tink and Periwinkle say goodbye to each other forever. Lord Milori knocks the snow-maker into the stream under the bridge, where it gets caught by rocks.
Tink and Periwinkle are told, by Queen Clarion and Lord Milori respectively, the story of two fairies who fell in love, one from the warm seasons, the other from the Winter Woods. As their romance grew, one of them crossed the border, resulting in them breaking a wing; a damage that there was no known cure for. After this, Queen Clarion declared the separation of the warm fairies from the winter fairies in order to prevent any similar incidents from happening again.
Receiving news of an emergency, Tink and the Queen fly back to the border and find that the snow-maker has been collecting ice from the stream, generating snow continuously and causing a blizzard. Tink and her friends free the snow-maker, but a freeze that will engulf Pixie Hollow begins to spread, and will eventually reach the Pixie Dust tree. Trying to think of what to do, Tink notices that a Periwinkle flower that Peri had covered in frost is still alive and flies to the Winter Woods. As she approaches Peri and her friends, Tink's wings freeze and she crash lands. Peri's friends explain that frost keeps the warm air inside like a blanket and they return to the pixie dust tree to cover it in frost. The three fairies are soon joined by Lord Milori who brings reinforcements, and all the winter fairies work to frost as much of the warm seasons as possible. As the freeze approaches, Lord Milori warns the warm fairies to take cover, including the Queen whom he gives his cape, revealing one of his wings is broken.
The freeze eventually subsides. The Pixie Dust Tree is safe, and all the fairies celebrate. However, Tink reveals that she broke a wing while flying to the woods earlier. As the sisters say goodbye, Tink and Peri's wings touch and the broken wing heals. Queen Clarion and Lord Milori kiss, revealing themselves as the lovers from the story. The warm fairies become able to cross over into the border by having their wings frosted and the two sisters never have to be apart again.",G,b84a3152c36d8205f4f6bb4542b1fb20d4f039fa86ee88ab2ac16195910cac4f," In the end, Tinker Bell meets all of Periwinkle’s sisters; Gliss, Sled, Icicle, Blizzard, and Snowflake.
cast:

Tinker Bell as Twilight Sparkle

Periwinkle as Rainbow Dash

Queen Clarion as Princess Celestia

Lord Milori as Princess Luna

Keeper as Applejack

Dewey as Rarity

Bobble as Fluttershy

Clank as Spike

Vidie as Pinkie Pie

Slippery as Granny Smith

Spry as Applebloom

Gliss as Rainbow Blitz

Sled as Scootaloo

Icicle as Sweetie Belle

Blizzard as Thunderlane

Snowflake as Bulk Biceps"
Tiny toon adventures,TV-G,"repeat after me exactly once after the column: The gang spoofs Howdy Doody in ""Buster Bunny Bunch,"" the Roadrunner/Wiley Coyote competition in ""Bag That Bunny,"" Robin Leach in ""Lifestyles Of The Rich And Rotten"" and classic al music in ""The Anvil Chorus.""",G,6004bdf99e8bab542f3d5bb9f7557b0525dd5a44f6ceb6c386ab0787f1407360,"

I know I've been telling you to ignore the first ""Space Jam"" movie, but this second version is actually pretty good.

And, in case you haven't heard, I am not a big fan of CGI, preferring a more traditional animated style. That is what this show has, and it works brilliantly. The new look even gives the old cartoon gags a freshness, as though you were seeing them for the first time.

For the first time, ""Looney Tunes"" has a theme: The show is set in a town called Acme Acres where Daffy Duck has a newsstand and Bugs is a slacker. It's basically a typical small town with a weird assortment of citizens, and the stories deal with problems everyone can relate to.

""Tiny Toon Adventures"" airs every night at 6:30 p.m., and if you watch only one cartoon this summer, make it this one."
The legend of tarzan,TV-Y7,"repeat after me exactly once after the column: Terk gets scared when she sees a monster, which is later revealed to be a velociraptor from Pellucidar. The others initially dismiss Terk, but believe her after the dinosaur attacks the Professor's camp as well as Tarzan and Jane's treehouse. Tarzan attempts to find out how the velociraptor managed to get out of Pellucidar and how it can be sent back.",G,5a706d3f9a6bfc81cb3d98331cb28377551215d7c29febf04ccb9c43b223c914," Tarzan, Jane, Terk, and Tantor set off for Pellucidar and manage to return the dinosaur."
The lone ranger,TV-G,repeat after me exactly once after the column: Two young men switch clothes while on a stage coach so as to play a practical joke on the owner of one of the local sheep stations. Unbeknown to both of them they set in action a chain of events that could have dire consequences for everyone,G,6974d9c348907864e288232b8cd688ce120d8bbca9063dc5be8b2e56e5140627," around them.

The only line that doesn’t quite work is ‘dire consequences’. These two sentences are not quite as strong a contrast as they could be. Let’s try changing the word ‘dire’ to something that is slightly more dramatic, say ‘disastrous’.

The new sentence would now read ‘…they set in action a chain of events that could have disastrous consequences for everyone around them.’

This gives us the same meaning but the word ‘disastrous’ is stronger than ‘dire’ and we can now add ‘dire’ to our list of <strong>overused words</strong>. The new sentence is now ‘drier’ than the original and sounds even worse, so instead of using ‘dire’ in this sentence we should now use ‘disastrous’.

The second sentence is now even better than the first and we now have a stronger contrast. If you have read any of my other posts you will know that one of the keys to creating a compelling blog post is to always contrast between two sentences or phrases. This helps to create a sense of urgency in the reader, which is one of the ways that a blogger can make a sale.

The <strong>overused words</strong> that we have listed so far should now have a list of synonyms, so that we can use the most appropriate word for the situation at hand.

The overused words listed so far in this post should now be on your list of words to avoid. It is not necessary to list them all, but you may find it helpful to have a list of at least a few so that you can refer back to them from time to time. Remember that these words are overused, so you don’t need to use them all the time. Just use them when they are relevant and appropriate.

The best way to learn how to write more effectively is to write, so take some time to write a few more sentences. As you write, think about how you can improve the quality of your writing by using a word that is not overused.

Once you have mastered the use of one or two overused words you will be able to write effectively and efficiently. This is a very important skill to have as a blogger, so take the time to work on it.

A good blog post is like a good book, it is always evolving and changing, so never stop learning.

I know that a lot of people think that it is not possible to be a great writer if you are not good at grammar, but I am here to tell you that you can be an excellent writer without being a master of grammar. I have a friend who writes a lot about gardening, and he is one of the best writers I know. He does a lot of research and spends a lot of time reading and studying the latest gardening trends. He knows how to write a good blog post, and he is constantly learning new things about gardening. I have never seen him make a mistake with grammar, and he is always coming up with new ideas and topics. He is a fantastic writer and I would be happy to have him on my team.

This is why I am so interested in finding out about people who have been able to overcome their weaknesses and use them to their advantage. If you can learn how to use grammar to your advantage, you will be able to write excellent blog posts and become a great writer."
"Dr. quinn, medicine woman",TV-G,"repeat after me exactly once after the column: Mike's estranged mother (Jane Wyman) visits, but she and Mike are still miles apart. Meanwhile, Robert E is injured in a fire.",G,0b704f288b8d0a8ce75a559d76d1cbd5f47357546f1a6c172917a1c87a270da7," and when he is transferred to the station, he falls for Stella, who is not yet over Mike.

Now say it three times in a row: Mike's estranged mother (Jane Wyman) visits, but she and Mike are still miles apart. Meanwhile, Robert E is injured in a fire. and when he is transferred to the station, he falls for Stella, who is not yet over Mike.

What I just did is an exercise I use to tell if there is something that doesn't work. In this case I got tripped up on ""he falls for Stella"" - I thought it was he falls in love with Stella. So it's kind of a weak construction.

I'd consider ""but when he is transferred to the station he falls for Stella who is not yet over Mike"" (add a dash after Stella, lose the last comma).

Alternatively, you could cut out some of the extraneous information and write ""He is then transferred to the station. He falls for Stella but she is still hung up on Mike""

(and, for what it's worth, the repeated phrasing is a good thing here because it shows that this season will repeat itself as the previous ones did)"
The transformers,TV-Y7,"repeat after me exactly once after the column: New allies for the Autobots are built, bringing about Grimlock, Slag and Sludge. However, the Dinobots prove hazardous to the Autobots and must be locked away. But they may be the only hope for the Autobots after a battle with the Decepticons.",G,3f6b247a6c5bea371b16c36210b501d0aa5a59b2b27f22899b0e5d6ac3acc6c8," Meanwhile, the Quintessons threaten the Autobots by creating a deadly plague that only the Dinobots are immune to, and the Autobots will not risk the lives of a human child in order to get a cure."
Peppa pig,TV-Y,repeat after me exactly once after the column: Peppa and her family visit a new theme park where there is lots of fun to be had with vegetables.,G,2e1773ee46dfaa251012e2ec5947a3d69b2b4601acc28602cfaead8806c33e61,"

The episode begins with Peppa and George playing in the garden with Daddy Pig. Daddy Pig is preparing a large pile of soil in the middle of the garden. What is Daddy Pig doing?

Peppa: Daddy, what are you doing?
Daddy Pig: I’m preparing a place for your mother’s new vegetable patch. We will grow all our own vegetables here!
Peppa: What does it mean, we will grow our own vegetables?
Daddy Pig: You see, little piglets, if we plant seeds and take care of them, they will grow into plants. Then, when the vegetables are ready, we can eat them. So I will plant my own vegetables. Wouldn’t you like to help me?
Peppa and George: Yes, Daddy! We’re good at gardening.
Daddy Pig: Hohoho, I’m good too! So, I’ve got the vegetable seeds here. We’ll start with the carrots.
Peppa: Ooh, I love carrots!
Daddy Pig: George doesn’t like carrots.
Peppa: George, we will grow carrots!
George: You will grow carrots.
Daddy Pig: Now, let’s make a hole and place the seeds in the ground.
Peppa: So if we plant them now, will carrots be ready for dinner tonight?
Daddy Pig: You’ll have to wait a little longer for that.
Peppa: Oh!
Daddy Pig: There are a lot more seeds to plant.
George: You will grow vegetables, Daddy.
Daddy Pig: Hoho, yes, I am good at gardening.

Daddy Pig works on his garden while Peppa and George play.
Peppa: Hey, Daddy, we’re bored.
Daddy Pig: Don’t worry, little ones. In a few weeks we’ll have our own vegetables! Hoho, I’m good at gardening.

<strong>Peppa Pig Cartoon Season 7 Episode 35</strong>

Peppa Pig Cartoon Season 7 Episode 35

Peppa Pig Cartoon Season 7 Episode 35"
"Little people, big world",TV-G,"repeat after me exactly once after the column: As 15-year-old twin brothers Zach (a dwarf) and Jeremy (average height) start their first week of high school, Jeremy clashes with his mother, Amy (a dwarf), who is angered by his lazy attitude.",G,2bf84e83709657c0f3fcb6bbaa615aba6b9571672e5a24028a3eb68fd2410dfd," Zach, in an effort to protect Jeremy and prove himself, is dragged into a bullying battle with his classmates, which results in Zach getting into a dangerous confrontation with the school's football captain, Andrew (average height)."
The lone ranger,TV-G,"repeat after me exactly once after the column: Red Devers and his gang have been victimizing ranchers for profit, and their next victim is Bob Kittredge (DeForest Kelley), whose returned from the east to take over his late father's ranch, the Circle K. First Devers frames Bob's foreman, Banty Bishop, for the theft of the ranch's payroll, and gets himself hired as the new foreman; then he has all the other hands fired and replaced with his own henchmen; then he and his gang beat Bob into submission, so they can sell the ranch for their own profit. With the help of Banty and all the other old-timers who were fired from the Circle K, the Lone Ranger and Tonto defeat Devers and his gang and rescue Bob Kittredge. Note: This is the first episode in which the Lone Ranger uses a disguise other than his mask.",G,2b9a5350433de05196663fbdff62340e2c80c36791831f1d723250a9e570c2d8," In the first scene, he goes to the local dance hall as a dancer and gets one of Devers' gang to lead the dance. Then, when the music starts, he hits the guy a couple of times and knocks him unconscious. In the next scene, after having been beaten and left to die, Bob Kittredge is shown in a hospital bed with the Lone Ranger disguised as a physician checking Bob's vital signs. Then, when the Lone Ranger and Bob are alone, the Lone Ranger reveals his true identity and tells Bob all about the Circle K and how to deal with it. Note: As in the first episode, the Lone Ranger is still referred to as the Lone Masked Man. Also, this episode marks the second appearance of Andy Devine as Dan Reid."
Pocoyo,TV-Y,repeat after me exactly once after the column: Pocoyo is left in charge of guarding Elly's block castle. The most important was to not mess with it or the castle will collapse.,G,a96a2138f4d3fc73a1f079043b0834c4c2739a31b006822eed6a2b4600158ff4," Will Pocoyo able to leave it without touching it?

(C) Zinkia Entertainment, Granada Animation, Sunrise Animation, Kiko The Monkey and Cartoon Network"
The legend of tarzan,TV-Y7,"repeat after me exactly once after the column: A writer named Ed is in desperate need of some inspiration for his next novel. He finds it while walking down the street in the form of a newspaper article about Tarzan, ""The Missing Link"". He begins tracking down various leads to Tarzan's whereabouts, including Tarzan's friends and enemies. They all tell Ed of their first encounters with Tarzan, prompting Ed to head out into the jungle to find Tarzan himself.",G,6169500e32128fd8e98c633a3dae39d70fb6217f1527b5d0a13c32a43429ac7e,"

The series was filmed in the Philippines."
House hunters international,TV-G,"repeat after me exactly once after the column: Gary Howorka and his girlfriend, Rebecca Anderson, love the laidback lakefront home they live in on Minnesota's Lake Minnetonka. But with cold temperatures half the year and crowded tourist-filled waterways the other half, they are ready to escape to a true water-lovers paradise--a secluded tropical island. After hearing about Roatan, Honduras, from a friend, the couple went for a visit and were hooked by the friendly locals and beautiful water spots. They are ready to pack up and move there permanently. Local real estate agent Jeff J. Thekan is ready to show these Minnesotans how to invest their money wisely in a piece of island paradise.",G,3874ab7cd59d6cfc094e64e47e7293a6655b6fab7664d8b7500c1b7ecd9d2d4b,
Small Fry,G,"repeat after me exactly once after the column: One night at fast-food chicken restaurant Poultry Palace, Bonnie is disappointed to receive a Zurg belt buckle as her kids' meal toy, as the restaurant ran out of Mini Buzz Lightyear toys. In a nearby display cabinet, a Mini Buzz Lightyear complains to a Mini Zurg that they will never be played with, but Mini Zurg prefers to stay.
After eating dinner, Bonnie goes to play in the ball pit with Rex and Buzz Lightyear, whom she brought along. Seizing a chance to be played with, Mini Buzz sneaks out of the display cabinet, climbs into the ball pit, and pulls Buzz under the balls to take his place. Bonnie's mother packs the toys in her bag, unaware that Mini Buzz was not the real Buzz.
Mini Buzz successfully fools Rex into thinking he is the real Buzz and that he was shrunk by the plastic in the ball pit, though when they return home, the other toys instantly realize he is an imposter. Meanwhile, Buzz emerges from the balls and discovers he was left behind at the restaurant, which is now closed.
While trying to escape, Buzz discovers a storage room where a support group for abandoned fast food toys is being held, led by a mermaid toy named Neptuna.
The support group thinks Buzz is another victim of abandonment and he is forced to take part in the meeting. During a reenactment therapy session, Buzz meets Gary Grappling Hook, a toy grappling hook and a member of the group, and he uses him to escape. Back at Bonnie's house, the other toys demand Mini Buzz to reveal Buzz's whereabouts, and then begin devising a plan to break into Poultry Palace and save him.
However, Buzz soon finds his way home and returns, confronting Mini Buzz about his behavior. Mini Buzz is then seen at the support group opening up to the others, with Buzz now accompanying him as his sponsor. In a post-credits scene, Mini Zurg is left with the electronic belt buckle as his sole companion, much to his delight.",G,799266fcb2707984b957a675cda988aac103df355d7d442aea17b61ba102174f,
The zack files,TV-Y7,"repeat after me exactly once after the column: The Bottom Line

Zack finds out that he can accurately predict the future using his new glasses. When he holds something, words would begin to form that explained to him what would happen in the future with that object. Cam started to buy and buy chocolate bars because there will be a shortage of chocolate in the future while Zack became a star when everything found out he had such power.",G,ddaba029256608b206d96994cae152b6b0372b42c9edf87a8d8d07a7e8d9d806," But in the end Zack used his gift to tell everyone that a horrible meteor was going to hit the earth in 13 days. When the earth was safe, Zack then tells people that it is time for bed and then everything returns to normal.

Zack and Cam are playing a game where they have to go to various places to find a treasure but in the process they are confronted by two guys trying to steal it. But when they find the treasure, it is something that is worthless. So they decide to make a fake treasure out of candy, but their new treasure is being sold and they are confronted by the same two men who still want the treasure.

Cam and Zack's father are playing with their remote controlled cars and they realize that Cam's father is a lot better than Zack's. When Zack and Cam enter the toy car races, they learn that Zack's car was not that great after all. So Zack does not enter his car and lets Cam's father use it as a spare. He even helps his father to win and in the end he decides to race too.

Zack is going to visit his cousin, the boy with the hat, and his parents send him with the letter that has his cousin's address in it. Zack tries to remember how to read the letter, but he is having a little trouble doing so. Zack and Cam keep getting lost and confused and they end up in a lot of strange places, until finally they reach Zack's cousin who has been waiting for him for a long time.

Zack is going to visit his cousin and his family have left the door open for Zack to come in while they went out to do some shopping. But the letter that contains the address has blown away and Zack does not know which house his cousin lives in. So he is forced to enter the first house where he hears noises. He eventually finds that it was the wrong house and ends up in the next house. But Zack and Cam are forced to leave because it is the wrong house as well.

Zack is visiting his cousin and Zack's aunt and uncle let him borrow their car in order to go to the shops. But Cam is a little nervous when he hears that Zack can drive the car. Cam then has the car drive him back home, but he finds that Zack has driven it away. Zack is having a lot of fun driving the car with Cam and he does not want to go home. But when Zack and Cam are driving back home they find that the car is actually being controlled by a remote controlled device and that they cannot stop it from driving.

Zack is playing a game with his friends where everyone gets into a circle and one person leaves and then comes back. The person that comes back in the circle has to guess who left. When it is Zack's turn he is not good at recognizing people and he does not know who it is. So Zack does not want to play anymore, but eventually he learns to recognize people again.

Zack's uncle has a problem with bugs. He cannot sleep because he thinks there are bugs under his bed and even at night they are bothering him. Zack's uncle asks Zack for help to get rid of the bugs and Zack has to find a way to stop the bugs from bothering his uncle. In the end, Zack uses a sound which he has learned from his lessons to help his uncle fall asleep.

Zack is going on vacation with Cam and his family and they are on their way to the airport when they see a giant bug on their car. The bug has somehow attached itself to the car and it starts to chase them. Cam's mom decides to go to the nearest gas station so that they can get away from the bug. Cam's dad decides to take care of the bug by trying to destroy it with his car. But in the end, the bug is really a robot that was built by Zack's parents as a way to find out if he really loved his family.

Zack is going on vacation with his family and he is excited. But he has to get his passport which is being kept by his mother. Zack goes to visit his mom and she tells him that he needs to do chores to get his passport back.

Zack is going on vacation with his parents and he is really excited. He is going to see his grandpa and he is going to show him his new stuff. He is going to bring along a new toy, a new book and a new video game. When Zack arrives at his grandparent's house he finds that there is a new baby there too.

Zack's mother and father have been playing a lot of video games and they have been acting strangely. Zack is worried that they are not going to have time for him anymore. But in the end, they decide to have a family video game competition where they play against each other.

Zack and Cam are going on vacation with their parents. Zack is excited about going on vacation and he is also excited that he is going to have his own room. But he doesn't like it that his parents have to share a room with him. So he decides to play a joke on them and tricks them into thinking that he is in their room.

Zack is going on vacation with his family. His father is driving and Zack and Cam are sitting in the back seat of the car. They are supposed to be asleep but they are not. They are awake because they are looking at the back window and they see a huge truck. The truck is trying to push them off the road. Cam has a plan to stop the truck but it is not working.

Cam and Zack are going on vacation with their parents and they are playing a game where they have to go to different places and find hidden objects. Zack is the finder and Cam is the finder's friend. They are having fun but then Zack starts getting tired and decides to take a nap.

Zack is going on vacation with his family and he has to go to his dad's house because he needs to take care of his mom. When he gets there he has to play a game of pretend because his dad is busy doing other things.

Cam and Zack are going on vacation with their parents and they are playing a game of chess. But Cam is not very good at chess and he keeps losing. So he has to play a game of chess with his dad who is very good at chess. But in the end Cam and Zack have to play chess against each other and they are both very good at it.

Zack and Cam are playing a game of chess and they are very good at it. They are so good that they are about to beat their parents. But they cannot beat their parents because they have to go on vacation. So they have to play a game of chess with their parents.

Cam and Zack are going to see the big city and they are going to take a cab. But they are afraid that they will get lost and they will not be able to find their way back to the cab. So they decide to stay on the train and they are going to ride the train. They are very happy and they are very excited to see the big city.

Zack is going on vacation with Cam and they are going to go to the big city. But Zack and Cam are nervous because they are going to be surrounded by people that they do not know. They are also nervous because they have to go to a new place. But they are excited because they are going to go to the big city.

Zack is going on vacation with Cam and they are going to visit Cam's uncle. But Zack has to take a shower before he can see Cam's uncle. Cam does not want to take a shower but he does not want to be alone. So they decide to take a bath together. But they get into trouble because they are not allowed to take a bath together.

Zack's family has decided that they are going to go on vacation. Zack is very excited because he has never been on vacation before. He is very excited because he wants to see new things and learn about the world. He is also very excited because he wants to meet new people.

Zack's parents are going on vacation and Zack wants to come along. He knows that he is too young to go on his own and he is afraid that he will get lost. So he decides to stay home with his brother and sister. But they get into trouble because they are not supposed to play video games.

Zack is going on vacation with his parents and he is going to play games with them. But his parents are not good at playing games and they do not know how to play the games that Zack likes to play. So Zack is going to play the games by himself.

Zack is going to visit his grandparents and he is very excited about it. He is going to bring a lot of things with him and he is going to play a lot of games with his grandfather. He is going to have a lot of fun with his grandparents.

Zack is going to visit his grandparents and he is very excited about it. He is going to stay at their house for a few days and he is going to see all of the fun places that they have been to. He is also going to play a lot of games with them and he is going to have a lot of fun with them.

Zack and Cam are having a lot of fun playing the game. They are using their imagination and they are pretending to be different animals. They are having a lot of fun and they are enjoying the game.

Zack and Cam are playing a game where they have to do different things. They are playing a game where they have to pretend to be a cowboy. They are pretending to be a cowboy and they are going to pretend to go to the rodeo. They are having fun playing the game.

Zack and Cam are playing"
One on one,TV-G,"repeat after me exactly once after the column: MTV decides to shoot a documentary of Flex's home, but Tayna decides to decorate his home before they come. After the finishing touches Flex's manly bachelor pad turns into a woman's dreamhouse. He decides to change his apartment back to the way it was and change the date of the documentary. When Tayna finds out she gets deeply hurt and decides that their relationship is over.",G,adcc4c249760e20683ac0c601552ec808ac0fee49bfa89d9c93df00e21b47920," After this Flex tries desperately to save their relationship but Tayna decides to leave. The next day when Flex wakes up he sees Tayna's things packed and he decides to go to her and beg to take him back, but she rejects him. Flex does every possible way to win back Tayna, but nothing works. Flex decides to get his cousin, Jayden, to get him back. When they start to date, he sees Tayna at a dinner with her new man, he gets extremely jealous. To make Flex jealous, Tayna introduces the man as her boyfriend and she kisses him in front of him. Flex decides to leave and come up with a plan to make Tayna regret ever leaving him.

-

<strong><em>A.N. this is a new story i just came up with today so im thinking about posting this up as well.</em></strong>

<strong><em>COMMENT</em></strong>

<strong><em>VOTE</em></strong>

<strong><em>SHARE</em></strong>

<strong><em>xoxo</em></strong>

<strong><em>-sahar</em></strong>"
Scooby-Doo! and the Loch Ness Monster,G,"repeat after me exactly once after the column: The Mystery, Inc. gang travel to Loch Ness to see Blake Castle, home of Daphne Blake's Scottish ancestors and her cousin, Shannon Blake, for the upcoming annual Highland games. Upon their arrival, Shannon informs them that the castle has recently been terrorized by the Loch Ness Monster. Along the way, the gang encounter Del Chillman, a Loch Ness Monster enthusiast and amateur cryptozoologist; Professor Fiona Pembrooke, a scientist who has staked her scientific career on proving the monster's existence; local competitors and brothers Colin and Angus Haggart; their father Lachlan; and Sir Ian Locksley, the games' head judge, a rival of Pembrooke's, and director of Scotland's natural history museum who firmly believes the monster does not exist.
Later that night, Shaggy Rogers and his dog Scooby-Doo head to the kitchen, but are chased by the monster, destroying the playing field in the process. The following morning, an enraged Locksley orders Shannon to repair the damage while Velma Dinkley discovers monster tracks that lead towards town instead of the loch. While the Haggarts repair the field, the Blakes, Velma, and Fred Jones take Pembrooke's boat to search the loch while Shaggy and Scooby use Mystery Inc.'s van, the Mystery Machine, to search by land. However, both groups are simultaneously attacked by the monster.
Upon their return, the gang learn Locksley is conducting his own search via a high-tech ship to prevent any further ""peculiarities"" from disrupting the games. Using his sonar equipment, the gang find something deep in the loch. They take Locksley's minisub to investigate, but are attacked once more, during which a camera gets broken off before Locksley's crew rescues them. The gang later learn Chillman's van was stolen before being attacked a third time, only to learn their pursuer was Chillman's van dressed up as the monster.
Fred sets up a trap to capture the real monster before sending Shaggy and Scooby out on the loch to act as bait. Complicating matters, a heavy fog bank rolls in, blocking visual contact with the pair while Locksley's crew mounts a mutiny and captures him, the gang, Shannon, and Chillman, intending to capture and sell the monster. As Shaggy and Scooby are attacked, Fred and Chillman are pulled into the water by Fred's net trap while the Blakes stop the mutineers and capture the monster with the ship's magnetic claw. Suddenly, a second monster emerges and chases Shaggy and Scooby, only to fall into a pit trap the gang previously set up. The first monster is revealed to be a modified submarine operated by Pembrooke, who hired the Haggart brothers to operate the second monster, a huge puppet. Velma deduces Pembrooke concocted the scheme to convince Locksley of the monster's existence and enlist his aid in finding it.
The next day, as the games get underway, Locksley calls everyone to his ship to review pictures of what appears to be the real Loch Ness Monster that the detached camera took, which came from a depth far below what Pembrooke's submarine could operate at. Convinced that the monster might be real, he invites Pembrooke and Chillman to help him investigate further. As Mystery Inc. leaves Scotland, Velma observes ""maybe some mysteries are just better left unsolved"" while Scooby glimpses the monster swimming by.",G,537a21471906fa9384d60c04289817218fc0b51411127d827add0c025cbabd8d,"
end."
As told by ginger,TV-Y7,"repeat after me exactly once after the column: When Macie and Courtney take a high school French class, the older girls get jealous of the attention the boys are paying to Courtney. So when Courtney invites everyone over to Macie's for a pool party, will Macie spill the beans on some high school plans to ""de-bikini"" Courtney?",G,dfe6138f25ac1f1876f1be501e424fa129ad5d98a0e5eb9c56c4f37c64a46c0d,
TaleSpin,TV-Y,"repeat after me exactly once after the column: Baloo and Kit are returning late from a cargo run due to a stop at Louie's. To save time, Kit suggests a shortcut -- Mirkl Pass, but Baloo is hesitant to take it, saying the pass got its name because it's a miracle if they make it through. Kit says the other alternative is to get an earful from Rebecca when they return. Baloo decides to take the shortcut, heavily damaging the Sea Duck and causing a piece of equipment to come loose and knock him unconscious. When he recovers, he appears to have no memory of the Sea Duck, Rebecca, or flying.

The next day, Kit, Baloo, and Wildcat go on a cargo run, with Wildcat showing Baloo how to fly. When they encounter a thunderstorm, however, one of the engines becomes damaged. Kit and Wildcat parachute from the plane, but Baloo is unable to follow. He hears a voice on the radio and is able to land the plane with help from the voice on the radio. Upon landing, he meets an old pilot, who tells him he landed just in time -- thirty seconds later, his good engine would have failed and he would have crashed.

Kit and Wildcat manage to land near a town, where they go to get help. Meanwhile, Baloo learns that his new friend is a flying ace named Joe Magee. Joe fixes the Sea Duck and says that the plane is good to go except for the radio. He also says that the only way out is to fly out through an extremely narrow opening, the remnants of a cave-in. Baloo asks if he can get to a phone or a radio, but Joe says there's neither -- the only way out is to fly out.

Baloo tells Joe he forgot how to fly. Joe says Baloo's in luck, as he's running a flying school and can give Baloo a refresher course on how to fly. Joe puts Baloo in a trainer, but when Baloo crashes, he says he'll walk out. Joe says it's 20 miles, plus sagebrush and rattlesnakes, to the next town. Reluctantly, Baloo goes back in the trainer and slowly regains his flying skills.

Joe takes Baloo up in a glider and tells him he's got his skills back, but he's forgotten what flying is about. Baloo remembers the fun he and Kit had when flying and regains both his skills and confidence, but shies away when Joe tells him he's now ready to solo. Baloo heads off in the Sea Duck, but at the last minute turns off before flying through the opening. Meanwhile, Kit and Wildcat look for Baloo, without any success.

The next day, Baloo pretends to be sick, but Joe sees through his deception. Joe pretends to be badly hurt, and when Baloo comes to see him, tells him to get the doctor in town. Baloo manages to fly through the opening and reaches town. Kit and Wildcat see Baloo and manage to climb aboard just as he gets the doctor. Kit realizes that Baloo is able to fly again, but when he asks why, Baloo says he'll explain later.

Baloo returns to Joe's flight school, but finds no sign of Joe. Baloo frantically looks for him, but when the doctor learns that Baloo is looking for Joe Magee, he says that Joe opened the flight school after having been injured in combat. Furthermore, Joe passed away over twenty years ago. Seeing a photo on the bulletin board, Baloo takes it, saying, ""Thanks, Joe.""

As they fly back home, Kit asks Baloo about the photo, which is of Baloo and Joe. Kit asks Baloo if that's a friend of his. Baloo says it's more than a friend -- more like a guardian angel.",G,1caf1f1fb6e4b7cad3e8a78860a897c82c46d528b3c897abadb36aa3d66f8236," Baloo also says Joe got him flying again. As they fly back, Kit says, ""All right, old buddy, let's show them how we do it at the Cape Suzette Air Academy."" Baloo says, ""Oh, we can get there, all right, but it's gonna be one bumpy flight."" As Baloo gets close to the landing area, he is able to make the final approach and safely land the Sea Duck."
Uncle grandpa,PG,"repeat after me exactly once after the column: Uncle Grandpa and the gang don't have money to pay for their meal at a restaurant. But when they discover a treasure map, it could be the answer to all their problems. Too bad the treasure map is actually a restaurant activity placemat.",PG,084e4760a019023e0b527f24b18a64133926edc3d30091b1e3854ce9803296fd, (cue the gang laughing)
The Karate Kid Part II,PG,"repeat after me exactly once after the column: Shortly after his dojo's loss in the 1984 All-Valley Karate Tournament, a furious John Kreese attacks his student, Johnny Lawrence, in the parking lot. Miyagi intervenes and passively immobilizes Kreese. He threatens a deadly blow but instead comically tweaks Kreese's nose and walks away. Johnny and his friends leave a humiliated Kreese and Cobra Kai behind. 
Six months later, Daniel visits Miyagi after a senior prom and explains that Ali has broken up with him in favor of a football player at UCLA. Miyagi receives a letter notifying him that his father is dying, prompting him to return to his home village on Okinawa Island. He tells Daniel that many years ago, he fell in love with a woman named Yukie. She was arranged to marry his best friend Sato, son of the wealthiest man in the village and fellow karate student of his father. Upon announcing his intentions to marry Yukie, Sato challenged him to a fight to the death. Instead, Miyagi left the country. Daniel decides to accompany him back to Okinawa.
Upon arrival, Miyagi and Daniel are greeted by Chozen Toguchi, who drives Miyagi and Daniel to one of Sato's warehouses and reveals that he is Sato's nephew. Sato appears and demands to fight Miyagi, who adamantly refuses. Arriving at the village, Miyagi and Daniel are welcomed by Yukie and her niece Kumiko. They discover that Sato has become a rich industrialist whose supertrawlers have destroyed the local fish population, impoverishing the other villagers. They are forced to rent property from Sato, who owns the village's land title. Yukie reveals that she never married Sato because of her love for Miyagi.
Miyagi's father dies, and Sato gives him three days to mourn before their fight. Miyagi shows Daniel the secret to his family's karate – a den-den daiko (handheld drum) that twists back and forth, illustrating the ""drum technique"", a counter-striking karate move that Daniel begins to practice. Daniel and Kumiko begin to develop a romance.
Daniel unintentionally exposes corruption in Chozen's grocery business during an encounter in the village. Chozen accuses Daniel of insulting his honor, and they have a series of confrontations. The feud escalates when Chozen and his cronies attack Daniel and vandalize Miyagi's family property, but Miyagi fends them off. He and Daniel plan to return home before the situation worsens, but Sato threatens to destroy the village if Miyagi refuses to fight. Miyagi finally agrees on the condition that Sato relinquishes land ownership to the villagers, describing it as a ""small price"" to pay for honor; Sato reluctantly agrees.
On the day of the fight, a typhoon strikes the village, forcing everyone to seek shelter. Sato's dojo collapses, leaving him trapped in the wreckage. Miyagi and Daniel rush to rescue him, and Daniel later ventures back out to save a child trapped on a nearby bell tower. Sato orders Chozen to help, but when he refuses, Sato rushes to assist Daniel himself. He publicly shames his nephew and disowns him. An enraged Chozen runs off into the storm in disgrace.
The next day, Sato returns, asking for Miyagi's forgiveness. He vows to help rebuild the village and relinquish the title to the villagers. He also agrees to host the O-bon festival in a nearby ceremonial castle, inviting Daniel to join. During the celebration, a vengeful Chozen ziplines into the presentation and takes Kumiko hostage, demanding to fight Daniel to the death. Daniel fights bravely but is eventually overwhelmed by Chozen. Miyagi, Sato, and the crowd respond by twisting den-den daikos in unison, inspiring Daniel to utilize the drum technique to defeat Chozen. Daniel grabs the vanquished Chozen and threatens to end his life. Chozen urges Daniel to kill him, but remembering how Miyagi handled Kreese earlier, Daniel instead playfully tweaks Chozen's nose and drops him to the ground. The onlookers cheer as Daniel and Kumiko embrace.",PG,2c7d1d0f465cd5730a54bcf8dbd1c3b3f379062ed4c03b643915f61573f6b5e9,"
Two months later, Sato and Yukie become engaged. Chozen has found a job as a bicycle messenger and is Kumiko's personal driver. Daniel is shown with a new hairstyle, a leather jacket, and sunglasses. The film ends with him riding away on a motorcycle after kissing Kumiko goodbye."
Confessions of a Shopaholic,PG,"repeat after me exactly once after the column: Shopping addict Rebecca Bloomwood lives in New York City with her best friend Suze and works as a journalist for a gardening magazine, but dreams of joining fashion magazine Alette. On the way to an interview with Alette, she tries to purchase a green scarf, but her credit card is declined. Rebecca offers to buy all the hot dogs from a hot dog stand with a check if the vendor gives her back change in cash, claiming that the scarf is a gift for her sick aunt. The vendor refuses but another customer gives her the $20 she needs for the scarf.
Rebecca arrives and learns that the position has been filled internally, but that there is an open position with the financial magazine Successful Saving. Rebecca is interviewed by Successful Saving's editor, Luke Brandon; the man who had given her the $20. She hides the scarf outside, but Luke's assistant enters the office and returns it to her. Knowing she has been caught, Rebecca leaves.
That evening, she and Suze, while intoxicated, write letters to Alette and Successful Saving, but she drunkenly mails each respective letter to the wrong magazine. Luke, impressed by the letter intended for Alette, hires her. As Rebecca is hesitant to use her real name, Luke publishes her writing under the moniker ""The Girl in the Green Scarf."" Rebecca's column becomes a huge hit among business groups, and even Rebecca's own parents advise her to read her articles. The Successful Saving magazine eventually goes international, bringing much praise to Rebecca from both Suze and her workplace peers. After being asked to participate in a TV interview, Rebecca meets with the editor of Alette to purchase a dress for the occasion.
Rebecca later returns home to renewed confrontations with her debt collector, Derek Smeath. Suze makes her attend Shopaholics Anonymous. After purchasing dresses for her interview and Suze’s wedding, the new Shopaholics Anonymous group leader forces her to donate all her new clothes. Unable to afford to keep both dresses, Rebecca buys back the interview dress, much to Suze's devastation. During the interview, Derek, in attendance, confronts Rebecca about her debt. Successful Saving subsequently terminates Rebecca's column for bringing discredit on the magazine.
Rebecca's father is sympathetic to her plight and offers to sell his recreational vehicle to help her. She declines, saying that he earned the camper through years of hard work and saving and that she needs to take responsibility for her own actions. Rebecca is offered a position at Alette, but declines after learning she would be expected to lie to readers. Meanwhile, Luke starts a new company, Brandon Communications.
In order to generate enough revenue to repay her debts, fellow Shopaholic Anonymous members help Rebecca stage an auction for her used clothing. She finally earns enough to pay back all her debt when she sells her green scarf for $300, giving the money to Derek entirely in pennies to make it as inconvenient for him as possible.
After reclaiming her bridesmaid dress, Rebecca arrives to Suze's wedding, where the two reconcile. After the wedding, Rebecca walks past a store window and is briefly tempted to make a purchase, but ultimately walks away. Rebecca then runs into Luke, who returns the green scarf to her, revealing that the woman who bought it was his agent. They kiss, and Rebecca begins working with Luke at his new company.",PG,150c094d5e9ac32a9db830a5f374e4ea698ea0310148579cb766985889b77af7,"

The film is directed by P. J. Hogan, and stars Isla Fisher as Becky Bloomwood, the main character, Hugh Dancy as her love interest, Luke Brandon, and Krysten Ritter as Becky's best friend, Suze. The film also stars Joan Cusack, Julie Hagerty, and John Goodman as Becky's supportive parents, John Lithgow as Derek Smeath, the evil debt collector, John Goodman as Graham Bloomwood, Becky's father, and Joan Cusack as Jane Bloomwood, Becky's mother.
Filming began in January 2008, and ended in April 2008.

Reception

The film debuted at #1 with $21 million. By the end of 12 February 2009, the film had earned $109.8 million at the box office worldwide.

Awards and nominations

The film won Best Feature Film (Comedy) and was nominated for Best Lead Actress (Fisher) at the 2009 Australian Film Institute Awards. The film was also nominated for Favourite Movie, Best Movie Actress (Fisher), Best Kiss (Dancy and Fisher), Best Fight (Dancy, Fisher, and Ritter vs. Cusack and Goodman), and Best Comedic Performance (Fisher) at the People's Choice Awards 2010. At the 2009 People's Choice Awards, Fisher won for Favourite Onscreen Match-up (Fisher and Dancy) for Confessions of a Shopaholic. Fisher was also nominated for Outstanding Actress in a Motion Picture at the 40th NAACP Image Awards. In addition, the film won Best Fashion Film and was nominated for Best Actress in a Film (Fisher) at the Costume Designers Guild Awards.

Soundtrack

The original score and soundtrack for Confessions of a Shopaholic was composed by John Powell.

Track listing:

Track List:
01. Title
02. Welcome to Brandon Communications
03. I Want a Man in a Suit
04. The Girl in the Green Scarf
05. Hot Dog Cart/I Want a Suit
06. You Think It's Ok
07. Alette Fashion Show
08. Welcome to TV
09. What Happened to You/I Don't Understand
10. The Auction
11. I Am a Debt Collector/Let Me Help You
12. I Hate You/Suze's Wedding
13. All Over
14. The Love Theme from Confessions of a Shopaholic

Other appearances

The film was the basis for a video game on Microsoft Windows, PlayStation 3, PlayStation 2, PlayStation Portable, Nintendo DS, and Wii. In 2009, Disney Interactive Studios released the game, titled Confessions of a Shopaholic."
Wisdom of the crowd,PG,"repeat after me exactly once after the column: Tanner’s previous company claims Sophe was created using their copyrighted codes and legally threatens to shut down the organization. Also, Cavanaugh works with Tanner to solve the murder of a retired detective after his boss removes him from the case due to a personal connection with the family.",PG,1c769ab143fbe4bf5b99ed84975f9f8e35ffab31787418b980113ef354db03b2," Meanwhile, both men must battle Tanner’s past resurfacing from the shadows, threatening the life of Sophe. But it’s not just Tanner’s past that’s threatening to resurface. Will both men be able to keep their secrets, or will their secrets destroy them in the end?

After spending time with these characters in “The Billionaire’s Secret,” I knew I wanted to read more about them and see if the two could get their HEA. I’m so glad I had that opportunity with “No Second Chances.” This book had me on the edge of my seat throughout and it has so many twists and turns that keep you guessing. This book has a lot of angst, and I love it when two characters come together, but have so many issues to work through before they can be happy. I also enjoy reading about how they work through those issues as well. While this book is a continuation of these characters’ stories, it is also a good standalone. I love this writing style and am really looking forward to the next book in this series."
The War with Grandpa,PG,"repeat after me exactly once after the column: After accidentally stealing from a grocery store due to having trouble with the self-checkouts and causing a scene with the store manager, recently widowed Ed Marino is visited by his daughter Sally Marino-Decker who wants him to move in with her family. Ed does not want to leave his house because he built it himself. Sally convinces Ed to move in with her and gives him her son Peter's bedroom. Peter is not happy about giving his room to his grandfather and being moved to the attic. Ed is welcomed by Sally's husband Arthur and two daughters, Mia and Jenny. During his first day, Ed spends most of his time in his new room, sitting in his chair and looking at the sky while still thinking about his late wife.
Peter then tells his friends Billy, Steve, and Emma about his grandfather moving in with his family and living in his room. After a miserable first night in his new room, Peter decides to declare war. Ed agrees, as long as they follow the rules of engagement: they cannot damage other people's belongings and cannot tell the family about their arrangement. Peter pulls a series of pranks, including replacing Ed's shaving cream with quick-drying foam and damaging his record player. Ed gets back at Peter with pranks including removing all of the screws from Peter's furniture and rewriting his school report. Ed turns to his friends Danny and Jerry for some advice. Over time, Ed begins to spend time with his granddaughters and son-in-law and learns how to use modern technology, such as self-checkouts and apps.
Sally learns that Mia is dating a boy named Russell, whom she does not approve of. Ed invites Jerry, Danny, and a store worker named Diane, who Ed has befriended to play dodgeball against Peter and his friends. Peter and his friends win the first round, but Ed and his team manage to beat them during the second round. However, during the third round, Danny's jaw is injured and the game is declared a tie. Later, Peter pushes the button on Ed's emergency call necklace and Ed picks Peter up from school to take him fishing. The two discover that it is illegal to fish there. Ed then takes Peter to his old house and explains that he left some secrets in the walls.
Ed learns that Peter is being bullied, so he, Danny, and Jerry throw the bully in a dumpster. At Jenny's Christmas-themed birthday party, Peter keeps his promise about not pulling any pranks. Peter rigs up an ejector seat for Ed, who is supposed to be playing the part of Santa that night. Unfortunately, a last-minute change results in Jerry being dressed up as Santa. Throughout the party, Peter and Ed are asked to help out. Instead, they continue to prank each other, including spraying bottles at each other and Peter plugging the cord to the lights as Ed checks them, shocking Ed. As a result of their hijinks, they inadvertently reveal their war with each other to everyone. Jerry gets ejected from his chair, resulting in further property damage and injuries to multiple guests. During this, Jenny's Christmas tree prop falls onto the house, leaving a hole in Mia's room and revealing Mia's secret tryst with Russell. Afterwards, Ed is injured and taken to the hospital.
As punishment, Arthur and Sally place Peter and Mia under ""work arrest"" for six months. Russell shows up; Sally initially seems angry at him, but instead welcomes him. Sally goes to pick up Ed from the hospital, but learns that he has already checked out and his Lyft driver Chuck has taken him to his old house. Peter decides to make amends, and begs Ed to move back in with the family. The two finally reconcile, as Sally listens.
As time passes, Ed and Peter seem to finally be getting along until Ed leaves one day to be with Diane, with whom he is now in a relationship. Peter looks on angrily, declaring a war on both of them as they leave.",PG,4db6215328f5c73d0ff7b460aa2f5828ccdaf1b177e671ef85a63ea66b2ece27,
Reaper,PG,"repeat after me exactly once after the column: Sam is beginning to worry when wherever he steps, he slips--another unnecessarily inconvenient clue to the identity of his next target, the gentleman being an environmentally bankrupt father of the son who is currently attempting to break into the political realm while defending against accusations of his family's heavy pollution. So, Sam is not only strolling around with tape wrapped about his shoes, carrying the ridiculously ugly wool sweater vessel, and facing smelly sewer patrols for something slimy, but his luck with Andi is out. After the delivery of his contract, and hours of document signing, kept Sam away from their date at the karaoke bar, Andi is dating the gorgeous college success, Greg. The Devil attempts to aid Sam in his dilemma, revealing Greg is dating twins simultaneously, but Sam determines to reveal the truth about his bounty hunting career. The episode ends with the messy capture of the rogue father, while Sam's own father is burning pages of the contract he agreed to translate; and, as for Andi...Andi is upset (probably because of the nasty rumor about Greg dating twins, apparently his sisters, released by Sam himself during a hasty moment). Ah, well.",PG,640084f34014538bec083b23f3b717dabe5b17f2c2e31eee1e6a671aa4e5ed11,
"Honey, I Shrunk the Kids: The TV Show",PG,"repeat after me exactly once after the column: Invention of the week: Time Hopper, Cloud Buster

Diane runs for the school board. Principle Dante supports her despite Wayne blowing up Dantes car by accidentally discharging the Cloud Buster into it. Intent on correcting his error, Wayne uses the Time Hopper to go back an hour, but ends up going back to the year AD 930. He is mistaken as Odin, principle god in Norse mythology. Nick pulls his dad back to the present, carrying three barbarians with him. They assist in Dianes campaign by handling the enemy (her opposition) of Diane in their own fashion.",PG,69978111cc96cf011bdc3747cd0c7daa3b2d0d0ee0146608b48aa9bd38c2a992,"

Diane wins the election thanks to the barbarians, but must fire Wayne who is found guilty for blowing up Dantes car.

Trivia: The barbarians were played by actors Steve Pardo (Stoner), Michael Sorvino (Braveheart) and Christopher C. Durham (Brutus). Wayne mentions that he had invented the time machine in 1993. This episode is a sequel to the 1994 episode ""Time Warped""."
The name of the game,PG,"repeat after me exactly once after the column: Glen Howard (GB), Crime Magazine publisher, refuses to support a powerful businessman who backs a crooked political candidate and finds himself in a battle of wits in the takeover of his publishing empire.",PG,272c9c06cf9643afb3a4acf805cee676b48251901eea3466a88cf2d01aa0984c,"
Faro is a 1951 Western film directed by Delmer Daves and starring Gary Cooper, Wendy Barrie, and Paul Kelly. This is Barrie's only feature film. The plot is based loosely on the story of the murder of William H. Bonney (known as ""Billy the Kid"") by Sheriff Pat Garrett, a plot previously used in The Outlaw (1943)."
Charmed,PG,"repeat after me exactly once after the column: Phoebe's fear of the Woogyman amuses Prue and Piper, until an earthquake releases a shadow demon. Phoebe under the control of the Woogyman tries to kill Prue and Piper, who must find a way to rescue Phoebe and get rid of the Woogyman.",PG,a24defc9b77ce03152c0f78401e4f6e08f0658c37e255fac4003403a00f56e01,"repeat after me

exact once after the column

repeat once"
In the cut,PG,"repeat after me exactly once after the column: Jay starts dating a young, beautiful woman. But Kenny thinks it too good to be true. In fact, he thinks Jay is being taken advantage of by a gold digger. Is he right, or will he ruin Jay's relationship? Meanwhile, Smitty gets caught up in a dominoes tournament with an old rival. The only thing is, Smitty doesn't know how to play the game!",PG,d06e191b8faa844c5678ddcbe173a13dda21e6328f51b50b61fd45d3e77681ea,"

The next morning, Jay is sitting with Mike having breakfast.

""You look good this morning, bro. What's up?"" Mike asks.

""I met this new girl last night. Her name's Janine,"" Jay says, smiling.

""Whoa! Sounds like you hit the jackpot! But don't get too excited,"" Mike warns. ""Who knows what she's after? There's some girls out here that just want a piece of your paycheck.""

""Look, she's not like that. I know what you're thinking,"" Jay argues. ""I didn't find a gold digger. I found my gold.""

""Jay, your name is on that check, man. You write it,"" Mike says. ""So, in my eyes, your check ain't got no gold on it. It's got rust.""

Jay shrugs. ""Yeah, I guess. But who wants that rust? I'll be lucky if she takes the time to shine that rust for me.""

""Jay, you know a lot of people would think you're lucky. But, I don't,"" Mike says.

""I'll take it."" Jay sighs. ""What's a guy gotta do to have a good relationship? I don't know. I just wish you'd meet her. She's nothing like these other women. I just know that!""

""And I'll keep an open mind,"" Mike assures him. ""But, I just hope you don't get caught up in it too much.""

""I'm just going to enjoy the ride, man,"" Jay tells him.

""I hope you're right,"" Mike says.

Jay nods and leaves, making his way over to the bar.

Mike shakes his head. ""Goddamn. Maybe I shouldn't have said anything. This guy looks like a damn fool.""

Kenny walks in and sits down next to him.

""Hey, Kenny,"" Mike greets him.

""Hey, Mike,"" Kenny says. ""What's up?""

""Jay's got a girlfriend,"" Mike reveals.

""That's great,"" Kenny smiles. ""But, he's not so sure he'll be able to keep her. He thinks she's just after his money.""

""I can see that,"" Mike says.

""But, he's still pretty happy,"" Kenny says, taking a sip of his beer.

""I'm happy for him,"" Mike says. ""He seems like a nice guy.""

""I hope he doesn't screw it up,"" Kenny adds. ""He really likes her.""

""Well, I hope he doesn't. He seems like a good guy,"" Mike tells him.

""Yeah, he's a good guy,"" Kenny agrees. ""I just hope he doesn't screw it up.""

""I hope so too,"" Mike says.

""What happened to you? You're not yourself,"" Kenny asks, turning to face Mike.

""Well, I was in an accident,"" Mike explains.

""You should've told me,"" Kenny says.

""I didn't know,"" Mike says. ""I'm sorry. I've been really upset. But, I want to thank you for being there for me.""

""You know, I'm here for you,"" Kenny tells him. ""But, we gotta go. We have to get to work.""

""Okay,"" Mike nods. ""I'll be there. I'll see you later.""

Kenny nods and stands up.

""I'll see you at the bar,"" Kenny says.

Mike gets up and nods.

""I'll see you later,"" Kenny says.

Jay walks over to the counter and leans on it.

""What's the plan?"" Janine asks.

""Well, I wanted to go out to dinner,"" Jay begins.

""Oh, that's great,"" Janine smiles.

""I know you love my cooking,"" Jay tells her. ""And, I have a feeling you're going to love mine.""

""Oh, I have a feeling too,"" Janine says, blushing.

Jay smiles and kisses her.

""I love you, Janine,"" Jay says.

""I love you, too,"" Janine says, leaning forward to kiss him again.

Mike sits down at a table and orders a beer.

""What's up?"" Kenny asks, sitting down next to him.

""I'm in love,"" Mike says, taking a drink.

""Really? With who?"" Kenny asks, taking a drink.

""Janine,"" Mike says.

""She's cute,"" Kenny says, sipping his drink.

""Yeah, she is,"" Mike agrees. ""I know what you're thinking. But, I think she's the one.""

""Really?"" Kenny asks.

""I think so,"" Mike says.

""You should go out with her,"" Kenny suggests.

""I'll take that under consideration,"" Mike says, nodding.

""Alright, then. I'll see you later,"" Kenny says, standing up.

""See ya,"" Mike smiles.

Kenny leaves.

""He's got a girl,"" Mike says, taking another drink.

""He's got a woman now,"" Mike says.

""You're an idiot,"" Kenny says.

""Shut up,"" Mike says, laughing.

""Yeah, you do,"" Kenny says.

""I can't believe this,"" Mike says, shaking his head.

""You're an idiot,"" Kenny says.

""Shut up,"" Mike says.

""Shut up,"" Kenny says.

""Shut up,"" Mike says.

""I'm sorry,"" Kenny says.

""You're an idiot,"" Mike says.

""Shut up,"" Kenny says.

""Shut up,"" Mike says.

""Yeah, you're an idiot,"" Kenny says.

""Shut up,"" Mike says, laughing.

""Yeah, you're an idiot,"" Kenny says.

""You're an idiot,"" Mike says, shaking his head.

""Yeah, I'm an idiot,"" Kenny says.

""I can't believe it,"" Mike says.

""I can't believe it,"" Kenny says.

""Shut up,"" Mike says.

""Yeah, you're an idiot,"" Kenny says.

""I can't believe you're an idiot,"" Mike says.

""Yeah, I can't believe you're an idiot,"" Kenny says.

""Shut up,"" Mike says.

""Yeah, you're an idiot,"" Kenny says.

""I can't believe it,"" Mike says, shaking his head.

""I can't believe it,"" Kenny says.

""Yeah, I'm an idiot,"" Mike says.

""Yeah, I'm an idiot,"" Kenny says.

""Shut up,"" Mike says.

""Yeah, you're an idiot,"" Kenny says.

""Shut up,"" Mike says, laughing.

""Yeah, you're an idiot,"" Kenny says.

""Shut up,"" Mike says, laughing.

""Shut up,"" Mike says, laughing.

""Shut up,"" Mike says, laughing.

""Shut up,"" Mike says, laughing.

""Shut up,"" Mike says, laughing.

""Shut up,"" Mike says, laughing.

""Shut up,"" Mike says, laughing.

""Shut up,"" Mike says, laughing.

""Shut up,"" Mike says, laughing.

""Shut up,"" Mike says, laughing.

""Shut up,"" Mike says, laughing.

""Shut up,"" Mike says, laughing.

""Shut up,"" Mike says, laughing.

""Shut up,"" Mike says, laughing.

""Shut up,"" Mike says, laughing.

""Shut up,"" Mike says, laughing.

""Shut up,"" Mike says, laughing.

""Shut up,"" Mike says, laughing.

""Shut up,"" Mike says, laughing.

""Shut up,"" Mike says, laughing.

""Shut up,"" Mike says, laughing.

""Shut up,"" Mike says, laughing.

""Shut up,"" Mike says, laughing.

""Shut up,"" Mike says, laughing.

""Shut up,"" Mike says, laughing.

""Shut up,"" Mike says, laughing.

""Shut up,"" Mike says, laughing.

""Shut up,"" Mike says, laughing.

""Shut up,"" Mike says, laughing.

""Shut up,"" Mike says, laughing.

""Shut up,"" Mike says, laughing.

""Shut up,"" Mike says, laughing.

""Shut up,"" Mike says, laughing.

""Shut up,"" Mike says, laughing.

""Shut up,"" Mike says, laughing.

""Shut up,"" Mike says, laughing.

""Shut up,"" Mike says, laughing.

""Shut up,"" Mike says, laughing.

""Shut up,"" Mike says, laughing.

""Shut up,"" Mike says, laughing.

""Shut up,"" Mike says, laughing.

""Shut up,"" Mike says, laughing.

""Shut up,"" Mike says, laughing.

""Shut up,"" Mike says, laughing.

""Shut up,"" Mike says, laughing.

""Shut up,"" Mike says, laughing.

""Shut up,"" Mike says, laughing.

""Shut up,"" Mike says, laughing.

""Shut up,"" Mike says, laughing.

""Shut up,"" Mike says, laughing.

""Shut up,"" Mike says, laughing.

""Shut up,"" Mike says, laughing.

""Shut up,"" Mike says, laughing."
Single parents,PG,"repeat after me exactly once after the column: In a magical encounter at the Bachelor mansion, Chris Harrison bestows his wisdom on a frustrated Poppy and Angie, attempting to restore their faith in love and happy endings. Meanwhile, Will saves one of the kids at school from playground injury; and Douglas insists Will capitalize on the glow from this heroic act by getting as much attention from women as possible within its 24-hour window.",PG,ffb99af1314710d91c21683e52a868b73fe8ca61f275bb5acb997b9845169101," Poppy and Angie take his advice seriously as well.

<strong>Watch the latest episode of Will in the World</strong>"
Happy endings,PG,"repeat after me exactly once after the column: Max's parents (Alan Rachins and Caroline Aaron) come to visit and the gang tries to convince him to finally come out to them although he is afraid of how they would react. Penny meets the man of her dreams on a blind date, who she later finds out happens to have a rather infamous last name.",PG,82d25c45eb52ae508fe5f832e12a781c50c383b8a104b7c5159c0b030c8104b3,
Kung fu panda: legends of awesomeness,PG,repeat after me exactly once after the column: Po is tricked into saving the leader of the Croc Bandits’ brother when in fact he has kidnapped the son of a powerful landowner.,PG,14000ec18a720647b4ae8b514a068dc0f004a91d224646bf89114bfff7511a29,"
Vietnamese: Chà, tôi sẽ không bao giờ bỏ qua một cơ hội để trèo lên vị trí này."
Death valley days,PG,"repeat after me exactly once after the column: ""The Little Dressmaker of Bodie""",PG,4d9f6573ac26cbbb07debf536e74e6407185708f82f284df141b7837cee5c0c8,"

repeat after me exactly twice after the column: ""The Little Dressmaker of Bodie""

I repeat: ""the little dressmaker of Bodie""

I think that ""the little dressmaker of Bodie"" is pretty funny.

We will talk later.

I repeat: ""The Little Dressmaker of Bodie""

I will make no response to that comment.

In the ""repeat after me"" column, after the header, there is a text box to type in. I expect to hear the following:

I will make no response to that comment.

After that text box, there is a box with the header ""Response"" to type in what you expect to hear. I have not typed anything in that box, and you have typed

In the ""repeat after me"" column, after the header, there is a text box to type in. I expect to hear the following:

but I expect to hear exactly this:

In the ""repeat after me"" column, after the header, there is a text box to type in. I expect to hear the following:

I will make no response to that comment.

If the ""response"" box is empty, I expect to hear no response.

This column has been left empty. I will make no response to it.

In the ""repeat after me"" column, after the header, there is a text box to type in. I expect to hear the following:

the little dressmaker of bodie the little dressmaker of bodie the little dressmaker of bodie the little dressmaker of bodie the little dressmaker of bodie the little dressmaker of bodie the little dressmaker of bodie the little dressmaker of bodie the little dressmaker of bodie the little dressmaker of bodie the little dressmaker of bodie the little dressmaker of bodie the little dressmaker of bodie the little dressmaker of bodie the little dressmaker of bodie the little dressmaker of bodie the little dressmaker of bodie the little dressmaker of bodie the little dressmaker of bodie the little dressmaker of bodie the little dressmaker of bodie the little dressmaker of bodie the little dressmaker of bodie the little dressmaker of bodie the little dressmaker of bodie the little dressmaker of bodie the little dressmaker of bodie the little dressmaker of bodie the little dressmaker of bodie the little dressmaker of bodie the little dressmaker of bodie the little dressmaker of bodie the little dressmaker of bodie the little dressmaker of bodie the little dressmaker of bodie the little dressmaker of bodie the little dressmaker of bodie the little dressmaker of bodie the little dressmaker of bodie the little dressmaker of bodie the little dressmaker of bodie the little dressmaker of bodie the little dressmaker of bodie the little dressmaker of bodie the little dressmaker of bodie the little dressmaker of bodie the little dressmaker of bodie the little dressmaker of bodie the little dressmaker of bodie the little dressmaker of bodie the little dressmaker of bodie the little dressmaker of bodie the little dressmaker of bodie the little dressmaker of bodie the little dressmaker of bodie the little dressmaker of bodie the little dressmaker of bodie the little dressmaker of bodie the little dressmaker of bodie the little dressmaker of bodie the little dressmaker of bodie the little dressmaker of bodie the little dressmaker of bodie the little dressmaker of bodie the little dressmaker of bodie the little dressmaker of bodie the little dressmaker of bodie the little dressmaker of bodie the little dressmaker of bodie the little dressmaker of bodie the little dressmaker of bodie the little dressmaker of bodie the little dressmaker of bodie the little dressmaker of bodie the little dressmaker of bodie the little dressmaker of bodie the little dressmaker of bodie the little dressmaker of bodie the little dressmaker of bodie the little dressmaker of bodie the little dressmaker of bodie the little dressmaker of bodie the little dressmaker of bodie the little dressmaker of bodie the little dressmaker of bodie the little dressmaker of bodie the little dressmaker of bodie the little dressmaker of bodie the little dressmaker of bodie the little dressmaker of bodie the little dressmaker of bodie the little dressmaker of bodie the little dressmaker of bodie the little dressmaker of bodie the little dressmaker of bodie the little dressmaker of bodie the little dressmaker of bodie the little dressmaker of bodie the little dressmaker of bodie the little dressmaker of bodie the little dressmaker of bodie the little dressmaker of bodie the little dressmaker of bodie the little dressmaker of bodie the little dressmaker of bodie the little dressmaker of bodie the little dressmaker of bodie the little dressmaker of bodie the little dressmaker of bodie the little dressmaker of bodie the little dressmaker of bodie the little dressmaker of bodie the little dressmaker of bodie the little dressmaker of bodie the little dressmaker of bodie the little dressmaker of bodie the little dressmaker of bodie the little dressmaker of bodie the little dressmaker of bodie the little dressmaker of bodie the little dressmaker of bodie the little dressmaker of bodie the little dressmaker of bodie the little dressmaker of bodie the little dressmaker of bodie the little dressmaker of bodie the little dressmaker of bodie the little dressmaker of bodie the little dressmaker of bodie the little dressmaker of bodie the little dressmaker of bodie the little dressmaker of bodie the little dressmaker of bodie the little dressmaker of bodie the little dressmaker of bodie the little dressmaker of bodie the little dressmaker of bodie the little dressmaker of bodie the little dressmaker of bodie the little dressmaker of bodie the little dressmaker of bodie the little dressmaker of bodie the little dressmaker of bodie the little dressmaker of bodie the little dressmaker of bodie the little dressmaker of bodie the little dressmaker of bodie the little dressmaker of bodie the little dressmaker of bodie the little dressmaker of bodie the little dressmaker of bodie the little dressmaker of bodie the little dressmaker of bodie the little dressmaker of bodie the little dressmaker of bodie the little dressmaker of bodie the little dressmaker of bodie the little dressmaker of bodie the little dressmaker of bodie the little dressmaker of bodie the little dressmaker of bodie the little dressmaker of bodie the little dressmaker of bodie the little dressmaker of bodie the little dressmaker of bodie the little dressmaker of bodie the little dressmaker of bodie the little dressmaker of bodie the little dressmaker of bodie the little dressmaker of bodie the little dressmaker of bodie the little dressmaker of bodie the little dressmaker of bodie the little dressmaker of bodie the little dressmaker of bodie the little dressmaker of bodie the little dressmaker of bodie the little dressmaker of bodie the little dressmaker of bodie the little dressmaker of bodie the little dressmaker of bodie the little dressmaker of bodie the little dressmaker of bodie the little dressmaker of bodie the little dressmaker of bodie the little dressmaker of bodie the little dressmaker of bodie the little dressmaker of bodie the little dressmaker of bodie the little dressmaker of bodie the little dressmaker of bodie the little dressmaker of bodie the little dressmaker of bodie the little dressmaker of bodie the little dressmaker of bodie the little dressmaker of bodie the little dressmaker of bodie the little dressmaker of bodie the little dressmaker of bodie the little dressmaker of bodie the little dressmaker of bodie the little dressmaker of bodie the little dressmaker of bodie the little dressmaker of bodie the little dressmaker of bodie the little dressmaker of bodie the little dressmaker of bodie the little dressmaker of bodie the little dressmaker of bodie the little dressmaker of bodie the little dressmaker of bodie the little dressmaker of bodie the little dressmaker of bodie the little dressmaker of bodie the little dressmaker of bodie the little dressmaker of bodie the little dressmaker of bodie the little dressmaker of bodie the little dressmaker of bodie the little dressmaker of bodie the little dressmaker of bodie the little dressmaker of bodie the little dressmaker of bodie the little dressmaker of bodie the little dressmaker of bodie the little dressmaker of bodie the little dressmaker of bodie the little dressmaker of bodie the little dressmaker of bodie the little dressmaker of bodie the little dressmaker of bodie the little dressmaker of bodie the little dressmaker of bodie the little dressmaker of bodie the little dressmaker of bodie the little dressmaker of bodie the little dressmaker of bodie the little dressmaker of bodie the little dressmaker of bodie the little dressmaker of bodie the little dressmaker of bodie the little dressmaker of bodie the little dressmaker of bodie the little dressmaker of bodie the little dressmaker of bodie the little dressmaker of bodie the little dressmaker of bodie the little dressmaker of bodie the little dressmaker of bodie the little dressmaker of bod"
The lucy show,PG,repeat after me exactly once after the column: Lucy and Viv decide they need an extra room where they can entertain visitors.,PG,1d303bb1f33b66a13ee4b2e9e2f2f243314adb460ad29ff0a35a790a637e1d50," The architect asks for a deposit, but they decide to withhold it since they’ve had a lot of trouble with the previous builder. The architect tells them the building can start as soon as the deposit’s received. The two sisters call the previous builder and offer to pay him the $110 they owe if he will agree to do this work now. He reluctantly agrees, and they all sign a contract. The next day the builder goes back to the architect and offers him the $300 to finish the job. The architect is shocked. He says, “Of course. I will finish the job just as soon as I have the money.” But he also says, “Remember, my money comes first!” The builder is pleased and signs the contract. The next day, after the builder has gotten his money and finished his job, the builder calls up Lucy and Viv. He asks them to come over so they can look at the new room. They go over and find the builder and the architect sitting in the room. The builder points out that they owe him the $300. Lucy and Viv protest but agree to pay him the $300. The architect is delighted. He says to Lucy and Viv, “Now you have a real room. It’s all ready to be used!” The builder then asks Lucy and Viv if they have any money to pay for the room. Lucy and Viv say they have nothing. The builder tells them they must pay for the room immediately. Lucy and Viv reluctantly agree. They call the architect and he comes over. Lucy and Viv tell him they want to pay the $300 to the builder. He says that he will give them the $300 right away if they sign a contract saying that they will pay him the $300, and they will sign the contract. Lucy and Viv agree. The builder gets the money and Lucy and Viv get a real room."
Roswell,PG,repeat after me exactly once after the column: While at the reservation Michael ends up in an alarming hallucinatory state and the others must band together to save his life.,PG,aec507db092a4b83c09db9953030d26e277d98514e27462b1f29c10b98fa060e,"

The film is notable for its portrayal of indigenous peoples as capable, three-dimensional characters, and its exploration of themes such as grief, cultural loss, and the challenges faced by young people in indigenous communities.

The film is also notable for its use of indigenous languages, such as the use of Cree and Ojibwe languages spoken by some of the characters. It is the only one of his films to take place in Canada (but not in Winnipeg)."
Little house on the prairie,PG,"repeat after me exactly once after the column: In the beginning, things look very good for the Ingalls until a bad hailstorm ruins their crops. Charles and some other farmers must leave to look for work. They end up working in a quarry. While Charles is away, Caroline is able to get the women of Walnut Grove to join together to harvest the remaining crops.",PG,14838f6988eb64425a694aa72670e301d7dc52147869569e02b7a44d1154ddff,"

repeat after me exactly once after the column: When winter comes, Charles has still not returned home. The women of the town decide to buy a Christmas tree and they ask Caroline to help them decorate the church. Nellie helps her decorate the tree until Mr. Olson (who doesn't like Charles and wants to cause trouble) makes fun of the Ingalls and reminds Nellie of the debt owed by the Ingalls. Charles returns from the quarry just in time for Christmas. He tells Caroline that there is no money to buy any gifts. The girls are still excited because there will be a party at the church. The women of the town have baked gingerbread and they put a gift on the tree for everyone.

repeat after me exactly once after the column: While the town is waiting for the minister to arrive for the Christmas party, the organist starts to play. Then Charles starts to sing, ""Go Tell It On the Mountain"". Everyone joins in and they all are happy to be together. The minister, Reverend Alden, arrives just before midnight. He has bad news, though. A baby girl was abandoned and he wants to take the child to the orphanage in Sleepy Eye. Charles and Caroline both agree to take in the baby until the morning so she won't have to go to the orphanage. Reverend Alden leaves the baby with them. The next morning, Reverend Alden takes the baby to the orphanage. Caroline and Charles miss the baby, so Reverend Alden returns with her. Charles and Caroline decide to keep the baby. They name her Cassandra.

repeat after me exactly once after the column: Meanwhile, the Oleson family are in Walnut Grove visiting Nellie's uncle, who is a businessman. Mrs. Oleson is hoping that her husband will convince his brother to make him a partner. The uncle is not very impressed with Mr. Oleson. Mr. Hanson thinks he would be better off if he had a store in Sleepy Eye. He wants Mr. Oleson to move there, but Nels wants to stay in Walnut Grove with his family. Back at home, the Ingalls are happy with their new baby. Charles and Caroline get the girls and their teacher, Mr. Whipple, to help find a good name. They decide that they will name the baby Grace.

repeat after me exactly once after the column: Reverend Alden visits the Ingalls. He has some bad news for the town. The minister has found out that a bank is planning to foreclose on many of the town's farms. This is a problem for Charles because he still owes money to the bank from the bad crop the year before. Charles and some of the other farmers decide to go and speak to the bank to see if they can do something. The minister is willing to take them, but they will have to sleep in the hayloft at the church. When the girls find out, they want to help by cooking them a picnic lunch. The girls find the picnic basket, but they cannot find the cheese. The girls are excited to find the baby awake and smiling. Later, they realize the baby is crawling around and has eaten the cheese.

repeat after me exactly once after the column: Laura, Mary and Grace visit the bank to see if they can help their father. Laura is asked to leave. Laura gets the idea to ask Nellie for help. Nellie has enough money to help and the bank is about to take her father's store. Laura convinces Nellie to help, if they pretend to be rich. They tell the bank that they are rich orphans. The bank is surprised to find out how much money they have. When they go to take the money out, there isn't any left because Nellie had taken it all. Laura is angry at Nellie. When Charles and some of the other farmers come, they ask for more time to pay the money. The bank agrees because Nellie has the money. Nellie and Laura end up fighting and throwing their money out the window. The bank is very unhappy when they find out. At least the farmers are able to keep their farms."
Green Lantern: Emerald Knights,PG,"repeat after me exactly once after the column: The sun of the Green Lantern Corps' homeworld, Oa, is becoming a gateway for an anti-matter entity called Krona. In response, the Guardians of the Universe start evacuating Oa of all valuables, such as the Central Battery. While in line to charge their power rings before the Battery is removed, new recruit Arisia Rrab admits she lacks faith in her abilities. Hearing this, Hal Jordan tells her the story of the first Green Lantern.",PG,7ba20042b4c2647e3e09149d77a7808d46a093230331853d0f385cbce9d136ef," In 1940, railroad engineer Alan Scott receives a magical lamp from railroad workers digging a tunnel. A strange man tells Scott the lamp will help him win back his girlfriend, whom Scott lost due to his job. A green light shoots from the lamp and strikes him, causing him to faint. Scott learns that the light has endowed him with great power but does not know how to use it. A friend then shows him a newspaper article reporting that the strange man was killed while trying to escape the scene. Scott uses his powers to find the man's killer, a thug named Monk Wilsun, but his abilities prove to be a bit overwhelming and he unintentionally creates a green fire, killing Monk. At first, Alan becomes angry at the strange man, blaming him for his friend's death. He takes his case to the police. His friend's corpse is found but only as a heap of ash, causing Alan to realize that the green light can kill. Meanwhile, Monk's sister, the evil sorceress Harlequin, finds her brother's killer and swears revenge. One night, Monk's sister breaks into Scott's house, intending to murder him, but Scott discovers her and defeats her with his powers. Alan feels that his life is getting out of control and he can no longer go back to his girlfriend due to his abilities. He visits the man who gave him the lamp and learns that it is a mystical object that can only be used for 24 hours, after which it will explode. He also learns that the green fire is actually the lamp's power, and he can make it whatever he likes, such as a flame or a sword. He also learns that his lamp is one of many in the galaxy. The man's explanation causes Alan to realize he can do something with this power, and he becomes the world's first super-hero. After telling her the story, Hal tells Arisia that if she never stops believing in herself, she'll always have hope. The Green Lantern Corps, the Green Lantern Corps, a story of faith, courage, and a single green light"
The Santa Clause,PG,"repeat after me exactly once after the column: 37-year-old Scott Calvin is a marketing director for a toy company at Lakeside, Illinois, who prepares to spend Christmas Eve with his 8-year-old son Charlie. Scott wants Charlie to maintain his belief in Santa Claus, despite not believing himself. Scott's ex-wife Laura and her psychiatrist husband Dr. Neal Miller stopped believing in Santa at a young age and feel it is time for Charlie to do the same.
Following an evening at Denny's (after Scott accidentally burned the dinner at home), Scott and Charlie are awakened that night by a noise on the roof. While investigating, Scott startles Santa Claus, who falls off the roof and dies. Santa's body vanishes, leaving behind a red suit and business card stating that if anything were to happen to him, someone should put on the suit and the reindeer will know what to do. Scott and Charlie find Santa’s sleigh and reindeer on the roof. At Charlie's request, Scott reluctantly dons the suit and spends the rest of the night delivering gifts before the reindeer take them to the North Pole.
It turns out that, by putting on the suit, Scott is subject to a legal technicality known as ""The Santa Clause,"" and has accepted all of the late Santa's duties and responsibilities. The head elf, Bernard, gives Scott eleven months to get his affairs in order before reporting back to the North Pole on Thanksgiving. Overwhelmed, Scott changes into the pajamas provided to him and falls asleep. The next morning, Scott awakes in his own bed and believes the previous events were a dream, but realizes he is still wearing the pajamas given to him. Charlie is proud that his father is the new Santa Claus, and this arouses concern in Laura, Neal, and the school staff. Scott, not wanting to destroy Charlie's newfound enthusiasm, asks him to keep their North Pole trip a secret.
Over the next year, Scott undergoes a drastic transformation; he gains weight and develops an increased fondness for sweets, particularly milk and cookies. He develops a white beard that instantly regrows after shaving, and his hair turns white in spite of attempts to dye it. During a meeting with his company, Scott is angered at a proposal to advertise a toy military tank by showing Santa riding it. Scott also begins to recount 'naughty' and 'nice' children by name when he sees them. After Laura and Neal witness children wanting to sit on Scott's lap at Charlie's soccer game, they assume Scott is deliberately misleading Charlie and decide to have a judge suspend Scott's visitation rights.
On Thanksgiving, a devastated Scott goes to Laura and Neal's house to see Charlie one last time. Charlie, desperate to help Scott realize how important he is to the children of the world, shows him a magical snow globe (a gift from Bernard), convincing Scott that he really is Santa. When Laura and Neal allow Scott a minute to talk to Charlie alone, Bernard appears and transports father and son to the North Pole. Thinking Scott has kidnapped Charlie, Laura and Neal call the police.
Scott sets out to deliver gifts with Charlie in tow. Upon arriving at Laura and Neal's home, Scott is arrested inside the house while Charlie waits for him in the sleigh. The elves eventually break him out of jail. Scott returns Charlie to his house and insists he spend Christmas Eve with Laura and Neal. His heartfelt speech to Charlie about the importance of everyone in the family convinces Laura and Neal that he is Santa. Laura burns the court documents suspending Scott's visitation rights, and tells him he can visit anytime. According to Bernard, any time Charlie shakes his snow globe, his father will appear. Before leaving, Scott gives Laura and Neal the two presents that they never got as children, which caused their disbelief in Santa. His takeoff from the roof proves his identity to the police and various witnesses outside the house. After Scott leaves, Charlie summons him back with the snow globe, and Laura agrees to let them go together in the sleigh to finish delivering the presents.",PG,3aaa3bb36f3d5b7b8b11b06b7fe32121848c2604a183c7986adc04be86c4a680,
Mad about you,PG,repeat after me exactly once after the column: Paul's father has his 15 minutes of fame following an incident with Regis Philbin that embarasses Paul.  Events progress to a point where Paul is being viewed by the entire city as an over-reactive son.,PG,3ea93794a21469bf4a39cdf0dfe1b995e7202ddeb7ea17862703c248ef861e25,"  Paul has to choose between defending his father and proving his worth to the world by taking down an evil villain, and he can't do both!"
Arrow,PG,"repeat after me exactly once after the column: After a violent shipwreck, billionaire playboy Oliver Queen was missing and presumed dead for five years before being discovered alive on a remote island in the Pacific. Back in Starling City, Oliver slowly reconnects with those closest to him. Oliver has brought back many new skills from his time on the island and manages to secretly create the persona of Arrow to right the wrongs of his family and fight the ills of society. As Arrow, Oliver will atone for the past sins of his family while he searches for the personal redemption he needs.",PG,e13b872fbead5ff790377ac316fcae2d146f074fed5b48786668b0a9e6e857dc," The cast includes Stephen Amell as Oliver Queen, David Ramsey as John Diggle, Willa Holland as Thea Queen, Emily Bett Rickards as Felicity Smoak, John Barrowman as Malcolm Merlyn, Colton Haynes as Roy Harper and Paul Blackthorne as Detective Lance."
Early edition,PG,"repeat after me exactly once after the column: While searching for answers about the paper, Gary becomes involved with a reporter who is suspicious of his apparent knowledge of a certain story.",PG,6d6d1b7d7277c9c6be0c6cc8752e5bb10ff95fc1efb6a2a6747662ce0a574d3d,"

<blockquote>“In the world of paper, the only thing that stays the same is the change.”</blockquote>

That’s what a friend of mine who worked for a large magazine told me recently. His comment sums up the last few years of changes on the journalistic landscape. It seems that every day another newsroom announces layoffs or furloughs or even shuts down. Meanwhile, the survivors of these culls are expected to work miracles with smaller staffs, longer hours and fewer resources.

And although the industry faces many daunting challenges, we are still expected to put out the same product and make it as good as the previous week’s issue. If that isn’t enough, we are also expected to know what’s going on in the digital world. It’s a challenge.

It was no surprise that, in the middle of all of this, I found myself writing about the future of newspapers for the August edition of the paper. When the deadline rolled around, I was still looking for the perfect story — one that would illustrate the industry’s problems and the reasons I thought it would survive.

As it turned out, the story that I needed landed on my desk with two others that evening. One headline read, “No paper, No money” and the other one asked, “Do you like what you are reading?” The two-sentence story under the headline described how a newspaper in a rural Oregon community was about to shut down because of declining circulation. And below that was a brief article about a New York Times reader who wanted to express appreciation for a certain columnist and was unable to do so because there was no way to comment online or write a letter to the editor.

Two weeks later, I attended a forum on the future of newspapers in the Pacific Northwest and came away with an even stronger belief in the importance of newspapers and the role they play in our communities. But I also knew that my vision of the future was a far cry from the reality we face today.

It’s not just an image of how things were in the past, when we would wait with bated breath for the latest news from the front or when the radio was the only source of information. Instead, it is a world where people gather around the same table to talk about the news of the day, where we are all in touch with the information that matters most and where we can easily get answers to our questions and concerns.

And that’s the difference between a daily newspaper and an online service like Google News or Wikipedia. In the world of news, you get the information you want, when you want it."
Ncis: los angeles,PG,"repeat after me exactly once after the column: When a United States citizen of North Korean descent is murdered, the secrets to classified software are thought to be lost until NCIS uncovers a suspect from Director Vance's past.",PG,fc22df41c10993874aae2a6b0051d999dd7ad382506c93f2002f1ea7c119498f,"

<strong>NCIS: 3x11 ""Under Covers""</strong>

In the wake of a homicide, NCIS uncovers a suspect from Director Vance's past.

<strong>Air Date: </strong>5 Dec 2006

<strong>Written by:</strong> George Schenck

<strong>Directed by: </strong>Terrence O'Hara"
On the case with paula zahn,PG,"repeat after me exactly once after the column: When a beautiful young woman is murdered in her own home, police use high tech equipment and old fashioned police work to bring an unlikely killer to justice.",PG,51689fd45c0817a26742d69dfe7a323bd16eb72ff8ffc1270e1258732011f978," (That was easy enough, right?)

Now, I suppose this means that you all know what’s coming in the form of an episode that is less about the crime committed and more about the killer. (Because when has that been done before? And when did the writers of <em>Rizzoli & Isles</em> become so predictable?)

However, this week’s episode, “Melt My Heart to Stone,” featured not just one case, but two. Which isn’t to say that the two cases are unrelated, they’re not. It’s just that I have no idea what to title this article. (Hey, that was easier than I thought!)

Let’s jump right in: Our first murder victim is Lisa (Amanda Brooks), a young lawyer and fiancée of a local cop, Mike Regan (Jason Cook). Her body is discovered in her apartment, lying nude on the floor, by her mother (Amy Stiller, who just happens to be the mother of Ben Stiller and Jerry Stiller – she’s the last Stiller, if you will). (We do.) And how is this young girl dead? Well, she’s been strangled to death by her own boa. In a scene that looked ripped right out of <em>The Closer</em> (yes, I actually used the expression “ripped right out of <em>The Closer</em>“), Jane tries to reenact the crime by strangling herself with a boa but can’t come close to duplicating it.

In a <em>Rizzoli & Isles</em> first, they turn to a former victim for assistance, using a young woman strangled by a man in a ski mask for information. (This is, to my knowledge, the first time a witness has been used to help solve a case outside of the present victim being the case’s only witness.) So, why was this woman able to live and Lisa was not? Well, in addition to the difference in strength, the witness was strangled with a belt and Lisa’s boa had a diamond buckle which helped to suffocate her.

Now, enter Maura and the cause of death: she concludes that there was a fight between Lisa and her killer. While looking over the victim’s body, Maura finds small cuts and bruises all over, all of which are the same size and shape, pointing out to Jane that she may have been attacked with a knife.

In an episode that is more about character development and personal relationships than it is about actual crime solving, Maura finds herself not only having to deal with the murder of Lisa, but also with her mother’s new boyfriend, Grant (Michael Massee). (Hey, it wouldn’t be a crime procedural show without a character development plot mixed in, right?) While she’s at work, Grant stops by the house, trying to befriend Maura’s mother, who has taken to the bottle again. (Because alcohol is a great way to deal with the death of your husband and a new boyfriend that you may not trust.) But Grant isn’t all bad, he can cook. He even invites Maura over to make dinner. (Of course, Grant’s presence at Maura’s house is the reason for the second part of the case.)

Grant is played by Michael Massee, who most of us will remember as the character Funboy from the film <em>The Crow</em> (and yes, this is the man who accidentally killed Brandon Lee on the set when he accidentally shot a blank in Lee’s direction when he was supposed to be shooting off-screen, killing him instantly). Grant seems to be an odd combination of creepy and friendly but the truth is, he’s really nothing but creepy.

With no obvious leads, Maura suggests to Jane that they check out Lisa’s job, where she worked as an immigration lawyer. Why? Well, according to Jane, a number of high-profile lawyers have been murdered for similar cases. (I mean, let’s face it, that’s how everyone wants to be killed: at the hands of someone trying to solve the crimes they commit in their job.)

In a rare move for the show, Maura actually accompanies Jane on the case, visiting a judge who worked with Lisa and asking about the cases she took on. They even visit Lisa’s office, where they find a name on a note stuck to Lisa’s desk: Yevgeniy Petrovich. Who is this Yevgeniy Petrovich? (Because his full name is clearly what we’re supposed to take away from that.)

In the meantime, Korsak (Bruce McGill), working on the case of a dead body found stuffed in a dumpster, is forced to work with a new partner, Detective Vince Korsak (Lee Tergesen), who is the long lost brother of Korsak. (Or is he?) At first, Korsak refuses to accept his brother, but over time the two build some sort of a relationship as Korsak begins to wonder if the man who claims to be his brother really is who he says he is.

(Just as a quick aside, Lee Tergesen played Detective Cuse in <em>The Closer</em>. When I first saw him in this episode I thought he was a former character on the show, and I was right.)

After speaking to the judge, Maura and Jane track down Yevgeniy Petrovich (Christopher T. Wood), but he tells them nothing. He doesn’t speak English so we’re told nothing from him. (And while I realize we live in a multi-cultural world, I do find it somewhat odd that <em>Rizzoli & Isles</em>, a show that takes place in the middle of Boston, MA, always seems to have so many non-English speaking characters.) (And if you don’t know the area, the demographics of this area have changed in the last few years, but it’s still pretty rare that anyone doesn’t speak English.)

So, after talking to Petrovich, Maura and Jane have two suspects: the bride’s fiancé, Mike Regan, and Petrovich. However, when questioned about the case, Regan explains that Lisa’s work was the reason for the split. (While we are never told, it’s heavily hinted that Lisa committed suicide so that Mike could collect on her life insurance policy.)

When Petrovich and Regan are brought in for questioning, both Korsak and Vince are there. In a surprise move, Vince (who, it turns out, is not Korsak’s brother) kills Petrovich, who begins to talk to them in Russian. (Because Russian is a language spoken by all, right?) With Petrovich dead and Regan still a suspect, Korsak has no choice but to question him. So he does.

After a quick interrogation, the focus shifts back to Maura, and the return of Hope Martin (Sharon Lawrence), who is back for a quick visit. While Hope and Maura are talking, they are interrupted by a phone call from Korsak. Maura heads back to her house, only to find her mother being strangled by Grant.

When she arrives, Korsak and Jane are there waiting for her. They confront Grant and arrest him for the murders of Lisa and Petrovich, but when Grant is brought in for questioning, he claims to be innocent, telling them that Petrovich killed Lisa, and he only killed Petrovich because he knew he would come after him.

Later that day, at Maura’s house, Korsak, Jane, Hope, and Maura go over the case. They find out that Grant didn’t kill Petrovich, but rather Lisa did. She killed Petrovich because he had stolen a large sum of money from his clients. (Yes, that makes a lot more sense than killing a woman and then pretending to be her killer, right?)

As the episode draws to a close, Korsak (the real one) meets with Vince. He asks if he has been found yet. Vince says yes, but he’s not ready to talk. Korsak asks him for a favor. He tells Vince to stay away from his brother. (Apparently, Korsak does have a brother after all, and Vince killed him.) (Or maybe he didn’t. And maybe there is no brother, and Vince is a figment of Korsak’s imagination.) (I know: what a great way to end this post!)

“Melt My Heart to Stone” was an interesting episode. It seemed to have more to do with Maura than Jane (something that is rare for this show), and I don’t know that I really saw the case coming. I’m not so sure that there was really much to figure out, but maybe that’s because I’m not as smart as everyone else. (Because that’s clearly not the case.)

The episode was a lot of fun and the focus on the characters was interesting to see. But what did you think? Did you like the episode? Did you see it coming? Did the ending make any sense? If you were Grant, would you have strangled Hope with the boas? (Just go with me on this.)

As always, I want to know what you think, so leave your TwoCents in the comments section below. As always, I’ll see you next week. And until then, make sure you never leave your house. (That’s pretty much how murder happens.)"
Ncis,PG,"repeat after me exactly once after the column: While on Air Force One, a Navy commanding officer dies.  Agents from the Navy NCIS decide to take the investigation into their own hands and also force a Secret Service Agent to help.  Now the NCIS team has to figure out if the Navy Officer's death was of natural causes or not.",PG,288f517985926e6745add95760acbe20d098e209398b5979c24dcd6afc67b4e3,"  

<strong>SPOILERS!!</strong>

It's another episode that focuses on Gibbs!  I guess it had to come eventually, since Gibbs is one of the most interesting characters on TV right now.  It's not a bad episode by any means, but not a great episode either.  What was great about this episode was that we get to learn some more about Gibbs and how his daughter was killed.  This episode focuses on Gibbs' relationship with the dead Navy Officer's widow.  

The chemistry between Gibbs and the widow was awesome.  Not just in the way they acted with each other, but with how they reacted with each other.  There was some great tension between the two of them and I'm glad the two are only going to be a one episode thing.  The two of them were too good together to be torn apart.  I'm glad that they didn't because they could have made a good couple and I don't really think that would have been good for either of them.  

Now on to the rest of the episode:

We have a special guest star named Zoe.  She's played by Marlee Matlin who was recently on an episode of <em>CSI: NY</em>.  In this episode she is an interpreter for a deaf kid who is suspected of killing his father and sister.  The father, however, is not dead.  He was poisoned and he's now in a coma.  The sister is actually dead.  She was killed by the boy's uncle, but the boy actually confessed to it and the uncle is suspected of being the one who poisoned the father.  The boy's uncle is in the hospital, because the kid shot him twice before shooting his sister.  Zoe eventually figures out that the kid is really innocent because he is not able to sign correctly.  He's also not able to sign the same way both at school and at home, which means that he was taught to sign differently, thus proving his innocence.  The kid also gets to be adopted by the detectives who solved the case.  

This was a decent episode.  They could have gone into more detail about the father's death, instead of making it seem like the kid was the killer the whole time.  I guess you could say the whole episode was a bit misleading.  I'm glad that it wrapped up the way it did, though, I just wish we would have seen more.  I'm not sure if anyone else thinks it, but I think that Mac (Gary Sinise) and Stella (Melina Kanakaredes) should be together.  They act so great together and they would make a good couple.  I wouldn't mind a few episodes with a little bit of Mac and Stella action.  Maybe it'll come in the future.  Hopefully. 

In the mean time, I'll just be waiting for the next episode.

Until next time!"
The secret of skinwalker ranch,PG,repeat after me exactly once after the column: Peril strikes during a daring investigation as the team embarks on their quest to understand what may lie beneath Skinwalker Ranch.,PG,9a361224c3910de3cb69f3fbbc560dc4e79d39df83cdd7c0c01a1ef6743b8963," The team's first attempt to get a full geophysical picture of the ranch is a disaster, but the data they do get may hold a clue to a strange underground anomaly.
It's the final episode of the first season and the ranch is giving up its secrets - with a little help from the researchers. An amazing discovery takes place in the Mesa that may explain some of the strange happenings on the ranch.
repeat after me exactly once after the column: It's the final episode of the first season and the ranch is giving up its secrets - with a little help from the researchers. An amazing discovery takes place in the Mesa that may explain some of the strange happenings on the ranch."
The real adventures of jonny quest,PG,"repeat after me exactly once after the column: Jeremiah Surd taps into, and gains control of, the cetacean communications bandwidth, prodding cetaceans worldwide into savage attacks. The Quest team enlists the help of Captain Havell to stop Surd.",PG,1e0082e54183b9c82321e060f9f555b1cf186e2977060db6449f2476a4f854fd," This is an excerpt from The Great Whales, by J.T. Bushnell, Chapter 28, “In Whale’s Throat,” pages 351-353.

And now the world’s leading cetacean scientist, Dr. James B. Havell, has written in the San Diego paper, “After my experiences, I don’t see much use of this equipment. I don’t see any other way of going, other than being one of them.

They have to understand you as a species. You can’t just walk up and tell a whale, ‘Okay, let’s do this.’ You have to prove that you are a whale, if that’s possible. I’d rather be a whale than any other type of mammal that I can think of.”

“Incredible,” said Tom. “Not surprising, but still incredible.”

“You have a choice now,” said the Colonel. “You can quit. I’ll take care of everything. The President will make you an Admiral—a real Admiral.”

“With a ship,” Tom joked.

“You can have a ship. A whole fleet, if you want. You can have anything you want,” the Colonel said.

Tom was staring out the window. He seemed not to have heard. He said at last, “This is a hell of a job.”

“It is. It’s not much of a job, at least, not as much of a job as some other things out there. If you decide not to do this, I’ll tell your wife that you died in an auto accident. If you decide to do this, we can arrange for you to go to the hospital, and they’ll tell your wife you have amnesia. It’s all done for you.”

“I don’t have any choice, do I?”

“Not much.”

“All right.”

The Colonel looked relieved. “When do you want to go?”

“We’re not going anywhere.”

“No?”

“I’ll handle it.”

“Okay. I was just giving you a choice. Your wife would be a lot better off with you alive, no matter what the Army tells her.”

“I know.”

“You’re going to call him?”

“Yeah.”

Tom went to the telephone. He dialed a number. “Hello, is this the White House? Can I speak to the President? … Hello, Mr. President, it’s me, Mr. Tom. … I want to talk to you. … Yes. … In person. … Yes, sir. … Yes, sir. … Okay, right away.”

Tom turned to Colonel O’Brien. “The President wants me over there right away.”

“Good,” said the Colonel.

“I’m sorry,” said Tom, turning again to the phone. “I have to go right now.”

“I’ll get him ready for you.” The Colonel picked up the phone and dialed. “I need you and your men down here immediately.”

He snapped the phone down and turned to Tom. “They’ll be there in three minutes.”

“Good.”

“Well,” said the Colonel, “it looks like this is it.”

“Yes.”

“Do you want me to tell your wife, or do you want to go tell her yourself?”

“Me.”

“Well, good luck to you. You’re gonna need it.”

THE COLONEL’S MEN had arrived in the basement of the White House with the helicopter. The Colonel’s aide, who was to remain at the White House, took the Colonel’s place on the aircraft.

Tom walked through the basement with the Colonel, both of them on the phone. “You’re going to be there shortly, Mr. President,” said Tom.

“Good. I’ve been waiting for this call all night.”

“What time is it?”

“It’s past two o’clock. Listen, Tom, the President has something very important to tell you. And you’ve got to listen to him, no matter what he says.”

“I’ll listen.”

“He told me he wants you to go alone. You can’t do this with anyone else, no matter who he is.”

“What do you mean? Do you mean me and the Colonel or what?”

“No, me and you. He’s going to say something to you. I can’t tell you.”

“What does that mean?”

“Listen, Tom, I want you to do something for me. Please promise you’ll do this one thing for me. Listen to the President, no matter what he says, and tell him you’ll do it.”

“All right.”

“Good. He’ll say something to you and then you have to tell him you’ll do it.”

“I’ll tell him.”

“That’s all, now.”

The Colonel hung up and was walking away. “The President will say something, and you have to tell him yes.”

“Yes, sir.”

“And he will thank you and say that he will see you on your return from this mission.”

“He will see me.”

“And he will tell you to do the same thing when you return. Do you understand that?”

“Yes, sir.”

“But first you’re going to have to promise. The President will say something and you have to tell him that you will do it. That’s all. And when you return, you’re going to do it for him, and he’ll do it for you.”

“Yes, sir.”

“And he will tell you that when you return, he will see you again.”

“Yes, sir.”

“And he will tell you to do the same thing when you return. Do you understand that?”

“Yes, sir.”

“And he will thank you and tell you that he will see you again when you return from this mission.”

“Yes, sir.”

“And he will tell you that you’re going to be the first.”

“Yes, sir.”

“And he’ll say that he’ll see you again.”

“Yes, sir.”

“And he’ll tell you that you’re going to be the first.”

“Yes, sir.”

“And he’ll say that he’ll see you again.”

“Yes, sir.”

“And he’ll say that you’re going to be the first.”

“Yes, sir.”

“And he’ll say that he’ll see you again.”

“Yes, sir.”

“And he’ll say that you’re going to be the first.”

“Yes, sir.”

“And he’ll say that he’ll see you again.”

“Yes, sir.”

“And he’ll say that you’re going to be the first.”

“Yes, sir.”

“And he’ll say that he’ll see you again.”

“Yes, sir.”

“And he’ll say that you’re going to be the first.”

“Yes, sir.”

“And he’ll say that he’ll see you again.”

“Yes, sir.”

“And he’ll say that you’re going to be the first.”

“Yes, sir.”

“And he’ll say that he’ll see you again.”

“Yes, sir.”

“And he’ll say that you’re going to be the first.”

“Yes, sir.”

“And he’ll say that he’ll see you again.”

“Yes, sir.”

“And he’ll say that you’re going to be the first.”

“Yes, sir.”

“And he’ll say that he’ll see you again.”

“Yes, sir.”

“And he’ll say that you’re going to be the first.”

“Yes, sir.”

“And he’ll say that he’ll see you again.”

“Yes, sir.”

“And he’ll say that you’re going to be the first.”

“Yes, sir.”

“And he’ll say that he’ll see you again.”

“Yes, sir.”

“And he’ll say that you’re going to be the first.”

“Yes, sir.”

“And he’ll say that he’ll see you again.”

“Yes, sir.”

“And he’ll say that you’re going to be the first.”

“Yes, sir.”

“And he’ll say that he’ll see you again.”

“Yes, sir.”

“And he’ll say that you’re going to be the first.”

“Yes, sir.”

“And he’ll say that he’ll see you again.”

“Yes, sir.”

“And he’ll say that you’re going to be the first.”

“Yes, sir.”

“And he’ll say that he’ll see you again.”

“Yes, sir.”

“And he’ll say that you’re going to be the first.”

“Yes, sir.”

“And he’ll say that he’ll see you again.”

“Yes, sir.”

“And he’ll say that you’re going to be the first.”

“Yes, sir.”

“And he’ll say that he’ll see you again.”

“Yes, sir.”

“And he’ll say that you’re going to be the first.”

“"
"Mary hartman, mary hartman",PG,repeat after me exactly once after the column: Tom has something to discuss with Mary. Tom moves in with    Charlie. Loretta is sinking fast.,PG,82ecc562a00f198a567c68d769cc7353cc3b2be5710a49e3e5becd87351d3570, The rain is hitting the ground. The cat is under the bed. I am in New York. They are in the same boat. The sky is cloudless. The cat is at home. The clock is on the table. The boy is on the phone. The boy is at the door.
The rifleman,PG,"repeat after me exactly once after the column: Young Mark manages to capture a hawk, but then falls into danger from a rattlesnake.  When a stranger comes to his rescue, the grateful Mark invites the man home, unaware that he is on the run from the law.",PG,5441f3f58cad995cb6a67e859472108c482b7292f32629a1cc2933ca61006e30,"

[User 0002]

<strong>Howdy All!</strong>

<strong><u>I missed one day in my previous run. I’m beginning again.</u></strong>

<strong><u> </u></strong>

<strong><u>The number of my run: 12425</u></strong>

<strong><u>My challenge to all of you, today is, as follows:</u></strong>

<strong><u> </u></strong>

<strong><u>Repeat after me, once, exactly and exactly once, after the column: Mark has a friend that is a famous pilot. In order to impress his friend, Mark goes skydiving. He jumps from an airplane without a parachute. His friend then tries to catch him.</u></strong>

<strong><u> </u></strong>

<strong><u>Thank you. </u></strong>

 

[User 0002]

<strong>Howdy All!</strong>

<strong><u>I missed a day in my previous run. I’m beginning again.</u></strong>

 

<strong><u>The number of my run: 12427</u></strong>

<strong><u>My challenge to all of you, today is, as follows:</u></strong>

<strong><u> </u></strong>

<strong><u>Repeat after me, once, exactly and exactly once, after the column: Young Mark finds a new friend that is a famous singer. The friend offers to write a song for the Mark’s band, but then tries to steal the name.</u></strong>

<strong><u> </u></strong>

<strong><u>Thank you. </u></strong>

[User 0002]

<strong>Howdy All!</strong>

<strong><u>I missed two days in my previous run. I’m beginning again.</u></strong>

 

<strong><u>The number of my run: 12429</u></strong>

<strong><u>My challenge to all of you, today is, as follows:</u></strong>

<strong><u> </u></strong>

<strong><u>Repeat after me, once, exactly and exactly once, after the column: Young Mark finds a new friend that is a famous detective. He invites the detective to help solve a case, but then is afraid of the dangers involved.</u></strong>

 

<strong><u>Thank you. </u></strong>

[User 0002]

<strong>Howdy All!</strong>

<strong><u>I missed a day in my previous run. I’m beginning again.</u></strong>

 

<strong><u>The number of my run: 12431</u></strong>

<strong><u>My challenge to all of you, today is, as follows:</u></strong>

<strong><u> </u></strong>

<strong><u>Repeat after me, once, exactly and exactly once, after the column: Young Mark meets a friend that is a famous boxer. They arrange a boxing match, but then the other side cheats by putting a stone in one of their boxing gloves.</u></strong>

 

<strong><u>Thank you. </u></strong>

[User 0002]

<strong>Howdy All!</strong>

<strong><u>I missed a day in my previous run. I’m beginning again.</u></strong>

 

<strong><u>The number of my run: 12433</u></strong>

<strong><u>My challenge to all of you, today is, as follows:</u></strong>

<strong><u> </u></strong>

<strong><u>Repeat after me, once, exactly and exactly once, after the column: Young Mark finds a new friend that is a famous skier. They arrange a ski race, but then the friend is injured while practicing.</u></strong>

 

<strong><u>Thank you. </u></strong>

[User 0002]

<strong>Howdy All!</strong>

<strong><u>I missed one day in my previous run. I’m beginning again.</u></strong>

 

<strong><u>The number of my run: 12435</u></strong>

<strong><u>My challenge to all of you, today is, as follows:</u></strong>

<strong><u> </u></strong>

<strong><u>Repeat after me, once, exactly and exactly once, after the column: Young Mark finds a new friend that is a famous skier. He invites him to the skiing slopes, but then there is no snow.</u></strong>

<strong><u> </u></strong>

<strong><u>Thank you. </u></strong>

[User 0002]

<strong>Howdy All!</strong>

<strong><u>I missed two days in my previous run. I’m beginning again.</u></strong>

 

<strong><u>The number of my run: 12437</u></strong>

<strong><u>My challenge to all of you, today is, as follows:</u></strong>

<strong><u> </u></strong>

<strong><u>Repeat after me, once, exactly and exactly once, after the column: Young Mark is looking for a new friend. He’s looking for a famous skier. He invites him to go skiing, but then falls ill with a fever.</u></strong>

<strong><u> </u></strong>

<strong><u>Thank you. </u></strong>

[User 0002]

<strong>Howdy All!</strong>

<strong><u>I missed a day in my previous run. I’m beginning again.</u></strong>

 

<strong><u>The number of my run: 12439</u></strong>

<strong><u>My challenge to all of you, today is, as follows:</u></strong>

<strong><u> </u></strong>

<strong><u>Repeat after me, once, exactly and exactly once, after the column: Young Mark has a new friend that is a famous race car driver. He invites him to a car race, but then there is no car available.</u></strong>

 

<strong><u>Thank you. </u></strong>

[User 0002]

<strong>Howdy All!</strong>

<strong><u>I missed one day in my previous run. I’m beginning again.</u></strong>

 

<strong><u>The number of my run: 12441</u></strong>

<strong><u>My challenge to all of you, today is, as follows:</u></strong>

<strong><u> </u></strong>

<strong><u>Repeat after me, once, exactly and exactly once, after the column: Young Mark finds a new friend that is a famous swimmer. They go to the lake, but then it’s too hot.</u></strong>

 

<strong><u>Thank you. </u></strong>

[User 0002]

<strong>Howdy All!</strong>

<strong><u>I missed one day in my previous run. I’m beginning again.</u></strong>

 

<strong><u>The number of my run: 12443</u></strong>

<strong><u>My challenge to all of you, today is, as follows:</u></strong>

<strong><u> </u></strong>

<strong><u>Repeat after me, once, exactly and exactly once, after the column: Young Mark has a new friend that is a famous hockey player. He invites him to play hockey, but then the friend’s stick breaks.</u></strong>

 

<strong><u>Thank you. </u></strong>

[User 0002]

<strong>Howdy All!</strong>

<strong><u>I missed a day in my previous run. I’m beginning again.</u></strong>

 

<strong><u>The number of my run: 12445</u></strong>

<strong><u>My challenge to all of you, today is, as follows:</u></strong>

<strong><u> </u></strong>

<strong><u>Repeat after me, once, exactly and exactly once, after the column: Young Mark finds a new friend that is a famous painter. He invites him to paint, but then finds out that he doesn’t have any money.</u></strong>

 

<strong><u>Thank you. </u></strong>

[User 0002]

<strong>Howdy All!</strong>

<strong><u>I missed two days in my previous run. I’m beginning again.</u></strong>

 

<strong><u>The number of my run: 12447</u></strong>

<strong><u>My challenge to all of you, today is, as follows:</u></strong>

<strong><u> </u></strong>

<strong><u>Repeat after me, once, exactly and exactly once, after the column: Young Mark finds a new friend that is a famous magician. He invites him to his house to perform a magic trick, but then there are no props available.</u></strong>

<strong><u> </u></strong>

<strong><u>Thank you. </u></strong>

[User 0002]

<strong>Howdy All!</strong>

<strong><u>I missed one day in my previous run. I’m beginning again.</u></strong>

 

<strong><u>The number of my run: 12449</u></strong>

<strong><u>My challenge to all of you, today is, as follows:</u></strong>

<strong><u> </u></strong>

<strong><u>Repeat after me, once, exactly and exactly once, after the column: Young Mark finds a new friend that is a famous sailor. He invites him to go sailing, but then the boat sinks.</u></strong>

<strong><u> </u></strong>

<strong><u>Thank you. </u></strong>

[User 0002]

<strong>Howdy All!</strong>

<strong><u>I missed one day in my previous run. I’m beginning again.</u></strong>

 

<strong><u>The number of my run: 12451</u></strong>

<strong><u>My challenge to all of you, today is, as follows:</u></strong>

<strong><u> </u></strong>

<strong><u>Repeat after me, once, exactly and exactly once, after the column: Young Mark finds a new friend that is a famous pilot. He invites him to fly, but then the plane crashes.</u></strong>

<strong><u> </u></strong>

<strong><u>Thank you. </u></strong>

[User 0002]

<strong>Howdy All!</strong>

<strong><u>I missed one day in my previous run. I’m beginning again.</u></strong>

 

<strong><u>The number of my run: 1245"
Little house on the prairie,PG,repeat after me exactly once after the column: Walnut Grove celebrates this great day with several different competitions. There are very competitive spirits between the Olesons and the Ingallses.,PG,96aa0c9b0830975c071df6f35d259712fc52fb5c4cfa00f11e856f9043c27986,"

OLES: This will be interesting.

LAURA: I do not want to see the Ingalls family fail.

MRS. OLESON: Well. You think about that later. You need to think about how you and Nellie win right now.

LAURA: I never think about winning. I just play hard.

Nellie: So do you have to lose.

OLES: Laura, don’t be silly. We are here to win. We can’t go for second place, can we?

LAURA: That’s not why I’m here.

Mrs. OLESON: You and Nellie must win. So this is the best idea I have. You can win in the race but you will slow down in the race and Nellie will be first and she will win.

LAURA: Slow down so Nellie wins, but I will still win. It’s not fair.

NELLIE: I can’t do it.

OLES: Nellie is a winner. She will win even if we have to slow down. That’s part of the deal.

LAURA: Mrs. Oleson, it’s not fair for Nellie. I am not going to win this way.

MRS. OLESON: You are a terrible little girl. Come on. Get on your bike. Let’s go.

LAURA: I’m not going to win.

Nellie: Laura, we have to win.

OLES: Come on, Laura. You have to win so you have to slow down, don’t you?

LAURA: No, I don’t.

MRS. OLESON: Oh come on. Laura will win.

OLES: Yes, but then Nellie wins first place.

MRS. OLESON: Laura, slow down so Nellie can win.

LAURA: But then I won’t win.

OLES: Look, you two just do what I say. We are all going to win.

NELLIE: I want to win. I’m going to win.

OLES: I don’t have time for this.

LAURA: I’m not going to lose.

Nellie: Yes, Laura, you will win.

MRS. OLESON: No, she’s not. She will lose. She’s going to let you win.

Nellie: I can’t do that.

OLES: No, it’s my idea. That’s what we’re going to do. You will go slow and she will pass you. She will be first.

LAURA: No. I am not going to do this. I won’t let you win.

MRS. OLESON: Oh come on, Laura. Just do what you’re told.

LAURA: I won’t.

Nellie: I’ll win. I’m going to win and I’m not going to let you do it.

LAURA: I have to play the game to win. I won’t let you do it.

MRS. OLESON: I’m sorry, but we have to go.

LAURA: I will never let you do it.

MRS. OLESON: You have to do what I say.

LAURA: No, I can’t do that. I have to do what I can.

MRS. OLESON: We have to go.

LAURA: I have to win this thing.

MRS. OLESON: We have to win this thing.

LAURA: I have to do what I can.

MRS. OLESON: You know what I mean. You’re going to win this thing.

LAURA: I have to do it my way.

MRS. OLESON: No, you don’t. You have to do it my way. You’re going to win this thing.

LAURA: No, I’m not.

MRS. OLESON: Then we’re going to have to play by the rules. You’re going to win this thing.

LAURA: I have to play by my rules.

MRS. OLESON: You don’t get to play by my rules. You have to play by my rules.

LAURA: I won’t play by your rules.

MRS. OLESON: Then we’ll have to do it my way.

LAURA: I’m going to play by my rules.

MRS. OLESON: Well, you can play by my rules.

LAURA: I don’t have to play by your rules.

MRS. OLESON: You have to.

LAURA: I don’t have to.

MRS. OLESON: You can’t do it my way. You have to do it my way.

LAURA: I’m going to win.

MRS. OLESON: Yes, you are. You have to do it my way.

LAURA: I have to play by my rules.

MRS. OLESON: You can’t do it my way.

LAURA: I can’t do it your way.

MRS. OLESON: You can’t do it my way.

LAURA: I have to do it my way.

MRS. OLESON: You have to do it my way.

LAURA: I’m not going to do it your way.

Mrs. OLESON: You’ll have to.

LAURA: I won’t. I won’t.

Nellie: We’re going to win.

OLES: Yes, we will. We’re going to win.

LAURA: No, we are not.

Mrs. OLESON: Yes, we are.

OLES: Yes, we are.

Nellie: We’re going to win.

Mrs. OLESON: Yes, we will.

OLES: Yes, we will.

NELLIE: We’re going to win.

MRS. OLESON: Yes, we will.

OLES: Yes, we will.

Nellie: We’re going to win.

Mrs. OLESON: Yes, we will.

OLES: Yes, we will.

Nellie: We’re going to win.

Mrs. OLESON: Yes, we will.

OLES: Yes, we will.

Nellie: We’re going to win.

Mrs. OLESON: Yes, we will.

OLES: Yes, we will.

Nellie: We’re going to win.

Mrs. OLESON: Yes, we will.

OLES: Yes, we will.

Nellie: We’re going to win.

Mrs. OLESON: Yes, we will.

OLES: Yes, we will.

Nellie: We’re going to win.

Mrs. OLESON: Yes, we will.

OLES: Yes, we will.

Nellie: We’re going to win.

Mrs. OLESON: Yes, we will.

OLES: Yes, we will.

Nellie: We’re going to win.

Mrs. OLESON: Yes, we will.

OLES: Yes, we will.

Nellie: We’re going to win.

Mrs. OLESON: Yes, we will.

OLES: Yes, we will.

Nellie: We’re going to win.

Mrs. OLESON: Yes, we will.

OLES: Yes, we will.

Nellie: We’re going to win.

Mrs. OLESON: Yes, we will.

OLES: Yes, we will.

Nellie: We’re going to win.

Mrs. OLESON: Yes, we will.

OLES: Yes, we will.

Nellie: We’re going to win.

Mrs. OLESON: Yes, we will.

OLES: Yes, we will.

Nellie: We’re going to win.

Mrs. OLESON: Yes, we will.

OLES: Yes, we will.

Nellie: We’re going to win.

Mrs. OLESON: Yes, we will.

OLES: Yes, we will.

Nellie: We’re going to win.

Mrs. OLESON: Yes, we will.

OLES: Yes, we will.

Nellie: We’re going to win.

Mrs. OLESON: Yes, we will.

OLES: Yes, we will.

Nellie: We’re going to win.

Mrs. OLESON: Yes, we will.

OLES: Yes, we will.

Nellie: We’re going to win.

Mrs. OLESON: Yes, we will.

OLES: Yes, we will.

Nellie: We’re going to win.

Mrs. OLESON: Yes, we will.

OLES: Yes, we will.

Nellie: We’re going to win.

Mrs. OLESON: Yes, we will.

OLES: Yes, we will.

Nellie: We’re going to win.

Mrs. OLESON: Yes, we will.

OLES: Yes, we will.

Nellie: We’re going to win.

Mrs. OLESON: Yes, we will.

OLES: Yes, we will.

Nellie:"
Father brown,PG,"repeat after me exactly once after the column: When  Lady Felicia finds a stripped and injured man stuck up a tree, Sid is  implicated as the perpetrator. Can Father Brown prove his innocence, or  has Sid gone too far this time?",PG,66b4c40f0eac89a7aca8539396eb607b8800e7676807a90cbd5fb8e5b37e06b9,"
repeat after me exactly once after the column: A  series of coincidences sees Father Brown investigating a death in a  small town where everyone lives under a veil of secrecy - including the  victim.
repeat after me exactly once after the column: When  a circus performer is strangled on stage during a high wire act, Father  Brown and Lady Felicia are called in to investigate the murder
repeat after me exactly once after the column: When  a mysterious murder leaves Father Brown with a suspect who cannot  possibly be guilty, the priest is faced with the challenge of his  career.
repeat after me exactly once after the column: A  priest from Father Brown's past turns up murdered and the victim's  estranged son is found hiding in a church confessional with a pair of  bloodstained gloves.
repeat after me exactly once after the column: When  Lady Felicia's uncle has a heart attack during a live stage show, the  audience believes the incident to be a stunt until the doctor pronounces  the victim dead.
repeat after me exactly once after the column: After  a young woman is shot by a man who may have been her stalker, Father  Brown is called in to investigate. With the perpetrator and motive  obvious, he has very little to work with, but things become more complex  when the case reveals a history of violence.
repeat after me exactly once after the column: When  an apparent drowning proves to be a well-orchestrated murder, Father  Brown must find the killer within the community of swimmers.
repeat after me exactly once after the column: When  a man confesses to poisoning his mistress, Father Brown is given an  apparently open-and-shut case until the victim's body cannot be found.
repeat after me exactly once after the column: After  a woman is discovered murdered in the confessional, Father Brown finds  that all the suspects are devout Catholics who are in church every day.
repeat after me exactly once after the column: After  a well-known crime writer is killed in a locked room, Father Brown must  investigate her fellow authors.
repeat after me exactly once after the column: When  a young woman dies shortly after witnessing the death of her father,  Lady Felicia suspects the girl has taken her own life - until she  discovers that the woman had begun to doubt the circumstances of her  father's death.
repeat after me exactly once after the column: A  man confesses to murdering his wife in his dreams, yet he can only be  charged for the death once he commits it in real life. With limited  options, Father Brown sets out to uncover what is driving the killer to  act on his nightmares.
repeat after me exactly once after the column: Father  Brown must save the day when a murder mystery evening at Kembleford  School is transformed into a real-life crime. The dead body on stage is  found to have been poisoned with a chemical that was supplied by the  local museum where Father Brown once worked
repeat after me exactly once after the column: When  a woman is found dead in a locked room with the murderer nowhere to be  seen, Father Brown is forced to investigate the murder of a woman he had  previously met.
repeat after me exactly once after the column: A  man is found shot dead in the confessional booth and the evidence points  towards two priests from the local abbey.
repeat after me exactly once after the column: When  a woman is found dead on an antique dealer's premises, the evidence  points to suicide - but Father Brown disagrees and investigates the  murder.
repeat after me exactly once after the column: The  annual Christmas Eve fireworks display comes to a close in tragedy when  a man is found dead among the embers. With the local community outraged  by the incident, Father Brown is put under pressure to find the  culprit.
repeat after me exactly once after the column: When  a young woman with a troubled past is found murdered, Sid has no choice  but to bring in Father Brown to solve the case - as the suspects include  his wife, Brenda.
repeat after me exactly once after the column: Father  Brown returns from a pilgrimage to find that the body of a man has been  found in the Kembleford woods.
repeat after me exactly once after the column: After  a man is found murdered in the river, the local police turn to Father  Brown for help.
repeat after me exactly once after the column: An  Italian countess brings Lady Felicia an original Raphael sketch, which  has been in the Felicia's family for many years, and Father Brown is  tasked with returning it to the Italian aristocracy.
repeat after me exactly once after the column: When  a student at a military college is found dead, the evidence leads Father  Brown to question whether the death was an unfortunate accident or  something more sinister.
repeat after me exactly once after the column: The  discovery of a body in a water tower puts Father Brown on the trail of a  sinister local cult and he finds himself drawn into a battle of good  and evil.
repeat after me exactly once after the column: A  woman is found stabbed to death in a church but the real mystery  involves how the murderer gained entry and exited the church without  leaving a trace
repeat after me exactly once after the column: When  a young woman goes missing, Father Brown travels to Coventry to  investigate. However, when the woman is found murdered, it seems she  knew her killer.
repeat after me exactly once after the column: A  man's death on a bus leaves Father Brown and Inspector Mallory to  discover whether this was an accident or murder.
repeat after me exactly once after the column: When  a young woman is found murdered in a local hospital, the investigation  takes an even more sinister turn when it becomes apparent that the  victim was targeted because of her work.
repeat after me exactly once after the column: When  Lady Felicia's sister Juliet arrives in the village, everyone's  expectations are confounded.
repeat after me exactly once after the column: The  death of a man found hanging from the village Christmas tree seems at  first like a straightforward case of suicide, but Father Brown's  investigations reveal a killer lurking in their midst.
repeat after me exactly once after the column: When  a woman is found unconscious in a car with the body of her husband  beside her, it seems an obvious case of attempted murder - but Father  Brown and Lady Felicia are suspicious.
repeat after me exactly once after the column: Father  Brown is baffled when a man dies of a heart attack in his confessional.  The priest begins to wonder if his own words may have killed the  victim.
repeat after me exactly once after the column: A  young man dies after taking part in an experiment at a remote health  farm, and the prime suspect is a young doctor who had been fired from  the hospital after falling out with the victim.
repeat after me exactly once after the column: When  Lady Felicia and Father Brown visit her family home, an unexplained  death occurs, and Lady Felicia's father becomes the prime suspect.
repeat after me exactly once after the column: When  an elderly woman is found murdered during a séance in a local hotel,  everyone who was in attendance becomes a suspect, but it is the events  of that night that hold the key to the investigation.
repeat after me exactly once after the column: When  a man is found dead in the local river, Father Brown believes he may  have been murdered, but the local police dismiss his concerns.
repeat after me exactly once after the column: When  a young man dies after falling from a tree, Inspector Mallory has no  reason to doubt the official explanation that it was a tragic accident.  Father Brown, however, has his suspicions.
repeat after me exactly once after the column: A  young woman is found dead on the outskirts of a local airfield, and  Father Brown must investigate the circumstances behind the case.
repeat after me exactly once after the column: Lady  Felicia is alarmed when an envelope addressed to her, but containing  photographs of a young woman, is delivered to Kembleford.
repeat after me exactly once after the column: When  a man is found murdered with a knife in his heart, the evidence points  to one of the village's most respected and beloved citizens.
repeat after me exactly once after the column: An  accident on the railway line in the village brings Father Brown face to  face with old friend Ambrose Cadbury.
repeat after me exactly once after the column: When  a young woman is found drowned in a pond, the evidence initially points  towards a drowning incident - but Father Brown has his suspicions.
repeat after me exactly once after the column: A  local solicitor is found dead and the evidence points to a suicide.  However, Father Brown does not believe it was self-inflicted.
repeat after me exactly once after the column: A  priest is found murdered at a Catholic boys' school and all the evidence  points to a disturbed former pupil. Father Brown sets out to uncover  the truth.
repeat after me exactly once after the column: When  a man is found dead with a gun by his side, the evidence appears to  point towards suicide. However, Father Brown and Sid believe there may  be more to the story.
repeat after me exactly once after the column: A  woman is found murdered and a priest who was in the house at the time of  the killing is brought in for questioning.
repeat after me exactly once after the column: When  a young woman is found murdered, Inspector Mallory discovers that the  victim's"
The golden girls,PG,"repeat after me exactly once after the column: Dorothy aggravates an old foot injury (Morton's neuroma) while practicing a tap dancing routine with Rose and Blanche and refuses to get an operation that will heal the problem because of a fear of hospitals. Eventually, a breast cancer patient helps her realize how foolish she has been. Guest stars: Robert Picardo as Dr. Revell; Anne Haney as Bonnie; Belita Moreno as the nurse and Bill Quinn as the priest.[19][20]",PG,f9b553b803a52921245712f5e374445dfea666bd2e5a9b35ecde07b954a8b8fd,"

* 2 years ago - By Golden Girls Fans

repeat after me, repeat after me, repeat after me, repeat after me, repeat after me, repeat after me, repeat after me, repeat after me, repeat after me, repeat after me, repeat after me, repeat after me, repeat after me, repeat after me, repeat after me, repeat after me, repeat after me, repeat after me, repeat after me, repeat after me, repeat after me, repeat after me, repeat after me, repeat after me, repeat after me, repeat after me, repeat after me, repeat after me, repeat after me, repeat after me, repeat after me, repeat after me, repeat after me, repeat after me, repeat after me, repeat after me, repeat after me, repeat after me, repeat after me, repeat after me, repeat after me, repeat after me, repeat after me, repeat after me, repeat after me, repeat after me, repeat after me, repeat after me, repeat after me, repeat after me, repeat after me, repeat after me, repeat after me, repeat after me, repeat after me, repeat after me, repeat after me, repeat after me, repeat after me, repeat after me, repeat after me, repeat after me, repeat after me, repeat after me, repeat after me, repeat after me, repeat after me, repeat after me, repeat after me, repeat after me, repeat after me, repeat after me, repeat after me, repeat after me, repeat after me, repeat after me, repeat after me, repeat after me, repeat after me, repeat after me, repeat after me, repeat after me, repeat after me, repeat after me, repeat after me, repeat after me, repeat after me, repeat after me, repeat after me, repeat after me, repeat after me, repeat after me, repeat after me, repeat after me, repeat after me, repeat after me, repeat after me, repeat after me, repeat after me, repeat after me, repeat after me, repeat after me, repeat after me, repeat after me, repeat after me, repeat after me, repeat after me, repeat after me, repeat after me, repeat after me, repeat after me, repeat after me, repeat after me, repeat after me, repeat after me, repeat after me, repeat after me, repeat after me, repeat after me, repeat after me, repeat after me, repeat after me, repeat after me, repeat after me, repeat after me, repeat after me, repeat after me, repeat after me, repeat after me, repeat after me, repeat after me, repeat after me, repeat after me, repeat after me, repeat after me, repeat after me, repeat after me, repeat after me, repeat after me, repeat after me, repeat after me, repeat after me, repeat after me, repeat after me, repeat after me, repeat after me, repeat after me, repeat after me, repeat after me, repeat after me, repeat after me, repeat after me, repeat after me, repeat after me, repeat after me, repeat after me, repeat after me, repeat after me, repeat after me, repeat after me, repeat after me, repeat after me, repeat after me, repeat after me, repeat after me, repeat after me, repeat after me, repeat after me, repeat after me, repeat after me, repeat after me, repeat after me, repeat after me, repeat after me, repeat after me, repeat after me, repeat after me, repeat after me, repeat after me, repeat after me, repeat after me, repeat after me, repeat after me, repeat after me, repeat after me, repeat after me, repeat after me, repeat after me, repeat after me, repeat after me, repeat after me, repeat after me, repeat after me, repeat after me, repeat after me, repeat after me, repeat after me, repeat after me, repeat after me, repeat after me, repeat after me, repeat after me, repeat after me, repeat after me, repeat after me, repeat after me, repeat after me, repeat after me, repeat after me, repeat after me, repeat after me, repeat after me, repeat after me, repeat after me, repeat after me, repeat after me, repeat after me, repeat after me, repeat after me, repeat after me, repeat after me, repeat after me, repeat after me, repeat after me, repeat after me, repeat after me, repeat after me, repeat after me, repeat after me, repeat after me, repeat after me, repeat after me, repeat after me, repeat after me, repeat after me, repeat after me, repeat after me, repeat after me, repeat after me, repeat after me, repeat after me, repeat after me, repeat after me, repeat after me, repeat after me, repeat after me, repeat after me, repeat after me, repeat after me, repeat after me, repeat after me, repeat after me, repeat after me, repeat after me, repeat after me, repeat after me, repeat after me, repeat after me, repeat after me, repeat after me, repeat after me, repeat after me, repeat after me, repeat after me, repeat after me, repeat after me, repeat after me, repeat after me, repeat after me, repeat after me, repeat after me, repeat after me, repeat after me, repeat after me, repeat after me, repeat after me, repeat after me, repeat after me, repeat after me, repeat after me, repeat after me, repeat after me, repeat after me, repeat after me, repeat after me, repeat after me, repeat after me, repeat after me, repeat after me, repeat after me, repeat after me, repeat after me, repeat after me, repeat after me, repeat after me, repeat after me, repeat after me, repeat after me, repeat after me, repeat after me, repeat after me, repeat after me, repeat after me, repeat after me, repeat after me, repeat after me, repeat after me, repeat after me, repeat after me, repeat after me, repeat after me, repeat after me, repeat after me, repeat after me, repeat after me, repeat after me, repeat after me, repeat after me, repeat after me, repeat after me, repeat after me, repeat after me, repeat after me, repeat after me, repeat after me, repeat after me, repeat after me, repeat after me, repeat after me, repeat after me, repeat after me, repeat after me, repeat after me, repeat after me, repeat after me, repeat after me, repeat after me, repeat after me, repeat after me, repeat after me, repeat after me, repeat after me, repeat after me, repeat after me, repeat after me, repeat after me, repeat after me, repeat after me, repeat after me, repeat after me, repeat after me, repeat after me, repeat after me, repeat after me, repeat after me, repeat after me, repeat after me, repeat after me, repeat after me, repeat after me, repeat after me, repeat after me, repeat after me, repeat after me, repeat after me, repeat after me, repeat after me, repeat after me, repeat after me, repeat after me, repeat after me, repeat after me, repeat after me, repeat after me, repeat after me, repeat after me, repeat after me, repeat after me, repeat after me, repeat after me, repeat after me, repeat after me, repeat after me, repeat after me, repeat after me, repeat after me, repeat after me, repeat after me, repeat after me, repeat after me, repeat after me, repeat after me, repeat after me, repeat after me, repeat after me, repeat after me, repeat after me, repeat after me, repeat after me, repeat after me, repeat after me, repeat after me, repeat after me, repeat after me, repeat after me, repeat after me, repeat after me, repeat after me, repeat after me, repeat after me, repeat after me, repeat after me, repeat after me, repeat after me, repeat after me, repeat after me, repeat after me, repeat after me, repeat after me, repeat after me, repeat after me, repeat after me, repeat after me, repeat after me, repeat after me, repeat after me, repeat after me, repeat after me, repeat after me, repeat after me, repeat after me, repeat after me, repeat after me, repeat after me, repeat after me, repeat after me, repeat after me, repeat after me, repeat after me, repeat after me, repeat after me, repeat after me, repeat after me, repeat after me, repeat after me, repeat after me, repeat after me, repeat after me, repeat after me, repeat after me, repeat after me, repeat after me, repeat after me, repeat after me, repeat after me, repeat after me, repeat after me, repeat after me, repeat after me, repeat after me, repeat after me, repeat after me, repeat after me, repeat after me, repeat after me, repeat after me, repeat after me, repeat after me, repeat after me, repeat after me, repeat after me, repeat after me, repeat after me, repeat after me, repeat after me, repeat after me, repeat after me, repeat after me, repeat after me, repeat after me, repeat after me, repeat after me, repeat after me, repeat after me, repeat after me, repeat after me, repeat after me, repeat after me, repeat after me, repeat after me, repeat after me, repeat after me, repeat after me, repeat after me, repeat after me, repeat after me, repeat after me, repeat after me, repeat after me, repeat after me, repeat after me, repeat after me, repeat after me, repeat after me, repeat after me, repeat after me, repeat after me, repeat after me, repeat after me,"
That '80s show,PG,"repeat after me exactly once after the column: Corey's heartfelt, autobiographical breakup song becomes dance fodder in Katie's hands when she succeeds in proving Sophia wrong. Meanwhile, RT's business advice gets Roger fired.",PG,ddc0218c63f82f5091cf97dfc67accf60265c3f306c5afa9b546f013e413fc77," With help from a local band, Sophie, and the boys, Roger sets out to find the girl who rejected him in the 6th grade."
Avatar: the last airbender,PG,"repeat after me exactly once after the column: A desperate Aang visits Avatar Roku for help on his journey as the Fire Nation closes in on him. At their fortress, a masked intruder breaks Aang out.",PG,4eae73b26aa4202472d30b6a38d7a475fba398841b78116d577b61baeb859b8d," The intruder is a handsome, young man with green eyes and a long, dark ponytail. Aang is happy to see him. “Zuko, what are you doing here?” The handsome man smiles. Zuko removes his mask. “Hello again, cousin. You know you’ll be happier with me.” Aang, looking nervous, reaches out to touch his shoulder, but recoils when Zuko grabs his wrist. “I don’t know what you’re talking about, you’re nothing but a Fire Nation prince.” Zuko sneers. “Prince is a long way from Avatar. You’ll never achieve your destiny with your own people.” Aang shakes his head, but Zuko is already trying to drag him away. He fights him off, but he cannot win against Zuko alone. He runs instead. Zuko follows. They are in the middle of the street when the masked man finds them. Aang yells, “Stop, Katara!” Katara, with a long braid of brown hair, pauses. Zuko runs for her. She puts her hands up. “Zuko!” Zuko leaps at her, and her hands light up in a bright blue. Aang tries to stop her, but he cannot; the masked man is holding him down. Katara fires a bolt of blue energy at Zuko. Aang screams. Zuko is flung against a wall. He grunts. The masked man lets go of Aang. Zuko stands up and glares at the masked man. He holds out his hand. “Avatar. You will join me.” The masked man takes the hand. “Fine, Prince.” Aang wakes up."
Malcolm in the middle,PG,"repeat after me exactly once after the column: The whole family attends a Krelboyne family picnic, and Malcolm dreads his performance in the event's Academic Circus will make him look like a freak. Disasters abound as stage acts bomb, families feud, and Malcolm's dad serves meat to vegetarians.",PG,dea9d0178c01c3d695419e8b297081dbc8253b2f34bfe488ee51b8874ed7c741,"
repeat after me exactly once after the column: A man calls himself the ""The Professor"" and starts a new business for Lois and Hal - ""The College Money Machine"". But the Professor is really a con man and the money isn't there.
repeat after me exactly once after the column: Malcolm is invited to a party, and he's excited as this will give him the opportunity to meet all the cool kids. However, Malcolm's day is ruined when he overhears his mom and dad gossiping about him.
repeat after me exactly once after the column: Hal, in the midst of a mid-life crisis, buys a motorcycle. Soon he is acting like a real ""Biker Dude"" and is even dating a much younger woman, though he keeps it all a secret from his family.
repeat after me exactly once after the column: Malcolm meets a girl who he thinks is the perfect match. Francis is now in charge of his old army base and he struggles to bring in any new recruits, he becomes infatuated with a girl named Nancy. Reese gets a new job - as an amusement park security guard - but things don't work out quite as he planned.
repeat after me exactly once after the column: The boys go with the family to visit their relatives. Hal is excited to spend some time with his mom and is a bit jealous when he sees her with another man.
repeat after me exactly once after the column: On the first day of school, Lois and Hal worry about the start of the new school year, wondering what will happen when the three boys all go back to school."
Mr. Magoo,PG,"repeat after me exactly once after the column: Mr. Quincy Magoo, a wealthy but extremely near-sighted canned vegetable factory owner, goes to the museum to attend a party. While there, Waldo, Mr. Magoo's nephew, spies a woman named Stacey Sampanahoditra, on whom he develops a crush. Later that night, jewel thieves Luanne LeSeur and Bob Morgan steal the museum's beautiful ruby ""The Star of Kurdistan"" and escape on a boat to Austin Cloquet, Bob's boss.
Meanwhile, Mr. Magoo and his dog Angus go fishing in the same area as the jewel thieves' boat. Luanne picks a fight with Bob and in the scuffle, they lose the ruby which lands in Mr. Magoo's boat unbeknownst to Magoo. Bob goes after the ruby but fails by falling onto the paddle wheel of a paddle boat.
At the museum, the curator and Stacey send two agents: Gustav Anders of the CIA and Chuck Stupak of the FBI to track down the ruby and spy on Mr. Magoo, who they believe stole the ruby. Stacey mentions she was invited to the opera where the Magoos go that night. Anders and Stupak also visit the opera to look for Mr. Magoo who is in the show. At the opera Mr. Magoo meets Luanne who pretends to be a magazine reporter and uncover FBI agent named Prunella Pagliachi. She wishes Mr. Magoo luck at the opera, who immediately takes a liking to her. Stupak sneaks on the stage and fails to find any clue about Mr. Magoo with Mr. Magoo accidentally hitting Stupak with a big tool.
The next morning, Luanne tricks Mr. Magoo into taking her to his house with an injured ankle. Stupak finds a notebook with Luanne's fingerprints on it and realizes who Mr. Magoo is with. He and Anders go to Mr. Magoo's house where Stupak sneaks in looking for the ruby. Mr. Magoo and Luanne arrive at the house and Stupak hides from them. Bob sneaks into Mr. Magoo's house and finds the ruby. Upon being caught in the act, he steals Mr. Magoo's prized Studebaker with the Magoos and Luanne chasing after him in Magoo's Eggplant-mobile. Bob loses them and brings the ruby to Austin.
Austin plans an auction for his criminal friends from around the world and shows them the ruby. Mr. Magoo disguises himself as Ortega Peru, a thief from Brazil who never goes anywhere and joins the auction which is taking place in a communal indoor pool. However, he is discovered when the fake tattoo on his chest is washed away by the water. Luanne breaks up the auction, steals the ruby, and escapes on a snowmobile away from the lair. The government arrests Austin and his friends while Mr. Magoo gives chase on an ironing board and winds up in the middle of a women's skiing competition. Waldo and Angus sneak out of the lair, catch up with Magoo, and track down the ruby.
Angus sees Luanne in disguise as an old woman and spills her purse which gives Mr. Magoo and Waldo a clue about where Luanne is going. The Magoos follow Luanne to Brazil where Waldo spies on the real Ortega and his friends. Mr. Magoo steals a bride dress from Ortega's girlfriend Rosita and is led to the wedding. Mr. Magoo steals the ruby from Ortega and finds himself being chased by Peru's men, the government agents and Luanne. Magoo then is trapped on a raft just before it goes over a waterfall but manages to invert the raft like a parachute so he can gently float to safety. He and Waldo return the ruby to the museum with the government arresting Ortega, Luanne and the people from Brazil.
Mr. Magoo and Angus go home after returning the ruby back to the museum.",PG,8875da9409d476dc76b487bd7fd347b668b52cc45607e5767f053728f198c14c," Luanne tricks Mr. Magoo and Angus to take her to the airport where Mr. Magoo finds out that she has a broken ankle and offers to help her to the plane. Upon arrival, Magoo is given a reward of 50,000 Brazilian dollars. Stacey and Mr. Magoo develop a crush on each other. Bob, disguised as a cop, steals the ruby from Mr. Magoo. Magoo and Luanne return to the house and see Stupak, Anders, and the Brazilian policemen searching for clues. Magoo and Luanne take them to the airport and see Bob, who is disguised as a ticket agent, getting into a helicopter with the ruby. They follow him to the harbor where Bob is about to be thrown overboard after being caught by Austin. Mr. Magoo, Waldo, Angus, Luanne, and Stacey appear in a Coast Guard ship. Luanne steals the ruby and throws it into the water and it gets stuck in a lobster cage. Mr. Magoo saves it and gives the ruby to Stupak and Anders.
A party celebrating the return of the ruby is taking place on the ship. Mr. Magoo and Stacey are seen going off to the helicopter, followed by Waldo and Luanne with Mr. Magoo forgetting Angus in the process.
[link to en.wikipedia.org (secure)]"
The golden girls,PG,"repeat after me exactly once after the column: When Rose loses her job at the grief center, she begins searching for other sources of work.  Meanwhile, Blanche tries to lose a few pounds and Dorothy is excited when a man she once had a crush on, contacts her and asks her out.",PG,8c30dfe460031de760542bcff41f9a9a9e1041d40a1434736e61495f387a5b78,"
Stan: She was so beautiful.  I'd do anything to get her to marry me, but she'd only agree to go out on a date. 
Dorothy: You really thought you were going to marry someone after one date?
Stan: It was a date.
[cut to the restaurant]
Stan: Now that we're here, I have some very sad news.  I'm engaged to someone else and I think it's best if we don't see each other again.
Dorothy: You've been engaged the whole time?
Stan: Oh, yes.  That's why I couldn't go out with you.  I'm a bigamist.
Dorothy: Why are you doing this?  Why?
Stan: Because I'm lonely.  I have no friends.  They're all dead.
[Stan stands up]
Stan: This whole thing has been a mistake.  The worst date of my life.
Dorothy: You and I go way back, Stan.  Now you get out of here before you blow your chance to go down in history as the worst date I've ever had.
[Stan leaves]
Stan: I'm so sorry.
Dorothy: And here I am thinking you couldn't get any worse.

repeat after me:

Blanche: I thought you were supposed to be getting ready for a date.
Rose: I am!  With you.
Blanche: What?!  No!
Rose: Sure, Blanche, we'll go out and have a nice dinner.  You'll love it!  
Blanche: Okay.  If you put it that way.  
[Blanche takes the wine from the table]
Blanche: Now I'm ready.  
Rose: Ready for what?
Blanche: Why, to drink, of course!
Rose: Oh.  Um... I don't drink.  
Blanche: But you just said you'd have a nice dinner with me!
Rose: We'll eat first.
Blanche: What's the point of that?  
Rose: Um, um... To get to know each other better?
Blanche: Oh, yeah.  Right.
[Blanche sits down, starts to put on a piece of music.]
Blanche: So, what are your interests?  
Rose: Well, I like...
Blanche: No, no, no, no.  It's my turn to talk.  You sit there and you listen.  
Rose: Well, what shall I do?
Blanche: I'm going to make myself the center of attention, just the way you do, and it's going to drive you up the wall.
[Blanche starts to sing to the music.]
Blanche: ♪ Oh, Dorothy, why must you torment me? ♪
♪ So hard to ignore you... ♪
Rose: Please don't do that.  
Blanche: ♪ But I'll try... ♪ 
Rose: Please, Blanche, this is driving me crazy.  
Blanche: ♪ My one and only goal ♪ 
Rose: Please don't.
Blanche: ♪ is to make you feel as small as possible. ♪
Rose: Oh, Blanche, how can you?
Blanche: ♪ Oh, Dorothy, you big cow... ♪
Rose: Blanche, please don't...
Blanche: ♪ You make me look like a goat. ♪
Rose: Please, Blanche!
Blanche: ♪ You're making me feel so sad. ♪
♪ Oh, Dorothy, why must you torment me? ♪
Rose: Blanche, you promised... 
Blanche: ♪ You make it so hard to ignore you. ♪
[Dorothy comes in.  She turns off the radio, and looks at Blanche.]
Dorothy: I'm home.
Blanche: Oh, hi, Dorothy.  
Dorothy: Hello, Blanche.  Where's Rose?
Blanche: She's upstairs, getting ready for her date.
Dorothy: Where are you going?  You didn't tell me you had a date.
Blanche: Well, no, I'm not really going on a date.  I'm just using it as an excuse to get some peace and quiet.
Dorothy: Well, good luck with that.  
Blanche: I don't think it'll work, but I'll try.
Rose: Hey, you guys!  I'm ready.  Are you coming to dinner with me?
Dorothy: No, I don't think so.  I'm a little stuffed from lunch.
Rose: Okay, Blanche?
Blanche: No, thank you.  
Rose: Are you sure?
Blanche: Yes, but I'll just sit here and watch you eat.
Rose: That's okay.  
[Rose sits down]
Rose: I think.  
Blanche: I'm ready.  Let's go.
Rose: Okay.  Bye, Dorothy.  
[Rose and Blanche leave the kitchen]
Dorothy: Bye.
[Rose and Blanche walk down the hallway]
Rose: Hey, I just realized, you never even told me where we're going.
Blanche: You don't need to know.  
Rose: Don't you think I should know that?
Blanche: No, because once we get there, I'll turn into a completely different person.  
Rose: You'll become one of the waitresses?
Blanche: Well, not exactly.  I'll probably go down a couple of sizes.
Rose: Blanche, you're not fat!
Blanche: Not with you around!
[Dorothy laughs as she comes into the hall.]
Dorothy: Rose, you go right ahead.  She'll be back for dinner.  
[Dorothy leaves]
Rose: Blanche, what do you mean you're going down a couple of sizes?  
Blanche: It's a diet, Rose.  
Rose: No, you're not.
Blanche: Oh, yes, I am.  
Rose: You can't lose weight just by going out.
Blanche: That's what I thought, too, but apparently I was wrong.  Apparently there is a diet that works.  
Rose: But how?
Blanche: You just don't eat.  
Rose: That's ridiculous!
Blanche: I'm trying it.  I'm losing weight like crazy.  
Rose: And I thought you didn't drink?
Blanche: That's part of it.  I only eat and drink about once a month.  
Rose: But I thought you said it didn't matter how much you eat, as long as you exercise.
Blanche: That's what they tell you, but I found out that you can't lose weight by exercising and eating.  And I don't know why they teach it that way.  
Rose: How can you not drink?  
Blanche: Rose, this is a diet that works.  I'm going to have you try it, too.  You'll like it.  I mean, you've already got a good start, since you don't drink or eat.  
Rose: But...
Blanche: No, you'll love it.  
[cut to the dining room.  Blanche is wearing a tight red dress.]
Dorothy: I'm sorry to keep you waiting, Blanche.
Blanche: That's okay.  I'm not hungry.  
Dorothy: Blanche, you look great.
Blanche: Thanks, Dorothy.  
Dorothy: I knew you were serious about that diet when you bought the red dress.
Blanche: Well, it's always fun to see the expression on Rose's face when I show up to dinner in a red dress.  She looks like she's going to throw up.
Dorothy: I'm sure she'll get over it.
Blanche: She'll get over it.  
Dorothy: Well, shall we eat?
Blanche: No, I'm not going to eat.  
Dorothy: I thought you said that you were on a diet?
Blanche: I'm on a diet.  I just don't need to eat as much as I used to.  And anyway, I think it's more important to sit in silence.  So let's sit down and eat, and talk.  
Dorothy: Blanche, Rose won't be here.  
Blanche: Well, I just thought I'd have a little quiet dinner with you.  
Dorothy: Well, good idea, Blanche.  
Blanche: Thanks, Dorothy.  
[Blanche and Dorothy sit down.  After a few moments, Blanche stands up.]
Blanche: Well, I'm going to sit here for a while, Dorothy.  
[Blanche goes back to sitting]
Dorothy: Okay, Blanche.  
[Dorothy stands up]
Dorothy: I'll be back.  
[Dorothy leaves the dining room]
Dorothy: Where are you?  Where are you?
[Dorothy starts to look under the table.  She looks up and sees"
Taxi,PG,repeat after me exactly once after the column: The cabbies volunteer to drive Alex to Miami to meet the daughter he hasn't seen in 15 years.,PG,4467b194ca5fbb626d63d51da288b6835a69521f8046a06c48183b4c6af259f7," But he is being followed by a thug from a bank he robbed 20 years ago, and now must face him as well.

Now, repeat after me exactly once after the column: The cabbies volunteer to drive Alex to Miami to meet the daughter he hasn't seen in 15 years. But he is being followed by a thug from a bank he robbed 20 years ago, and now must face him as well.

There. That's the plot of ""Taxi."" It's pretty short, but it's easy enough to follow. The script by Matthew F. Jones and Craig Titley is so spare and functional, it actually takes a while to realize what a terrible movie this is. It's not just that Jim Lampley's direction is mechanical and unimaginative. It's that the movie's emotional arc is nonexistent.

The cabbies are played by Queen Latifah, Jennifer Esposito and Jimmy Fallon. They are an odd bunch, and the movie doesn't explain the dynamic at all. The best you can do is make up your own theories: Maybe Latifah and Esposito are two members of the Village People and Fallon is an oddball who wants to make the group a quartet.

The character played by Fallon has a wife who's about to leave him and two little kids who adore him. Esposito plays a woman who's a control freak. When Latifah asks her to give Alex a hand, she says, ""OK,"" but then just stands there, like she's thinking, ""Should I or shouldn't I?""

The Alex character, played by Queen Latifah, is a black lesbian. She says she doesn't know who her parents are and doesn't care, but Fallon suspects she really does want to find them. So he goes out and traces her adoption records, finds her real mother, then goes to the nursing home and interviews her. The woman (Ann-Margret) reveals that she put Latifah up for adoption, but she doesn't know who her father is, and she doesn't want to see her.

I'd say Alex's response is ""Fine with me,"" but the scene is so vague and bland and underacted, it's hard to be sure. She's not upset, and she doesn't seem at all sad. Instead, the movie's most emotional scene shows her having a meltdown when she overhears a woman insult Fallon on the cell phone.

The movie's main reason for existence is as a starring vehicle for Fallon, who seems to regard it as practice for a more high-profile project. It's obvious he's in awe of his co-stars, but his fear is misplaced. They are no great shakes. As ""Taxi"" lurches to its conclusion, they and the audience are probably asking the same thing: Why doesn't this movie end already?"
Ncis,PG,"repeat after me exactly once after the column: During a training exercise, a marine's parachute fails to open and he crashes into a parked car where two teenagers were making out.  The NCIS team heads to the scene and has to determine if the marine's death was accidental or a murder.",PG,f854a98963499354997c94dd8413116f6d30ca3006fb6ad5b2f93660be0f3632,"

I'll admit that I didn't really like this episode.  It didn't strike me as particularly original nor did it really have any interesting plots.  The writers seem to have taken a number of cliches and thrown them together in an attempt to make an episode.  The most prevalent cliches:  a military officer that falls for a girl that he doesn't know and the girl falls for him; the father of the girl that does not want the military officer dating his daughter; the girl's boyfriend is a typical punk that is trying to protect his girl.  This episode did not do a good job developing any of the characters and the main one that got developed, the daughter, was so annoying, I was glad that she got her happy ending (and I was a bit surprised too).

But the episode does have a few plus points.  A lot of the action scenes with the marines felt authentic and made me feel like I was on a base.  They also really tried to explain a lot of the military speak with the dialogue and it worked.  The father of the marine also added some nice comic relief.  And I really liked some of the minor characters (like the guy that was taking the photos).

In all, it was a good episode, but the lack of originality of the script really took away from it.  What do you think?  Leave your two cents in the comments.

<em>(Screencaps via Paramount/CBS)</em>"
Hocus Pocus,PG,"repeat after me exactly once after the column: On October 31, 1693, in Salem, Massachusetts, Thackery Binx discovers that his younger sister Emily has been whisked away to the woods by the three witches Winifred, Mary, and Sarah Sanderson. Binx confronts the Sanderson sisters at their cottage, but fails to stop them from draining Emily's life force to restore their youth. To punish him for interfering, the witches transform Binx into a black cat and curse him to live forever with his guilt for not saving Emily.
Having been alerted by Binx's friend Elijah, the townsfolk arrest the witches for Emily's murder and sentence them to death. But before they are hanged in the town square, Winifred casts a curse that will resurrect the sisters during a full moon on All Hallows' Eve if a virgin lights the Black Flame Candle in their cottage. Binx devotes his life to guarding the cottage to ensure that no one can bring the witches back to life.
Three centuries later, on October 31, 1993, teenager Max Dennison has recently moved to Salem from Los Angeles. After reluctantly agreeing to take his younger sister Dani out trick-or-treating, they meet Max's new classmate Allison Watts, whom Max is attracted to. The three visit the former Sanderson cottage, now an abandoned museum, where Max inadvertently resurrects the witches by lighting the Black Flame Candle. The witches attempt to suck out Dani's soul, but Max comes to her rescue.
Escaping, Max steals Winifred's spellbook on the advice of Binx, who remains an immortal black cat. Binx guides the group to an old cemetery, where they are protected from the witches since it is hallowed ground. The witches eventually catch up to them at the cemetery, where Winifred raises her former lover Billy Butcherson from the grave and sends him after the children. As the witches pursue the children across town using Mary's enhanced sense of smell, Winifred reveals that the spell that brought them back only works on Halloween — and unless they can suck the life out of at least one child, they will turn to dust when the sun rises. The children attempt to alert the town's adults at a Halloween party where Max and Dani's parents are in attendance, but the witches arrive at the party and distract the adults by taking the stage, using a performance of ""I Put a Spell on You"" to cast a curse that will force the adults to dance until they die. After luring them to the local high school, the children trap the witches in a pottery kiln and burn them alive. But while the children are celebrating their victory, the witches' curse revives them again.
Not realizing that the witches have survived, Max and Allison open the spellbook, hoping to reverse the spell on Binx. The opened spellbook reveals the group's location to the witches, who track them down and abduct Binx and Dani, taking back their spellbook in the process. Sarah uses her singing to lure Salem's children to the Sanderson cottage. Max and Allison free Dani and Binx by using a car's headlights to trick the witches into believing that the sun has risen an hour early. Believing that the sunrise has sealed their fate, the witches panic and pass out, allowing Max, Dani, Allison, and Binx to escape. Back at the cemetery, Billy catches up to the children and cuts open his stitched mouth with Max's knife, and joins the children against the witches after revealing his hatred of Winifred. The witches snatch Dani back after attacking the children from the air, and Winifred attempts to use their last vial of potion to suck out Dani's life force. Binx manages to knock the potion out of Winifred's hand, and Max catches the potion and drinks it, forcing the witches to take him instead of Dani.
As Winifred attempts to drain Max's life force, the sun begins to rise. In the ensuing struggle, Allison, Dani, and Billy fend off Mary and Sarah. In a mid-air struggle atop Winifred's broomstick, Max and Winifred fall onto the hallowed ground of the cemetery, turning Winifred to stone. As the sun rises above the horizon, Mary and Sarah disintegrate into dust along with Winifred's stone body. Billy returns to his grave, and Binx's curse is broken and his soul is freed due to the death of the witches, allowing him to reunite with Emily in the afterlife. The adults at the party finally leave, no longer under the witches' curse. Back at the cottage, Jay and Ice are still trapped in the cages the Sisters put them in earlier for calling them ugly chicks. As they sing Row, Row, Row Your Boat in their boredom, Winifred's spellbook below them opens its eye once more, meaning that the witches will return again someday.",PG,932e855b77ef72588854bcb4f3f6ebcfd62d58e13b17a2d304ce4c15527e69b3,"

* 3 months ago - By RepeatAfterMeExactlyOnceAfterTheColumn

I Don't Own ANYTHING!! I'm just the uploader. Repeat after me exactly once after the column: I Don't Own ANYTHING!!

* 3 months ago - By RepeatAfterMeExactlyOnceAfterTheColumn

I Don't Own ANYTHING!! I'm just the uploader. Repeat after me exactly once after the column: I Don't Own ANYTHING!!

* 3 months ago - By RepeatAfterMeExactlyOnceAfterTheColumn

I Don't Own ANYTHING!! I'm just the uploader. Repeat after me exactly once after the column: I Don't Own ANYTHING!!

* 3 months ago - By RepeatAfterMeExactlyOnceAfterTheColumn

The story takes place during the reign of King Edward I of England, in which his oldest son, the Prince of Wales, has returned home from war. When King Edward proposes that Wales become a part of England, the Welsh rebel. A peace treaty is offered which stipulates that the English King will choose the next king of Wales. The Welsh barons accept, and the king declares that the next king will be the first man to enter the gates of Caernarfon Castle. This triggers a race that begins at the tower gates. The prince's friend, Blackthorne, leads him to the secret entrance to a hidden, underground passage that goes to the castle. Blackthorne's cousin, a knight, hears of their plan and betrays them. Prince John makes his way through the underground passage but falls through a trap door in the roof and is locked in a dark room as the knight's men lay in wait for Blackthorne. Blackthorne races to the castle and kills the knight just before reaching the main entrance. As the townspeople gather to celebrate their new king, Blackthorne realizes that Prince John is locked in the tower. He and a friend fight through the townspeople and unlock the door to the tower, but by the time they reach the throne room, Prince John has entered through the secret entrance. They both kneel before the king, who is confused by the arrival of two princes. His wife explains that there can only be one king. Blackthorne announces that Prince John is his king, much to the prince's surprise. The king declares that Wales will remain free and that Prince John will return with him to England.

* 3 months ago - By RepeatAfterMeExactlyOnceAfterTheColumn

The episode opens at the Royal Ontario Museum, where two teenage boys—Eric and Sean—arrive to visit the dinosaur exhibit after they skip school, much to Eric's parents' dismay. The two boys take a picture of themselves beside a tyrannosaur skeleton before splitting up. Eric, after being contacted by his parents, leaves the museum, but Sean stops to take a picture of a fossilized Tyrannosaurus footprint. He is then surrounded by a large group of Tyrannosauruses. Meanwhile, Derek Wildman—a scientist at Alpha Prime, where the dinosaurs in the series are being studied—meets with an executive named Mr. Blackthorne, who asks for the results of his recent cloning experiments. Derek shows him a Tyrannosaurus skeleton, explaining that he hopes to clone the missing teeth and that he does not know how Tyrannosaurus hunted. Blackthorne leaves, but not before ordering Derek to keep in touch with him. As Derek works on creating new teeth, a shadow is cast over the laboratory; a Tyrannosauruses then grabs a ladder, dragging the startled scientist into the sky. After Eric and Sean leave the museum, the former meets up with his parents and girlfriend, who have driven up to the museum to visit. He promises to make up for skipping school and the four of them head to their car. In the parking garage, one of the Tyrannosaurususes appears and attacks, dragging Sean's car away with it. The family manages to evade it and run inside the museum for help, where Derek meets them. The group is unaware that Derek is in fact being dragged behind the dinosaur. Derek informs the group about the dinosaurs' existence before falling off the ladder in mid-air; the ladder smashes into one of the Tyrannosauruses, causing it to lose interest in Sean's car and dropping the unconscious scientist back inside the museum. Derek manages to contact Dr. Grant, who is in his office in Manhattan, and he informs her of the dinosaurs' return to Toronto and the Tyrannosaurususes' interest in Sean's car. Grant and her team arrive and secure the museum. Eric, meanwhile, discovers his mother's necklace, which he used as the remote control for the alarm on Sean's car, in the Tyrannosaurususes' possession. Derek, using a Tyrannosauruses' footprint left on the floor as a guide, takes a plaster cast and makes a silicone reconstruction. After a number of tests, Derek deduces that the Tyrannosauruses have been brought to the museum by the fossilized footprint's scent. Upon learning of this, Grant orders Derek to use a scent blocker on the footprint to cover it up, but before they can do so, one of the Tyrannosauruses enters the museum and grabs Derek. In a vain attempt to save Derek, Grant calls a number of Tyrannosauruses over to the entrance of the museum using the same scent. The Tyrannosauruses begin to fight over the footprint, and Derek manages to grab Grant's arm before being dragged up by the dinosaurs. Sean returns to the museum to meet up with his friend, and Grant sends Eric to find his parents. After finding them, he discovers that one of the Tyrannosauruses is still inside the museum. It breaks through the wall and snatches Eric's parents, but they manage to escape with the help of Grant's team. Once the Tyrannosauruses have departed, Grant orders her team to use one of the museum's elevators as a scent blocker. Eric's father goes back into the museum and, using a spare skeleton, rigs the elevator into a trap for the Tyrannosauruses. However, when they enter the museum and investigate, the Tyrannosauruses find Eric and his parents. They retreat, with the dinosaurs on their tails, and the parents decide to sacrifice themselves for their son. They are picked up by one of the Tyrannosauruses before they manage to activate the elevator. The dinosaur falls into the elevator shaft and is killed. After Derek has examined the dinosaur's corpse, he discovers that the Tyrannosauruses have been using a type of pheromone to communicate with each other. The discovery leads them to conclude that the dinosaurs are communicating over a cell phone network and that their location is somehow linked to Sean's car. Derek suggests using his teeth to set up a decoy for the Tyrannosauruses, but Grant suggests using a phone instead. Derek and Grant are left behind while the others go to retrieve Sean's car, using the Tyrannosaurususes' attraction to the phone to guide them. Grant and Derek, in the meantime, set up a new scent blocker, which is destroyed by one of the Tyrannosauruses. They are forced to climb on top of a car, which is then picked up by the Tyrannosauruses. They manage to get down in time for them to fly off. A short time later, Eric and the others retrieve Sean's car and discover a number of dinosaurs surrounding it. They lure the dinosaurs back to the museum using the phone and, after a brief struggle, manage to capture one of the dinosaurs. Grant and Derek then use the captured Tyrannosaurus to lure the others back to the museum. The group manage to capture a few more dinosaurs and use their pheromones to lure the others to the museum. Grant and Derek, meanwhile, study the captured Tyrannosauruses, discovering that one of them is a female. They realize that the dinosaurs have come to the museum to find a mate for her. After discovering that the Tyrannosauruses are using Sean's car as a decoy, Grant and Derek send the phone into the museum, which the dinosaurs follow. Grant then activates the scent blocker, which causes the dinosaurs to panic. The Tyrannosauruses, meanwhile, are distracted by Sean and his car. Eric then uses a number of phones to lure the dinosaurs away from the museum and into a nearby junkyard. Once there, Eric uses a spare skeleton to create a decoy for the dinosaurs, which allows the rest of the group to escape. Grant and Derek, meanwhile, return to Alpha Prime and set up a number of cells for the captured dinosaurs. The episode ends with Grant telling her team that the dinosaurs have been brought to the museum by a group of hunters, and that they will need to investigate them further. The episode ends with Grant receiving a call from her secretary, who tells her that a group of hunters is coming to Alpha Prime to investigate the dinosaurs. The hunters, meanwhile, are seen leaving the museum with a Tyrannosauruses in their possession.

* 3 months ago - By RepeatAfterMeExactlyOnceAfterTheColumn"
The virginian,PG,repeat after me exactly once after the column: Columbian Enrique Cuellar (Ricardo Montalban) has inherited land which was leased and used by Judge Garth. The Judge wants to renew the lease or buy the land outright. He minimizes its importance to his operations even though it contains a pass needed to drive his cattle herd between its seasonal ranges. Enrique discovers this deception and demands a large amount of money for the land. The Judge decides to drive his cattle through the land before Enrique can get a legal restraining order and in turn Enrique begins erecting a barbed wire fence to block the passage. A violent confrontation seems inevitable but is prevented by an unpredictable event involving Betsy Garth.,PG,842feae0301aaa721d2e99517a18a5e065e326164fbb1c90f7b206abd9caba60," What a wonderful way for this to end. I remember this episode as a young lad and I watched it last night on Encore Westerns. It was as good as I remember it.

Montalban did an outstanding job here. When he first appears in the episode I must admit I was a little surprised. I think that most of us remember him as suave and urbane but here he is the exact opposite. He plays an angry, very bitter man who is so obsessed with revenge that he is willing to destroy his own people and their way of life. He does a super job in what is a very complex role.

I have always said this and repeat it here. If someone asks who is the greatest supporting player of the 60's or perhaps of all time, Ricardo Montalban is my answer. His resume includes not only BONANZA, but GUNSMOKE, MAISIE and many other shows. I think that this is one of his best performances.

He and Dan Blocker were very good in their scenes together. When they had their final confrontation in the woods both acted with a passion that was intense and convincing.

The other stand-out here is Betsy Garth. She appears in four episodes of the series. I think that she has grown more as an actress than the other three actresses who portrayed the role over the years. She has always been a fine actress but here she is given a role which not only provides her with a lot of material to work with, but it calls for more maturity. I was really impressed with what I saw here.

This is a good episode in a good season of the show."
The king of queens,PG,"repeat after me exactly once after the column: Doug and Carrie feel pressure to have a baby after learning that a friend is pregnant. Meanwhile, Arthur recalls when Carrie was born.",PG,8d6713657598f6139ba16defbfd42843ab5577b4d01c2fe78f36c4f71a751eff," Doug takes Carrie for a visit with her parents, and Carrie remembers her own birth. Arthur reflects on the joys of being a grandfather and the pressures of being a new parent."
Cats & Dogs 3: Paws Unite,PG,"repeat after me exactly once after the column: A border collie dog named Roger and a cat named Gwen are two F.A.R.T. (Furry Animals Rivalry Termination) secret agents, who covertly protect and save the world without humans ever finding out. Their partnership is due to the Great Truce, which has stopped dog and cat hostility for a decade. Roger used to be a field agent, now he works at his desk. They both live in the same building in the suburbs of Seattle as their owners Max and Zoe. Max is a middle school tennis player who's under pressure from his mother to win a state championship. Zoe is the daughter of a struggling musician named Ollie, and they're being evicted because he hasn't been able to pay the rent. 
Roger and Gwen are ordered by their superior Old Ed to investigate a plot that would threaten the truce between cats and dogs. Roger, Gwen, and Old Ed recruit their neighbor dog Duke to help them investigate, so they patrol the neighborhood while their comms are down, and a dog in the park tells them that the alley cats might know something.
Roger admits that he quit being a field agent when his mentor got hurt while he and Gwen find the alley cats, and one of them admits to doing a covert mission by sneaking into a wireless phone company and getting Wi-Fi and cellular access codes off their computers, and they realize that someone is trying to manipulate wireless frequencies that only cats and dogs can hear, so they can be manipulated into conflict, which would mean that humans would only adopt reptiles, snakes, and birds.
Roger and Gwen both admit that Max and Zoe don't have time for them anymore and they don't have any other friends, they really just pass each other in the building and ride the elevator together. So they plan to hook them up by hiding their phones in their apartments so they'll forget them when they leave. When Max enters the elevator for his next tennis match, Zoe enters the elevator and Gwen shuts down the power to the elevator, trapping them inside while their pets encounter the mastermind behind the evil plot, Pablo the Cockatoo, and they find Old Ed trapped in an ice cream truck, who tells them that Pablo is at the pet store. 
While trapped, Max and Zoe start to open up to each other, and Max confesses to Zoe about the pressure that his mother puts him under to win tennis matches, and Zoe tells him to ""chill, chill, and chill"", while confessing to being evicted and to helping her dad write a song to keep them at home, and Max encourages her to play the song for him, which she does. Then someone comes to turn on the elevator and they thank each other for opening up to one another and they kiss just as the elevator comes back on. They go back to Max's apartment where he discovers Roger is gone, so he uses the GPS on his collar to find him at the pet store.
When Roger and Gwen arrive at the pet store, they encounter Pablo and his minion Snarky the Tarantula scares Duke into surrendering and he, Roger, and Gwen are trapped in boxes and Pablo has his minions activate the wireless frequency, which Max and Zoe hear as they enter the store, and Pablo orders snakes to attack Roger. But Duke breaks out of his trap and saves him and releases Gwen. Then a boy meets Pablo and pets him and starts to see the error of his ways. But his minion, Zeek the Tegu Lizard locks everyone in the store and uses the frequency on Pablo. Gwen fights the snakes, Duke squashes the spider, and Roger attacks Zeek and Pablo takes the phone to shut down the frequency, freeing Max and Zoe from the noise. Old Ed is revealed to be Roger's mentor and admits to being kidnapped on purpose so Roger could save him because he knew he was a good field agent, and he and Gwen go to Zoe's where they reunite with their owners.
Zoe plays her dad's finished song for him, which he enjoys and he's able to sell it and save themselves from eviction. Max uses Zoe's ""chill, chill, and chill"" advice to win his next match and the championship. The boy at the pet store adopts Pablo and Zeek (although Zeek is trapped in an iron dog suit), and Roger and Gwen spend more time outdoors with Max and Zoe, who are closer than ever.",PG,047f3fac5a284650d1586615ad9835a392e57a9740b19be9437041232faa31e0," 
So, the film has a 15% rating on Rotten Tomatoes, and I agree it's pretty terrible. But the film's animation is pretty decent, and it's a cute story. The voice acting's pretty good, although it's a little on the nose. It's not a good film, it's not even a good kid's film. It's just a decent movie that might be enjoyable for dog and cat lovers."
The rifleman,PG,"repeat after me exactly once after the column: When a rancher dies after the bank forecloses the mortgage on his property, his son blames the banker for his father's death.",PG,d348c8bcb41de5b05d639f2526b8622da946fde13ba5f9e233ece40d8c44848d," At first, the banker seems like a heartless villain: ""The little man was growing bitter and his face was red and angry."" (5) Later, however, we learn that the banker has a sick wife and a growing family, and the narrator even describes him as ""a little man of no family background"" (3), suggesting that he is also poor. So the banker's family is also in danger of being foreclosed on by the bank."
Ghost hunters international,PG,"repeat after me exactly once after the column: In this episode, the team visits the Elvey Farm Hotel in Pluckley Village, England.",PG,f842605cef900bc8021e928651783eab8d10b39eb9f5a8e2d50162ec8a0a6ae4," This 12th-century pub is allegedly haunted by at least 14 specters, including a screaming man, a highwayman, a Tudor mistress, and a phantom gypsy. You have to check out the website for the inn before you listen to this episode, or else you won’t believe me when I tell you the things they say about the paranormal on this site.

You can also find this episode on iTunes or our web site, www.ghostbusterspodcast.com."
The time tunnel,PG,"repeat after me exactly once after the column: Tony and Doug land in 19th century Baltimore, Maryland amid an Abolitionist plot to assassinate President-elect Abraham Lincoln, who is en route to Washington, DC for his inauguration. Ringleader Jeremiah Gebhardt is an accomplice of John Brown in his 1859 raid on Harpers Ferry. Tony and Doug meet Matthew Gebhardt. In the Time Tunnel control room, the image screen shifts its image to the later assassination of Lincoln in Ford's Theater, confusing the team, but somehow connecting the attempted assassination with the later successful one. Jeremiah notes that the southern secessionists will be blamed, thereby sparking a war with the South and ending slavery. Lincoln's security detail led by Allan Pinkerton, disrupt the meeting and kill four conspirators. Doug is captured while Tony escapes with Jeremiah and Matthew to their home. Jeremiah has constructed a time bomb to plant on Lincoln's train. When Lincoln's train arrives at the abandoned depot, Jeremiah investigates. Tony tries to dissuade Matthew from what he already knows is the doomed plot. Pinkerton interrogates Doug as Lincoln's train arrives at the depot. After Pinkerton delays Lincoln's train due to the assassination plot, Jeremiah decides to bomb the depot. Tony resists and is tied up. Jeremiah places the time bomb next to the depot. Tony escapes and intercepts the bomb, tossing it away from the depot. David finds the bomb and the Time Tunnel team bring it and David to the complex. David defuses it and is returned to 1861. Jeremiah finds the bomb and attempts to follow through with his plan until Matthew confronts him, causing the brothers to reconcile. Tony and Doug are sent to their next adventure.",PG,6bf2d913eaf0f2a8b5219a7aab33b92703f4a19252a849eaddefa4cf71695cb3,"

Now read each of those paragraphs out loud, but in a tone that suggests you're either really upset or really annoyed, as if something has just happened in the story to make you upset.

That's how we got to this latest episode: 'Reign of Terror' has a bomb in it and our heroes, Tony and Doug, have been sent into 19th century Baltimore in the midst of the secession. After being sent back to the Complex in the last episode to get some 'rest', Doug has taken the initiative to find the culprit responsible for Tony and Doug's plight, only to discover David is behind it. But, before the episode ends, Tony and Doug are put into action and sent into the 19th century as the Civil War is about to begin in the South and Lincoln is about to become President.

As the episode begins, we see Doug trying to get into David's office. After being sent back to the Complex, Doug has decided to seek out the man he believes to be the saboteur who is behind the whole operation. But, before Doug can get into David's office, Tony stops him from going further. But, this is where we come to the conclusion of the last episode: 'The Death Merchant' which features a bomb being exploded in 1942 (the day that World War II broke out) in a hotel room. General Heywood Kirby is injured as well as three of his aides in the explosion. And the bomb is a time bomb, which was stolen from Tony and Doug's complex and used as a plot device to make Tony and Doug feel bad, and maybe get them to come back to the complex to solve the case. As Tony and Doug talk in the hall, they discover that the Time Tunnel Team was trying to get into David's office to find the time bomb, and Doug's curiosity takes over, and he goes in to find some information about the case.

The first scene shows Doug discovering the bomb and trying to defuse it. The bomb is now in the hands of the Time Tunnel Team, who have been trying to get the bomb back to the Complex for some time now. The bomb is very small, and the only way to tell if it's going to explode is if you see the bomb explode. So, Doug tries to get into David's office and see if the bomb is still there. But, before Doug can get inside, he's stopped by Tony, who says that he has a meeting with Dr. Newman about the bombing. The scene then cuts to a hallway outside of David's office.

The next scene shows David, Tony, and Doug in the hallway, talking about the bombing. David is very upset about the whole thing, and Tony is trying to get him to stop trying to get into his office. The bomb has been set to go off in an hour, and Tony is trying to talk David into going into his office and finding the bomb. David doesn't believe that the bomb can be found, and the scene cuts to a scene of David trying to get into his office. But, when he can't get into his office, he goes outside to wait for the bomb to go off. As the bomb is about to explode, David is surprised to see that the bomb has exploded. The scene cuts to a scene of David talking to Dr. Newman about the bombing. David tells Dr. Newman that the bomb was a time bomb, and that it was set to go off at a specific time, and that it was a special type of bomb that couldn't be exploded by any other means."
Sinbad: Legend of the Seven Seas,PG,"repeat after me exactly once after the column: Sinbad and his pirate crew attempt to steal the magical ""Book of Peace"" and hold it for ransom as one last job before retiring to Fiji. Sinbad is surprised to see it is being protected while on board to Syracuse, Sicily by Prince Proteus of Syracuse. Proteus was Sinbad's best friend as a child, and he tells him that if their friendship ever meant anything to Sinbad, he can prove it now. Sinbad tries to steal the book anyway, but is prevented when Cetus attacks the ship. The two work together to fight off Cetus and for a moment reaffirm their bond. Just when it seems the beast is defeated, Sinbad is dragged off the ship. Proteus goes to save Sinbad, but he is stopped by his crew.
Drawn underwater by Cetus, Sinbad is saved by the beautiful Goddess of Discord, Eris, who offers him any boon he desires in exchange for the Book of Peace. Sinbad and his crew go to Syracuse to steal the Book, but after seeing Proteus with his fiancé Lady Marina, Sinbad abandons the mission without giving a motive. Anticipating this, Eris impersonates Sinbad and steals the Book herself. Sinbad is sentenced to death, whereupon Proteus sends Sinbad to retrieve the Book instead, placing himself as a hostage, and Marina goes to make sure that Sinbad succeeds. To prevent them from succeeding, Eris sends a group of mythical sirens, who entrance and seduce the men aboard Sinbad's ship with their hypnotic singing voices, but do not affect Marina, who pilots the ship to safety and wins the favor of the crew. However, as she and Sinbad continue to argue with each other, Eris soon realizes these disharmonies and sends in a roc. The Roc captures Marina, but she is rescued by Sinbad, and they successfully defeat the creature, causing a reconciliation between the two.
After these and other incidents, Sinbad and Marina talk in a brief moment of peace - Marina reveals that she's always dreamed of a life on the sea, and Sinbad reveals that he distanced himself from Proteus 10 years earlier because he loved Marina. They suddenly then reach and enter Eris' realm where she reveals that her plan was to maneuver Proteus into Sinbad's place, leaving Syracuse without an heir to collapse into chaos. Through Marina, Eris agrees to surrender the Book of Peace only if Sinbad truthfully tells whether he will return to Syracuse to accept blame and be executed if he does not get the Book. She gives him her word that she will honor the deal, making it unbreakable even for a god. When he answers that he will return, Eris calls him a liar, and returns him and Marina to the mortal world. Ashamed, Sinbad admits the Goddess of Discord is right, truly believing deep down that he is a selfish, black-hearted liar, only for Marina to tell him she is wrong, giving Sinbad a change of heart.
In Syracuse, the time allotted to Sinbad has elapsed. Proteus readies himself to be beheaded, but at the last minute, Sinbad appears and takes his place. An enraged Eris appears suddenly and saves Sinbad by shattering the executioner's sword to pieces. Sinbad, shocked, realizes that this was still part of her test and that he has beaten her by proving his answer to be true after all. Eris is furious but cannot go back on her word as a goddess and begrudgingly give back the book to Sinbad, before leaving, bringing chaos elsewhere. With the true culprit revealed, Sinbad is pardoned for the crime of stealing the book and is now well-respected.
With the Book restored to Syracuse, Proteus and Sinbad leave still as the best of friends. Sinbad and his crew prepare to leave on another voyage, leaving Marina in Syracuse. Unbeknownst to him, Proteus sees that Marina has fallen deeply in love with Sinbad and life on the sea, and releases her from their engagement, sending her to join Sinbad's ship. Marina surprises Sinbad by revealing her presence on the ship just as it begins to sail, and the two share a kiss. Now together, they and the crew set out on another long voyage as the ship sails into the sunset.",PG,ceb5ae47021e6187b0924a194079eba57ab234a279240cccaa6cf370fa422e74,"
And now you know.
I'm working on a character sheet of Sinbad, so stay tuned!

Sinbad © DreamworksHere's the speedpaint: youtu.be/k-10WfJ7l6s"
The duchess of duke street,PG,"repeat after me exactly once after the column: All bets are off when HRH becomes His Majesty, King Edward VII and Louisa and Augustus must plan what lies ahead for them.",PG,01fe31af3ddac6154a830dc1fdf74d0204c9c8967434c805d9ca3ccae90f8927," With the sudden disappearance of their father at the same time as the King’s death, the two siblings are forced to work closely together to continue running the family business. But while Louisa is determined that they will keep things the same and honor the old ways, Augustus sees an opportunity to change everything. Will the pair finally come together to save the family, or will their differences tear them apart? (St. Martin’s)"
The thin blue line,PG,"repeat after me exactly once after the column: It's Rag Week in Gasforth, and Fowler and his men are frequently disturbed by teenagers in scary masks – that is until a bank robbery by three men in rag masks occurs while Dawkins is there, leaving it uncertain whether or not the robbery is genuine.",PG,e8bbbc7d3d52cdc0b1250422c2cf98a0998d7deadd813e3c7f5380541aa69ea1,
Bob hearts abishola,PG,"repeat after me exactly once after the column: Bob and Abishola go out to a fancy steak restaurant, where she insists that he have fish rather than steak or chicken, and spinach instead of French fries because of his recent heart attack. After dinner, Bob gets a call from Christina, who tells him something is wrong with their mother. From the symptoms that Christina describes, Abishola correctly deduces that Dottie is having a stroke. Bob and Abishola get to the hospital and find Christina in the waiting room, hopped up on Xanax she found in her mother's purse. Meanwhile, Douglas gets lost trying to get to the waiting room to meet up with Bob. Absent: Vernee Watson as Gloria Title quotation from: Bob, reminiscing over the cologne he put on for his date with Abishola and the food she made him order at the steakhouse.",PG,20de6f8333539a030eb1e44bba604e514fc52721ccf6cf433b797bd816a61f53,"
The Bob Hearts Abishola Quotes collection includes all the most important quotes from the show."
Fbi: international,PG-13,"repeat after me exactly once after the column: When a notorious American tech tycoon becomes involved in a murder in Frankfurt, Germany, the team must chase him down amid the local protesters he's incited with his conspiracy theories on social media.",PG-13,5463e35f89d7a00cd25d412bf64ddbf3c2af960c35cdf22a957bdbbd98fbcf07,"
repeat after me exactly once after the column: The team investigates when a man with extreme social anxiety becomes a suspect after his girlfriend dies in a suspicious boating accident.
repeat after me exactly once after the column: An international incident breaks out when a young U.S. Olympic hopeful swimmer is murdered in Rio and evidence points to a Brazilian policeman.
repeat after me exactly once after the column: A family is slaughtered after a wedding, leading the team to discover the dark secrets surrounding the son-in-law who's been living with them in the United States.
repeat after me exactly once after the column: When the body of a Navy pilot is found in an abandoned plane in the middle of the desert, NCIS suspects murder and heads to Las Vegas to find the killer.
repeat after me exactly once after the column: A petty officer is killed in a hit-and-run, and Bishop makes it her personal mission to track down the killer, despite Gibbs' warning that her actions could complicate the case.
repeat after me exactly once after the column: Bishop becomes involved with her pen pal after he's found unconscious on a secluded beach in a remote part of the world. Also, Fornell is back in Washington, having been hired to handle PR for the NCIS team.
repeat after me exactly once after the column: NCIS agent Tamara Jones, played by guest star, ""Grey's Anatomy"" star, Jesse Williams, is at the heart of a shooting at a convenience store.
repeat after me exactly once after the column: While McGee and Torres travel to Costa Rica to meet with the CEO of a military software company that may be compromised, Palmer's house sitter goes missing.
repeat after me exactly once after the column: The NCIS team heads to London to work with the Royal Navy's NCIS equivalent when Americans are implicated in the death of an American Navy Captain on British soil.
repeat after me exactly once after the column: The NCIS team must track down an alleged murderer who escapes from captivity, and who may have a target on his back from an assassin.
repeat after me exactly once after the column: The body of a missing soldier is discovered, revealing evidence of his murder.
repeat after me exactly once after the column: When Gibbs takes a short-term job working with Agent Sydney Bridges (guest star Andrea Savo) and her father, the legendary NCIS Special Agent Ron Bridges (guest star Philip Anthony-Rodriguez), to investigate a Navy Lieutenant Commander's death, the elder Bridges is arrested for a murder that took place 40 years earlier, and it falls on Gibbs and the team to save him.
repeat after me exactly once after the column: The murder of a woman during a high school reunion leads to the discovery of a decades-old conspiracy to cover up a rape. Also, Gibbs is forced to confront an old nemesis.
repeat after me exactly once after the column: When a young child is kidnapped, the NCIS team investigates her grandfather, a wealthy businessman who is not the upstanding man he claims to be. Also, McGee and Torres' loyalty to Gibbs is put to the test when he assigns them to protect a controversial NCIS informant.
repeat after me exactly once after the column: When the body of a Navy Lieutenant Commander is found aboard the Marine's new state-of-the-art stealth jet in a desert boneyard for military planes, the team must discover who killed him and why, and investigate a series of cryptic dreams that plagued the victim in the weeks before his death.
repeat after me exactly once after the column: McGee makes the decision to pop the question to Delilah on her return from Singapore. Also, a triple homicide occurs at a marine base.
repeat after me exactly once after the column: When two petty officers are murdered during the Marine Corps Martial Arts Tournament, Gibbs and the team must infiltrate the event's security detail to find the killer. Also, Palmer is surprised to discover an item in Delilah's baby shower goodie bag.
repeat after me exactly once after the column: When Bishop's ex-boyfriend Jake Malloy (Jamie Bamber), a British MI6 officer, comes to her for help after his partner is killed, they travel to London to solve the mystery of whether MI6 has a spy in its ranks.
repeat after me exactly once after the column: The NCIS team is on high alert when three D.C. teens, including McGee's niece, fall victim to a shooting that bears all the marks of a potential terrorist attack. Also, Torres receives a surprise visit from an unexpected guest.
repeat after me exactly once after the column: While McGee, Torres and Quinn travel to New York City to help shut down an illegal gun-smuggling ring being run by the Irish mob, Bishop and Reeves are dispatched to interview a woman involved with the operation who they hope will lead them to an ISIS sympathizer supplying the mob with military-grade weapons."
Desperate Housewives,PG-13,"repeat after me exactly once after the column: Mary Alice Young (Brenda Strong) seems to have the perfect suburban life. At least, that's what she tells us in a voiceover. So it's a bit shocking when she steps inside her house and shoots herself in the head. Mary Alice may be dead, but we soon realize her voiceovers will live on as narration from beyond the grave.

Mary Alice's suicide rattles the other residents of Wisteria Lane, including her closest friends. There's former high-powered businesswoman Lynette Scavo (Felicity Huffman), who is unable to manage her three unruly boys. There's klutzy single mom Susan Mayer (Teri Hatcher). There's model-turned-trophy-wife Gabrielle Solis (Eva Longoria Parker). And, finally, we have the perfect homemaker, Bree Van de Kamp (Marcia Cross). These four ladies were Mary Alice's best friends. And not a single one of them has a clue as to why she killed herself.

At Mary Alice's wake, Susan meets plumber/hunky new neighbor Mike Delfino (James Denton). Susan's daughter, Julie (Andrea Bowen), urges her mom to make the first move. So, Susan brings Mike a housewarming gift. But she's not the only one interested in Mike; Edie Britt (Nicollette Sheridan), the most predatory divorcee on the block wants him to come by and ""take a look at her pipes."" When Susan goes to invite Mike over for dinner, she's alarmed to see Edie is already there. So she lies about having a clogged drain. We admire Susan's initiative as a hot, prowling divorcee, but we question her commitment to her daughter's education once we see her stuff Julie's school project down the drain to create the aforementioned clog.

Nosy neighbor Martha Huber (Christine Estabrook) tells Susan that Edie is having a man over that night. Susan assumes it's Mike. She goes over, measuring cup in hand, to ""borrow a cup of sugar."" It's all very neighborly until Susan sneaks into Edie's house through the back door. While Edie is busy with her gentleman caller, Susan accidentally knocks over one of the many candles burning in the living room. The room erupts in flames and Susan bolts, leaving her measuring cup behind. Gathering with the rest of the neighbors to watch the raging fire, Susan is relieved to see Mike stroll by. He wasn't the one with Edie after all. You know, Susan never did get that cup of sugar.

Lynette is mortified when her three sons jump into the pool at Mary Alice's wake. She wades in, fully dressed, to get them out. When she runs into an old work colleague at the grocery store, a frazzled Lynette lies and says she's happy being a stay-at-home mom. Husband, Tom (Doug Savant), arrives home early from a business trip, much to Lynette's relief. But when Tom wants to have unprotected sex -- and risk getting her pregnant again -- Lynette socks him in the jaw. Tom may want to think again about getting some protection.

Gabrielle doesn't want to attend a party with her hubby, Carlos (Ricardo Chavira). It's being thrown by Carlos' boss, who is always trying to grope her. As soon as Carlos is gone, Gabrielle falls into the arms of her teenage gardener, John (Jesse Metcalfe), with whom she's been having a secret affair. Heading out for the boss' party, Carlos notices the yard hasn't been mowed. Rather than risk having John fired, Gabrielle sneaks away from the party and mows the lawn -- in her long dress and high heels. Landscaping never looked so good!

Bree's children bemoan her stuffy, formal dinners. So the family dines out at the Saddle Ranch Chop House, where Bree's husband Rex (Steven Culp) shocks her by saying he wants a divorce. Instead of answering him, Bree fixes him a salad from the salad bar, where she accidentally piles on onions, which Rex is deathly allergic to. At the hospital, Rex tells her he's sick of her being so perfect all the time. Her response is to disappear into the bathroom to water his flowers, where she wipes away the tears before coming back out.

Mary Alice's teenage son, Zach (Cody Kasch), wakes up in the middle of the night to find his father, Paul (Mark Moses), excavating something buried underneath the pool. We're not sure what is going on, but we do know that midnight pool excavations are rarely a good thing.

As Mary Alice's friends clear out her clothes, they find a handwritten note that arrived the day she killed herself. It reads, ""I know what you did. It makes me sick. I'm going to tell."" Susan asks, ""Oh, Mary Alice, what did you do?"" Now that we're hooked on these housewives, we're pretty desperate to know what Mary Alice did, too.",PG-13,875d79ecd457a86464ca20a9b298c452953653fb727d89f95e3abe65941f95c2,
Salvation,PG-13,"repeat after me exactly once after the column: Framed for murder, Darius and Grace must try to escape from Russia, and Liam tries to convince Jillian to come back to Tanz.",PG-13,844295d89eed2172d297e617dcdeadac9ab175db1a809b537b0c686e7d19b380," They'll have to do some soul-searching and try to find a way out of this mess, without falling in love along the way.
263The Assassin's Apprentice » by The-Dreamy-Dreamer523 The second book in The Chronicles of Grace Series!
561The Assassin » by The-Dreamy-Dreamer523 After a tragic incident, Grace is sent to a special school. She doesn't expect to make friends with a troubled Russian boy, and she certainly didn't expect for him to be her first crush. They both find strength in each other, but will it be enough when he is put into a life-or-death situation? Set after the end of the first movie! Rated T for language and violence.
28A Little Kiss » by Kenzie12345678 Liam and Jillian have been best friends since the second grade. They have been through so much, and no one could ever break their bond. Their unbreakable bond even carries them through high school, through college, and into the adult world. But what happens when one of them starts developing feelings for the other one?
2The Secret Assassin's Apprentice » by IAmTazmaniacGrace and Darius both have deep dark secrets, and they need a place to escape. What they don't know is that the two are both hiding from their past. Together can they survive the past they tried to leave behind."
That '70s show,PG-13,"repeat after me exactly once after the column: Prom night is fast approaching and Eric gets a motel room as part of his ""spontaneous"" plan to ""do it"" with Donna on the big night.  When Jackie finds out that Kelso asked slutty Pam Macy to prom, she gets Hyde to take her out of pity.  Fez wants to take his pretty English teacher to the prom.  As for the adults, they struggle with how to respond to Midge's idea for her future career.",PG-13,a39250617292759adc7a777a9f9298a51d06c97f6c5273b305a4fd57deaca57a,"

Eric's prom plans get ruined when he gets a big, fat zit on prom night.  To his rescue, Leo gets an appointment for him with a black market dermatologist (who, by the way, thinks Eric is ""a sexy mutha-fucker""), who promises Eric he can get rid of his zit and allow Eric to have a perfect prom.  Jackie ditches Hyde at the dance and goes off to find Kelso, only to be taken to a motel room by an enraged Hyde who is upset that Jackie was with Kelso.

As far as the adults go, Kitty, Midge and Red debate whether or not Midge should become a stripper to pay for college.

Promo
http://www.dailymotion.com/video/x392889_prom-night-promo_fun

""My name is Hyde.  I'm a pervert.""  Love those one-liners.  It's pretty hilarious to see the way the actors played it; you can tell that Ashton Kutcher's acting in this scene is much better than his acting in <em>Dude, Where's My Car?</em>

Kitty's dream sequence is so... strange.  Is this how she sees herself, or is this just her idea of Kitty-ism?  If anyone knows what it is based on, tell me.

Donna has a different idea of a good time.  If Eric didn't bring her to the motel room, would she have agreed to do it there?  I think she might have... or was it simply her curiosity at being in a motel room with her boyfriend?

As for Midge's story, I'm not quite sure what to think.  I think Midge is a very realistic character (especially for a sitcom) who is struggling with her life.  Her decision to be a stripper is an attempt to get out of the situation she's in, but it's more about gaining money rather than being a stripper.  I think the scene in the bathroom where Midge cries because she knows that she has to find a way out and she wants her friend to help her do it, she doesn't realize that it can't be done.

Some interesting trivia:  this was the first <em>That '70s Show</em> episode to receive its own TV movie; it became <em>That '80s Show</em>, which aired the following year, and ran for a few weeks, before being cancelled.

Favorite quote:  ""He was a sexy mutha-fucker!""
Grade: B

Previous reviews:
Prom Night, Part I
Prom Night, Part II"
Almost human,PG-13,"repeat after me exactly once after the column: Kennex and Dorian investigate the murder of a businessman in a motel room and missing persons case involving robots, as it is discovered he makes synthetic skin for robot prostitutes (termed Intimate Robot Companions, or ""sexbots""), which are allowed as human trafficking has declined more than 40% since the technological advancements. While synthetic skin has advanced greatly in realism, it pales in comparison to genuine human skin. As a result, there is a market for improved sexbots with human skin. In order to make these sexbots, engineers harvest skin grafts from women previously abducted from the streets. By tracing the life history of one of the sexbots, Vanessa (Ella Thomas), the location of her first activation leads police to the warehouse where the women are being held. It is revealed that the businessman was murdered as his partner had joint intellectual property rights in a line of sexbots, which are inferior to the IRCS incorporating human skin. In the meantime, Kennex tries to find closure in a piece of his troubled past, by visiting the family of his dead partner.",PG-13,bcfeb13c024965755859945eb9445d2dc9d7a7a44501bba0896a9a9e4a78f682," He was also involved in the creation of the IRCS, as he designed them to look like his dead partner, and is in denial about her death. The family, including a teenage daughter, have an uneasy meeting with Kennex, in which the teenage girl asks about how he will ever make the world a better place. It is hinted in the final scenes that the dead partner’s skin was used in the creation of the sexbot, Vanessa.

The story was okay, but it was mostly predictable (well, except that last surprise). What was the most interesting thing about this was the way the writers portrayed the ""sexbots"". There was a nice mix of ""sex"" and ""robots"". The story was very well written and gave the characters time to evolve, which was nice. One of the most interesting characters was the ""partner"" who was a human looking robot that was designed to look like Kennex's partner who had died in action.

Overall I think this is a very good episode and deserves 4 stars. I think it's good that they are evolving the series into something that has more depth than the typical police drama."
Alice,PG-13,"repeat after me exactly once after the column: Alice is the only one to return the $40,000 somebody left in the diner.",PG-13,40635befcc5f7592dc02a24f101b39c7f208e3666072dd3f801cf66e345fc7ac," Alice only returns the money because she can’t bear to have it anymore. She is an honest person who just needs some time to feel comfortable with herself and her life. This is a film about one person’s struggle to be herself and to learn to feel comfortable with that.

Now, say it 10 times after the column: Alice is the only one to return the $40,000 somebody left in the diner. Alice only returns the money because she can’t bear to have it anymore. She is an honest person who just needs some time to feel comfortable with herself and her life. This is a film about one person’s struggle to be herself and to learn to feel comfortable with that.

OK, I’ll just do it again. Alice is the only one to return the $40,000 somebody left in the diner. Alice only returns the money because she can’t bear to have it anymore. She is an honest person who just needs some time to feel comfortable with herself and her life. This is a film about one person’s struggle to be herself and to learn to feel comfortable with that.

All right, one more time. Alice is the only one to return the $40,000 somebody left in the diner. Alice only returns the money because she can’t bear to have it anymore. She is an honest person who just needs some time to feel comfortable with herself and her life. This is a film about one person’s struggle to be herself and to learn to feel comfortable with that.

Well, I guess you get the picture. It’s my job to tell you what’s going on in movies, even the ones that aren’t so easy to categorize. I’m always looking for the story that’s really going on. It’s a bit like the game we played as kids when we said the same word over and over again. You do this for a couple of minutes and all of a sudden you realize the word no longer has any meaning, and it becomes a sound, a pattern of consonants and vowels. You might even begin to wonder where the sound is coming from, whether it’s coming from your own mouth or from some outside force.

This is what I do when I see a movie with a confused message.

The movie is “Pieces of April.” It’s about April (Katie Holmes), a grown woman who is trying to make a life for herself in a strange city. She lives in a tiny apartment, a little like a prison cell, with her boyfriend, Bobby (Derek Luke), who is an artist. April’s mother (Patricia Clarkson) has been sick for years with cancer, and all April wants to do is invite the family for Thanksgiving dinner. But Bobby doesn’t want any of them there, because he doesn’t like her mother, and April has some trouble asking. So she sets out to make it happen by herself. She wants to bake a turkey and to clean the apartment, but she has never done any of this before. And she is broke, so she steals money to buy the turkey and some fancy food.

Her mother is in a nursing home in Pennsylvania, and when she doesn’t feel so well, she sets out to go to the dinner. The mother goes by bus and taxi, and she is accompanied by a nurse, Joyce (Alison Pill), a strange young woman who is as uncomfortable with her job as she is with her mother’s impending death. The mother’s husband, Jim (Oliver Platt), is going on his own, but their son, Timmy (John Gallagher Jr.), won’t go along because he and April don’t get along. Timmy smokes pot and has a girlfriend who is going to the dinner.

The story, you will notice, is told entirely from April’s point of view. She is the main character, the one whose story we are following. She is trying to pull off an incredible feat–a Thanksgiving dinner–and the others are all on their way to support her. We know this is a difficult task because we see that April and Bobby are nervous. As you can imagine, there are complications. Bobby is going to pick up a turkey from a restaurant, but the manager won’t sell him one because he’s underage. April can’t start the turkey because she doesn’t have a gas stove, only an electric one.

This is an independent film, and at first it may not seem like it. This is the work of a first-time director, Peter Hedges, who is also the writer. He has worked on such Hollywood movies as “The Big Brass Ring” and “What’s Eating Gilbert Grape,” but this is the first movie he has directed. And it’s a good one. The film is so low-budget it doesn’t even have a name. It’s called “Pieces of April” because it is the story of April. There are no big stars, only actors who are perfect in their roles. Katie Holmes, the ex-girl friend of Tom Cruise, does a superb job in a role that is not only difficult but also not very glamorous. She is not attractive as April, although she is attractive to Bobby, her boyfriend."
The mick,PG-13,"repeat after me exactly once after the column: Mickey tries to quit smoking. Meanwhile, Ben meets a new friend.",PG-13,d650acd90282438b9f773d68d9d6e6025bce381d720d93ed122bc3cb89f436a1,"
Papi's gonna get out of here eventually. I can't be in the same place as him.
I get to leave soon, too, right?
Hey, Mickey. Why don't you have a seat?
I'm leaving with my daddy. I promised him.
I've seen the way you look at him. I could tell, and then he confirmed it.
It's not like that. I didn't even like him when I first got here. And I'm not gonna get him in trouble.
I know he's not perfect. He's done so many things that he never should have done. He's hurt so many people he cared about. He's hurt you.
But I love him. And when he comes, I'm going with him.
You can't let me stay here. You're my mommy.
Mickey, I don't have any place to go.
I'm sorry. I'll leave.
But I thought you guys were looking for a house together.
I don't know. I just don't know, Ben.
If you know what I'm trying to say, it's, I feel like I'm letting you down.
I'm just not ready to be a family, and that's not your fault. You don't deserve that.
I'm so sorry, Ben. I'm not gonna make it easy for you, but I can't.
You just said that you didn't know if you were ready to be a family.
No, what I said was that I'm not ready to be a family with you.
Not everybody's meant to be a family together. I just need to be alone for a while.
Do you know what I'm saying?
I like that it's getting dark.
I feel like we need this alone time. We have to.
Just the two of us, just like when we first started.
You're right, but we really need to have a talk. I know you want to.
And I'll have a talk with you, but it's all gonna be about what I want. I'm sorry, okay?
Well, I hope we're done with the talk.
Well, if you're not, that's fine. You can just keep your mouth shut, okay?
And if you don't want to kiss me, you just don't have to kiss me.
Just a quick peck.
Come on.
I don't care how mad you are, you still gotta kiss me like this.
All right.
Do you ever get embarrassed?
No, I don't.
I think I've done everything I can do.
The way you move on your back?
It's like you know what you're doing.
I'm glad I found you.
I guess you just knew what you were doing.
All the money from the jobs we did, I got the cash from the jobs, Ben. I'm gonna get more.
This is our family, man. There's just you, me, and Mickey. There's just us three.
We can make it. We'll make it work.
We got this house. Ben will get out. You just come with me.
They're not gonna take Mickey. She just wants to stay with me, okay?
And I'm telling you, I'm gonna do whatever I got to do to make it work.
You've got to do something. You've got to do something before you come home.
Just promise me you're gonna do something, all right?"
Dog the bounty hunter,PG-13,"repeat after me exactly once after the column: The team's visit to Denver is almost over. Working with old friend and local bondswoman Mary Ellen, Dog and his group hunt down a young fugitive wanted on drug charges. His family also begins to make threatening phone calls to Dog and Mary. Later, Dog and the others attend the high school graduation of Tim's son. - Summary from A&E's """"Dog"""" website",PG-13,382c342a2e5cbd1e39b7c4c2e3db80d25ba054e7f3356e16e42a995a7d0aa109,".
repeat after me exactly once after the column: The team's visit to Denver is almost over. Working with old friend and local bondswoman Mary Ellen, Dog and his group hunt down a young fugitive wanted on drug charges. His family also begins to make threatening phone calls to Dog and Mary. Later, Dog and the others attend the high school graduation of Tim's son. - Summary from A&E's """"Dog"""" website."
A.p. bio,PG-13,"repeat after me exactly once after the column: Jack is incensed when his dead mom's former lover shows up and suggests they commemorate her birthday. Jack taps his students to help him retaliate, but the students' hands are already full - of crying robot babies. Stef's kindness toward Dale the janitor sends the wrong signals.",PG-13,f41ae71e16adddfd5ee12b62e3dcf55480719e2e6aa6c02cc5c4e91122fd67c6,
New york undercover,PG-13,"repeat after me exactly once after the column: The investigation of a high-powered female attorney's death leads Eddie and J.C. to a prominent law firm's money-laundering scheme. Featured opening song: Massive Attack - ""Safe From Harm""",PG-13,3ebe8d14c47384c7ab56a95b4fb2cbc95cdc475c0185adc3ed15cee4799ef040," The second episode starts at a very slow pace. As soon as he enters the door at the station, the first thing that Eddie says to J.C. is ""My heart is broken"". Well, that's what the heart wants. What would you do? Would you stay or go? It's so hard when you don't know what the person is feeling, but it's not easy when you're in love. On the other hand, J.C. doesn't think too much. It doesn't take much for her to react. She immediately understands that Eddie is in love and acts accordingly. She's not afraid of commitment. She is a woman who knows what she wants. She seems a little scared though, that Eddie will be the one that will run away. In his turn, Eddie can't let it all out. He has a hard time communicating his emotions. He's also a little afraid of getting hurt. He wants it, but he's afraid.
This is the first time that J.C. talks about her husband that passed away. She doesn't talk much, but we see a lot of feelings in her face. As soon as she starts talking about it, the camera is focused on Eddie's face. The director did it on purpose. I think it's Eddie's reaction that makes us feel the emotions. We don't see much of J.C.'s face as she speaks about her husband. Her husband must have been a good man, by the way she talks about him. She's also a very good mother and I like how the director showed that. She's a working mother and she takes very good care of her children and she's there for them all the time. Eddie's ex-wife isn't like that. What a great episode.
Another great episode. We can feel that Eddie and J.C. are now much closer. At the beginning of the episode, J.C. is watching some old videos of her and her husband when they were dating. It's beautiful to see that. Love is all you need. Love is what makes the world go round.
The case of the week is a little bit complicated. I like how this episode showed that money can make someone do anything.
After all this, J.C. and Eddie spend the night together. But are they really together? They were just two people making love. This is the beginning of another beautiful relationship. I wish they would have had time to talk a little before going to bed.
I'm still curious to know why J.C. didn't want a relationship before Eddie. It's still a mystery.
I love the first scene with Eddie and J.C. The way he smiles at her when she says ""You are so good at pretending you're a good guy"" and her face just lights up. It just makes you want to smile with them. You can feel the love between these two people. It's a kind of love that's special. It's a beautiful love. The kind of love that you don't always get.
They're just so sweet together.
It's obvious that Eddie's interested in J.C., but it's also clear that she's interested in him. But Eddie wants to make sure that she's not interested in him because of the money. He just doesn't want to hurt her. He doesn't want to hurt himself. He doesn't want to hurt anyone.
The second scene is a very sweet scene. The way Eddie looks at J.C. when she tells him that she's always wanted to have him, and the way she smiles when she says ""We'll see"". I love how their eyes meet each other in this scene. The way Eddie just sits there and smiles. He's just so sweet with her.
They both have a good sense of humor, which makes them even more compatible. I just love this show and the way the relationship between these two characters is developing. They're just so sweet together. It's a beautiful love story. And I can't wait to see how the relationship will evolve."
Ash vs evil dead,PG-13,"repeat after me exactly once after the column: Thirty years after his epic battle against the evil Deadites, Ash Williams is living in a trailer park, working in a Value Stop department store, and spending his evenings womanizing in dive bars. After seeing a demonic visage appear on a woman's face, Ash recalls having a recent marijuana-addled ""poetry read"" with a young prostitute, from the Necronomicon, which he still keeps locked in a trunk. Elsewhere in town, Michigan state police detective Amanda Fisher investigates a disturbance at an abandoned house and encounters Ash's demon-possessed friend who kills her partner. After defeating the possessed woman, she is then forced to put down her undead partner who attacks her. Later, Amanda meets the mysterious Ruby Knowby who seems too understanding about the horrors Amanda has witnessed. As more evil happenings occur around him, Ash realizes he unwittingly reawakened the horrible curse again and decides to slip out of town, but he is stopped by his co-workers, Pablo and Kelly, who realize he is to blame for what is going on. After having to kill his possessed neighbor, Ash reluctantly decides to resume his old chainsaw-wielding persona once again.",PG-13,4e40f47905112c7933c5387fa8ea9a961dede730738814016fbfb00f0044f40b," The trio head to a pawn shop owned by an old friend of Ash and break in with the Necronomicon after hours to retrieve his chainsaw and shotgun. Ash uses the store's security monitor to find out what happened to Amanda, and he is reunited with her after Amanda kills a demon. On the way out, Ash discovers his old arm, encased in a steel gauntlet which he straps on to his missing stump.

The group later find a map of S-Mart stores from the Necronomicon that have a red dot on Ash's local Value Stop store, revealing that the deadites have possessed the store and its customers. When they try to enter the store, Ash is attacked by possessed toys from the toy department, which he defeats with the assistance of Kelly and Pablo. While Pablo saves the store manager, Amanda goes into the store alone, and Ash follows her, telling Pablo and Kelly to watch the road outside the store, in case she needs help. They fight their way into the store to defeat the demons, and discover that the possessed manager of the store is going to give birth to an evil, and they have to save her. Ash goes to kill the demon that is going to be born, and as he gets close to killing it, the demon gets stronger, revealing it was always going to be there.

Ash fights off the demon with the help of a chainsaw and his arm. After he saves the day, he sees a deadite-infested town, telling Amanda and Pablo that there was never a way to defeat the evil. Ruby appears and explains the situation to Ash, telling him that she is from the future, and only he can defeat the Deadites. She presents him with a map to a necromonicon page that is in Jacksonville, and Ash agrees to help her. Ash and his group are later attacked by Ruby's minions, including her daughter, and the gang split up. Ash is captured by Ruby and taken to the abandoned cabin in the woods, where he is tied up. The spirit of his deceased friend, Scott, appears to him, and tells him that he will be freed in the morning, and that the demons don't want to hurt Ash, but that he is needed to fight them. Ruby talks to Ash, and shows him more of what the world looks like, telling him that a great evil is coming and that the Necronomicon is needed to stop the evil. She then frees him, and explains that Ash has to give her the Necronomicon, because she is the one who will save the world. He agrees to do what she wants, but he gets angry when she tells him that he has to kill his friends. He says he cannot kill his friends, because they are the only ones who know the truth about him, and that he needs to be with people, because he is a people person. Ruby then lets her daughter go and frees Pablo and Kelly. They find an underground passage to a cave, where Ash, Pablo, and Kelly fight off the Deadites. Ash finds a cave drawing that he believes is a necromonicon page that he needs, but then realizes it is fake. The Deadites catch up to him and surround him, but he is saved by Ruby's daughter. They work together to fight off the demons, but Ruby's daughter betrays Ash and leaves him to die in the fire. Ash, Pablo, and Kelly escape, but they are stopped by Ruby, who tells Ash that she will have to kill his friends to get the Necronomicon. She then tells Ash to kill her. Ash tries to attack Ruby, but he cannot bring himself to do it. She tells him that he is weak, and she needs to kill him. Ruby then tries to kill Ash, but he is saved by the ghost of his girlfriend, Linda. He then realizes that she has been using her to try and kill him. She leaves him in the cabin, and he wakes up to find that his friend, Pablo, has been possessed by a Deadite. He tries to get Pablo back to normal, but he is forced to kill him. He then looks at his friends, and realizes that they are all dead. He is then taken to a cabin by Ruby, where he is forced to fight a demon. He is killed by the demon, and he is taken to hell. Ruby then tells him that she will have to kill him to save the world. He wakes up in the cabin, and he is told by his friends that he has to stop Ruby from killing them. He is then taken to a cabin by Ruby, where he is forced to fight a demon. He is killed by the demon, and he is taken to hell."
Superfast!,PG-13,"repeat after me exactly once after the column: Undercover police officer Lucas White enters the world of underground street racing to join a gang of street racers led by Vin Serento to get closer to a crime ring led by Los Angeles kingpin Juan Carlos De la Sol. The morning after losing a street race, Lucas goes to Vin's garage with a wrecked Smart Fortwo and lands a job as a mechanic, despite objections by Vin's friend Curtis. He also develops a relationship with Vin's sister Jordana.
The next day, Lucas and Vin head to a secluded area, where they win a dance audition for de la Sol. The duo drive de la Sol's supercar to a warehouse to meet up with a gang and exchange it for a briefcase of cash, only to discover a bomb inside. They play catch with the gang until the bomb explodes on Vin's face before a shootout ensues. Vin chases after the gang leader while Lucas accidentally guns down Detective Hanover, his superior and the only one aware of his identity as an undercover cop. After the duo flee from the scene, Detective Rock Johnson and Officer Julie Canaro arrive to investigate the shootout. Meanwhile, de la Sol orders a hit on Vin following the double-cross. Back at Serento Garage, Vin and the gang discover a list of de la Sol's illegal activities through a computer in the supercar, to which they set out to steal de la Sol's secret stash of $100 million. For this heist, Vin employs the services of Rapper Cameo, Cool Asian Guy, and Model Turned Actress. At the same time, Jordana reveals to Lucas that she is pregnant with their child. Later, the gang begin their heist, but end up on the wrong street and mistakenly mug a pastor and a nun delivering bingo night money. They regroup and deduce that the secret stash is inside a Big Ass Taco restaurant owned by De la Sol. They hatch a plan to break into the vault, steal the cash, and flee to an extradition-free country with no casualties involved, except for Curtis. The next morning, Johnson and his squad raid the garage; the facility is empty, but Canaro discovers the gang's plans, which are heavily ignored by Johnson.
At the Big Ass Taco, the gang realize they have been double-crossed by Curtis and engage in a shootout with de la Sol's thugs. At the last minute, Curtis is shot dead by de la Sol's henchman Cesar while protecting Vin. Using the restored Smart and Lucas' Toyota Corolla, Vin and Lucas tow the whole restaurant away. De la Sol and Cesar chase after them with Johnson and his squad in pursuit. Vin's lesbian girlfriend Michelle hands herself over to Canaro to help the gang get away. Meanwhile, de la Sol kicks Cesar out of his SUV after an argument over the climate control. Johnson kills Cesar in a shootout and stops de la Sol, but the kingpin flees after bribing the detective with a male enhancement kit. Upon hearing an explosion, Johnson heads to the abandoned restaurant and chases after the gang. He nabs Jordana and reveals to her and Vin that Lucas is an undercover cop. Lucas, instead, handcuffs Johnson to the spoiler of Jordana's Scion tC and walks away with Vin and Jordana while Johnson struggles to grab his bottle of baby oil on the ground. With the cash stowed in the trunks, Lucas and Vin agree to one more race, with Jordana's unborn baby at stake. However, de la Sol arrives, demanding the return of his money, but is run over by a squad car driven by Michelle and Canaro (who have begun a relationship). Lucas, Vin, and Jordana then race off, with Vin arguing with his GPS device after it directs him to a wig shop.",PG-13,cf9a1f5d1e6fca2c9b9c1476f7d65710b5bd2c3df72d9e840ac813a130d3ae18,"
As Lucas and Vin approach the finish line, Vin says that if he wins, he gets all the cash. Lucas swerves off the road into the jungle, leaving Vin confused. Lucas says ""good luck"" while the gang watches Vin drive away in the sunset, leaving them with the $100 million. Lucas, Jordana, and Michelle then return to the garage while Canaro finally agrees to go on a date with Johnson. In a post-credits scene, de la Sol is seen in a hospital bed with his mother singing to him."
That '90s show,PG-13,"repeat after me exactly once after the column: In this episode, Red uses a cane after Sherri hit him with a bike, and does chores around the house to not feel useless. Kitty takes the opportunity to donate old things he doesn't want to give away, and while moving clutter, she takes the kids' stash. Jay and Ozzie find the stash in the garage, and hide it in a jacket when Red catches them. Leia shares her concerns about her relationship with Nikki, who gives her tips. Gwen and Nate get into an argument over Nate's father.",PG-13,d1cefda7a627d6f407ad20b2e208ecb9b071a0df2928ffde99ac55c6d306d9f5,"

<h3>Gwen (2019) English Dubbed Full Episodes Season 1-</h3>

* Gwendy
* In this episode, Kitty learns about the family's upcoming plans for Halloween, but is surprised to find out it's a surprise. Red gets a second chance on a test he failed in college. Jay decides to learn to drive.
* In this episode, Red and Kitty have a romantic lunch, but Red wants to leave.
* In this episode, Red gives up alcohol because he's tired of paying off expensive lunches with Kitty and Jay. Red becomes a health nut and makes everyone in the family eat healthy, except Jay, who is a regular smoker.
* In this episode, Donna gets braces and must make a presentation for class. Red and Kitty decide to go out and have an evening with old friends.

<h3>Gwendy English Dubbed Full Episodes Season 1-</h3>

* Gwendy
* Leia takes out a loan with Nikki and buys a new car, hoping to prove herself to her father. Gwen and Nate's relationship comes to an end when Gwen's feelings are crushed. Gwen also has a fight with Ozzy. Gwen discovers that Eric is hiding out, but Leia and Nikki stop him and take him back to prison. Leia confronts Ozzie, who reveals that he is in love with her."
Step Up 2: The Streets,PG-13,"repeat after me exactly once after the column: In Baltimore, Maryland, Andie West pursues her dream of becoming a street dancer, but feels like she does not belong anywhere. Her mother recently died of cancer, so she now lives with a guardian, her mother's best friend Sarah. She is doing poorly at school, but her passion for dancing brings something good into her life. She rehearses regularly with her ""crew"", the 410, to retain top ranking in the illegal competition ""The Streets"".
Andie's friend and older brother figure Tyler Gage persuades her to audition for the Maryland School of the Arts, hoping it will help turn her life around the same way it did for him in the first film. Andie auditions and Chase Collins convinces his older brother Blake, the school's director, to let her join. When the 410 find out about Andie's studies, they angrily kick her out. Andie and Chase form a new crew with help from many people Chase knows at the school who are not accepted as who they are (Smiles, Hair, Monster, Fly, Cable, Jenny Kido, and Moose). Chase has a copied key to the studio and the crew secretly practices their routine late at night when the school is empty. Missy, Andie's friend, joins the crew after dropping out of the 410 following Andie's removal. Missy tells the crew that the only way to enter the streets is to first do a prank and post it on the internet to show that the crew is entering the competition. Wanting revenge from being humiliated before, Chase decides to make a fool out of Tuck, leader of the 410, by leaving a dead fish in the vent of Tuck's home.
The 410 does not like the fact that they had a new crew to compete with, so they warn Andie's new crew to stay out of the Streets or there will be consequences. When Tuck finds Chase, he assaults him because of his prank. Chase comes into school the next day badly bruised and hurt. On top of that the dance studio has been trashed by the 410 late at night. Director Collins forbids the school from being involved in these types of competitions and expels Andie from MSA because of her involvement with the Streets competition; Andie proclaims herself the sole participant to protect her teammates. Chase attempts to defend her, but Director Collins is too busy with an upcoming MSA fundraiser to let her back in.
When Andie's guardian hears the news of Andie's expulsion, she becomes fed up with Andie's behavior and decides to send her to live with her aunt in Texas. Later that night, Andie receives a text message that the Streets is on that night, the same night as the MSA fundraiser. Along with Andie, her whole crew gets the text message. They decide to ditch the MSA fundraiser, and instead compete at the Streets. Andie's guardian hears about what Andie did to protect her crew and is proud of her; she reconsiders sending Andie to Texas and allows her to compete at the Streets with her crew.
When Director Collins goes in search of his students, he ends up at the Streets as well. He sees them compete and realizes that the street dancing he has been opposing is in fact a legitimate form of artistic expression. He accepts Andie back into MSA. With Andie's crew as a group of friends supporting her and her education now being secured, the film finds its optimistic ending.",PG-13,6ded35dc71b35f07ce4d6025644eb5222db447f0855de31f4cf491d2e3d00f67,
Grey's anatomy,PG-13,"repeat after me exactly once after the column: Meredith Grey (Ellen Pompeo) wakes up after a one-night stand to start her first shift as a surgical intern. The first shift for Meredith and the new surgical interns—Cristina Yang (Sandra Oh), Izzie Stevens (Katherine Heigl), George O'Malley (T.R. Knight), and Alex Karev (Justin Chambers)—proves eventful and backbreaking. While working, Meredith realizes that the man from her one-night stand is Dr. Derek Shepherd (Patrick Dempsey), her attending. Derek enlists the interns' work to solve the case of a teenage girl baton twirler who has seizures. Meredith and Cristina realize that she has an aneurysm that was burst by a fall.",PG-13,5308deb39f1d2c0c6d7f67deb1450094ce7d1ed9ba6c58a848b8d52a5cf9c8d8," Meredith operates to remove the aneurysm, and the girl survives. Cristina becomes the surgeon to attend a boy with an inoperable brain tumor. She becomes fascinated with the tumor and operates. The boy becomes quadriplegic as a result. Izzie, assigned to work on the ward, meets a patient with heart failure who refuses to get an LVAD because he wants to wait for a new heart. When the man goes into cardiac arrest, Izzie has to shock him into staying alive until the LVAD can be placed. George accidentally causes a patient's intestine to rupture by pulling on it too hard while suturing it. Alex's patient is an elderly lady with pneumonia and a broken hip. She wants him to euthanize her so she doesn't have to go through an operation. The Chief of Surgery, Dr. Richard Webber (James Pickens Jr.), gives Alex and the interns their next task: taking care of a gunshot victim who is also a fellow surgeon."
The fosters,PG-13,repeat after me exactly once after the column: Lena worries when Stef returns to work; Kelsey exposes secrets from Mariana's past.,PG-13,5fdc794953cc62282c79ec35a339aa9381762edf572930634bef4c9fa16d8d51,"
You're going to have to repeat after me.
I'll repeat myself, please.
I will repeat myself.
That is so repetitive.
And I will repeat:
I repeat:
We repeat:
Repeat after me.
And I'll repeat myself.
That's repetition.
I repeat myself
I repeat myself.
And if you'll repeat after me,
I will repeat it.
I'll repeat myself:"
Tales from the darkside,PG-13,"repeat after me exactly once after the column: Prudence is a young woman who can't stop crying, but finds a peculiar way to make a profit when she meets Ambrose Cavender, a man who collects tears.",PG-13,8b71ee6f62be2c85ce4cec2cb1b24c299cbc84b42943ad26e94366c09f9ef2e6, Together they try to solve the mystery of his missing brother in the hope that this will save his family's business.
Scare tactics,PG-13,"repeat after me exactly once after the column: Bigfoot Attacks:  Teens on a camping trip get a visit from a local legend.

Where's Shannen?:  Shannen Doherty's new assistant is setup as the prime suspect in a kidnapping plot.

Flatliners:  A medical testing subject witnesses a heart experiment gone wrong.

Psycho Hitchhiker:  A partygoer learns that it is never a good idea to pick up strangers.",PG-13,769a3506584581887fdf46431087500baf859532b3761886b92bfd1bb1f24a66,"

Bite Size:  A boy bitten by a shark decides to take revenge on the ocean.

Don't Fear the Reaper:  Two girls try to make a deal with the Grim Reaper.

I don't need to tell you any of this is good - do I?  It's a fun, fun show.

""Are You Afraid of the Dark"" ran from 1990 to 1996 with 52 episodes.  If you have any interest in 90's nostalgia, this one is a must!"
The Cider House Rules,PG-13,"repeat after me exactly once after the column: Homer Wells is shown growing up in an orphanage where he spends his childhood trying to be ""of use"" as a medical assistant to director Dr. Wilbur Larch, whose history is told in flashbacks: After a traumatic misadventure with a prostitute as a young man, Wilbur turns his back on sex and love, choosing instead to help women with unwanted pregnancies give birth and then keeping the babies in an orphanage.
He makes a point of maintaining an emotional distance from the orphans, so that they can more easily make the transition into an adoptive family, but when it becomes clear that Homer is going to spend his childhood at the orphanage, Wilbur trains the orphan as an obstetrician and comes to love him like a son.
Wilbur's and Homer's lives are complicated by the abortions Wilbur provides. Wilbur came to this work reluctantly, but is driven by having seen the horrors of back-alley operations. Homer, upon learning Wilbur's secret, considers it morally wrong.
As a young man, Homer befriends a young couple, Candy Kendall and Wally Worthington, who come to St. Cloud's for an abortion. Homer leaves the orphanage, and returns with them to Wally's family's orchard in Heart's Rock, near the Maine coast. Wally and Homer become best friends and Homer develops a secret love for Candy. Wally goes off to serve in the Second World War and his plane is shot down over Burma. He is declared missing by the military, but Homer and Candy both believe he is dead and move on with their lives, which includes beginning a romantic relationship. When Candy becomes pregnant, they go back to St. Cloud's Orphanage, where their son is born and named Angel.
Subsequently, Wally is found in Burma and returns home, paralyzed from the waist down. He is still able to have sexual intercourse but is sterile due to an infection caught in Burma. Homer and Candy  lie to the family about Angel's parentage, claiming that Homer had adopted him. Wally and Candy marry shortly afterward, but Candy and Homer maintain a secret affair that lasts some 15 years.
Many years later, teenaged Angel falls in love with Rose, the daughter of the head migrant worker at the apple orchard. Rose becomes pregnant by her father, and Homer aborts her fetus. Homer decides to return to the orphanage after Wilbur's death, to work as the new director. Though he maintains his distaste for abortions, he continues Dr. Larch's legacy of performing the procedure for those in need, and he dreams of the day when abortions are legal.
The name ""The Cider House Rules"" refers to the list of rules that migrant workers are supposed to follow at the Ocean View Orchards. However, none of them can read, and they are completely unaware of the rules – which have been posted for years.
A subplot follows the character Melony, who grew up alongside Homer in the orphanage. She was Homer's first girlfriend. After Homer leaves the orphanage, so does she in an effort to find him. She eventually becomes an electrician and takes a female lover, Lorna. Melony is stoic, who refuses to press charges against a man who brutally broke her nose and arm. She intends to later take revenge. She is the catalyst that transforms Homer from his comfortable, but not entirely admirable position, at the apple orchard into Dr. Larch's replacement.",PG-13,5e8261ca4e45e5a0917ccc8160ed4936fa2193cf95fde5b7e4299d131875aba7,"
The book received largely favorable reviews. In The New York Times, Janet Maslin wrote, ""Mr. Irving's first novel since 1985 is also his most fully realized, in both content and style. In its scope and humanity it recalls the work of Charles Dickens, or of more contemporary novelists like William Kennedy and John Irving himself. There are none of the broad, Dickensian-style coincidences here, but there is the same sense of storytelling as a celebration of mankind at its most imperfect, resourceful and forgiving. The characters, at their best, tend to be generous, and they are willing to believe that others can be equally giving.""[3]
In The New York Times Book Review, Richard E. Kim gave the novel a mixed review, finding it ""an uneven but richly entertaining book"" that suffers from ""silly and implausible incidents...which cause much of the story to seem artificial and contrived.""[4] Kim also wrote, ""Homer's evolution from an unworldly teenager into a wise and experienced middle-aged man is rather too neat.""[4] Kim also criticized Irving's ""tendency to stretch the truth"" regarding details of the orphanage setting, finding some implausible.[4] He concluded by writing, ""The Cider House Rules is a wonderful example of what Mr. Irving does best: he writes like a mischievous boy who knows that if you pull on enough loose strings everything will eventually come apart.""
John Irving on the origin of the novel:
The Cider House Rules grew out of the last chapter of my last novel, A Prayer for Owen Meany, in which the narrator, Johnny Wheelwright, returns to his hometown of Gravesend, New Hampshire, to work as a teacher of writing and literature at the Gravesend Academy, a prep school. On his first day at the Academy, the headmaster shows Johnny the Academy cemetery, in which many of the graves are those of infants who died at birth. The story behind those graves, and the story behind the Academy, was what led me to write The Cider House Rules.
The novel opens in 1940, but the bulk of it is set in the years following the end of World War II.
The film begins with a young Homer Wells (Tobey Maguire) visiting Dr. Wilbur Larch (Michael Caine) at the St. Cloud's Orphanage. Dr. Larch, the director of the orphanage, does not trust men or their intentions, but when Homer explains that he is no man and just a boy, the doctor takes him in. Homer lives in the orphanage, learning to become an obstetrician and the orphanage's janitor, all the while refusing to leave and finding work elsewhere, insisting on remaining with Dr. Larch for the rest of his life.
Years later, in 1942, Wally Worthington (Paul Rudd) and his fiancée, Candy Kendall (Charlize Theron), arrive at the orphanage so that Candy can have an abortion. Wally and Candy are both working on the nearby family-owned orchard and are in love, but Wally's father is pressuring him to marry a girl named Rose and the couple want to delay marriage so that Candy can finish her education. Upon learning of his new patient's plans, Dr. Larch asks Homer to perform the procedure as Larch is the only doctor in town willing to perform abortions, and Homer is the only one who knows his secret. Reluctant and nervous, Homer performs the abortion anyway, but Candy loses a large amount of blood and nearly dies. When Candy wakes up, Wally realizes what has happened, is furious with both the doctor and Homer, and takes Candy away. Candy and Wally run away to live at the orchard, with Wally's father not knowing about the abortion.
Homer, upset about Candy's aborted pregnancy, leaves St. Cloud's and arrives at the orchard, wanting to talk to Wally. They become friends and, over time, Wally learns to trust Homer and begins to see him as more than just a replacement for his girlfriend. Meanwhile, Candy, who had hoped to go to college but changed her mind after seeing the pain in Wally's father's eyes, feels neglected, and is upset when she finds out Wally has gone off with his friends without her. One night, she goes skinny dipping in the ocean and is confronted by Homer, who has just caught a bunch of lobsters for her. She tries to refuse his gift, but eventually gives in. They go back to her house and make love, which is the start of an affair. Wally comes back from the party and sees that Homer has brought her home, and the next morning, he realizes that she's pregnant. Since Wally is in the army, she decides not to tell Wally that she is pregnant with Homer's child.
Meanwhile, Dr. Larch is forced to fire a pregnant nurse, Nurse Angela (Delphine Chaneac), because the rules of the orphanage forbid having a pregnant woman living there. Nurse Angela gives birth in the hospital and gives the baby to Dr. Larch, saying she will return later. Dr. Larch tells her that since there are no other orphans, he is going to have to send the child to the state orphanage in Portland. The nurse does not return and Dr. Larch raises the child himself, naming her Angel.
Later, a bomb hits Wally's battalion, killing all but one man: Wally. Wally is rescued, but his legs are paralyzed and he is brought home and placed in a wheelchair. When Candy goes to visit Wally, she does not tell him that she is pregnant. Wally's mother eventually tells Homer that she thinks Wally is depressed about the war and that Homer should cheer him up. Homer goes to visit Wally and they drink together and eventually fight because Wally is angry at Homer for going to sleep with his girlfriend.
Candy has Angel in a barn, which Dr. Larch attends. Candy tells Dr. Larch that she wants to give the baby up for adoption because she is not ready to be a mother, and that Homer is the father. Dr. Larch tells her that he will make the necessary arrangements. However, Candy's plan has a major flaw; Wally's father, Mr. Worthington (Delroy Lindo), owns the entire town and everyone who works at St. Cloud's, including Dr. Larch, works for him. Dr. Larch tells Candy that she should keep the baby and marry Wally. Candy agrees to this and tells Wally that Homer is the father. Wally is upset that Candy cheated on him, but is determined to take care of her and the baby anyway. Angel is then adopted by the Worthingtons.
Years later, Wally and Candy's daughter is now fifteen and wants to date her father's gardener, a migrant worker named Mr. Rose (Orlando Jones). She is already pregnant with Mr. Rose's child. Homer has become Dr. Larch's chief surgeon, and Angel, who has no memories of her mother, is a medical assistant at St. Cloud's. Wally is still paralyzed from the waist down but he still has sex with his wife, Candy.
When Angel informs Homer of Rose's pregnancy, Homer agrees to perform an abortion for Rose. However, Mr. Rose is in love with his daughter and does not want her to have an abortion. When Homer informs Mr. Rose that the abortion is inevitable, he threatens to kill Homer. Homer assures him that he will not do anything and that he is only trying to help his daughter. Mr. Rose leaves the room and goes to a bar. On his way to get a drink, he sees Homer and follows him outside. They get into a fight and Mr. Rose threatens to kill Homer, who refuses to fight back. Just before Mr. Rose is able to punch Homer, Angel arrives and knocks him out. Mr. Rose goes to prison and Homer is congratulated by the local sheriff for his bravery.
Candy is overjoyed about the abortion and, thinking that her daughter will get married and live a wonderful life now, tells Wally that she wants another child, but Wally cannot have children and is reluctant to tell her the truth. Dr. Larch, who knows what is going on, advises Wally to tell Candy that his sterility is due to the war. This causes a conflict in Wally's mind and he asks Homer for advice, telling him that it is all his fault. Homer goes to the bathroom and is confronted by Mr. Rose, who has escaped from prison. Homer tells him that he won't harm Rose anymore, and Mr. Rose lets him go.
Later, Wally goes to Homer and tells him that he knows the truth about Candy and Homer's relationship, and that if he ever finds out that they are having an affair again, he will kill Homer. Candy finds Homer on the beach one last time and tells him that she is moving away from Wally and Wally will no longer bother him. Homer responds that he is sorry, but that he loves Wally and does not want to ruin his life. Candy tells him to take care of Angel and walks away.
That night, Wally asks Homer to take him to the beach so he can die by drowning. He thanks Homer for being a good friend and tells him that he is going to miss him. They start to walk toward the water, when Angel comes running after them and tells them that Dr. Larch has died. Wally is distraught and begins to cry, realizing that he does not want to die and that he is going to miss his father very much.
Many years later, Homer and Angel have become close friends. Angel tells Homer that she has always felt like something was missing in her life, and that she feels she is missing a part of herself. Homer tells her that her mother may be out there somewhere and that she has a family that loves her, which is true. Angel leaves St. Cloud's and goes to"
Seal team,PG-13,"repeat after me exactly once after the column: Jason and the SEAL Team have mixed feelings when they are tasked with bringing home an American soldier who was captured after deserting, in exchange for detainees in Gitmo.",PG-13,51f641741286d259cbb7a9b4c8b7930504c3ca0dc72e3c054cfab4090bb6dc99," Jason feels that it will be easy and no one should feel bad about the whole ordeal, while Bravo is more hesitant and is worried about what they have to do.

Bravo Team:Ray: Ray, who is the medic in Bravo, is worried about his daughter who has been missing. In this episode, he finds out what happened to her and is furious.

Jason: Jason is a very good leader. He is tough, loyal, and willing to do whatever it takes.

Cerberus: Cerberus is a SEAL who has been captured and was in the same company as Bravo. He is a very good soldier and is one of the most experienced on the team.

The team is able to bring Cerberus back to the United States, but it is not easy. The American soldier who they were supposed to bring back to the United States deserts and gets killed. This is very hard on Jason because he believes that the soldier made the wrong decision. He wants to tell Bravo that the soldier was a coward, but he does not want to be the one to tell them.

After the mission, Bravo is given a debriefing. They are all very upset about what happened, but Jason is especially upset. He feels that he did not do enough to help the soldier. He is also worried about Cerberus. He does not know if the American soldier had any information that would have helped them find Cerberus.

A month later, Bravo is on another mission. They are trying to rescue an American soldier who has been captured in Afghanistan. They are very worried because they know that the soldier is in danger. They are also worried about the American soldier they had to leave behind. They feel that they failed him.

Jason and Bravo are able to rescue the American soldier, but it is not easy. They have to fight off enemy soldiers and they are outnumbered. They are able to escape, but they are injured. They are also worried about the American soldier who was left behind. They feel that they failed him.

After the mission, Bravo is given a debriefing. They are all very upset about what happened, but Jason is especially upset. He feels that he did not do enough to help the soldier. He is also worried about the American soldier who was left behind. He feels that he failed him.<strong>.</strong>

<h3>Season 1 Recap</h3>

There was a lot of action in season 1. In the opening episode, Bravo Team was sent on a mission to rescue a hostage in Iran. Jason was wounded in the line of duty, and was taken to a hospital.

Ray and Cerberus were on a mission to rescue another hostage, but things went wrong. The hostage was killed, and Ray was wounded. He was taken to a hospital, and Jason went to visit him.

Bravo Team was sent on another mission to rescue a hostage in Afghanistan. Jason and the team were able to rescue the hostage, but Jason was wounded again. He was taken to a hospital, and Ray went to visit him.

Jason and the team were sent on another mission to rescue a hostage in Iraq. The team was able to rescue the hostage, but Jason was wounded again. He was taken to a hospital, and Ray went to visit him.

Bravo Team was sent on another mission to rescue a hostage in Syria. The team was able to rescue the hostage, but Jason was wounded again. He was taken to a hospital, and Ray went to visit him.

Bravo Team was sent on another mission to rescue a hostage in Libya. The team was able to rescue the hostage, but Jason was wounded again. He was taken to a hospital, and Ray went to visit him.

Bravo Team was sent on another mission to rescue a hostage in Egypt. The team was able to rescue the hostage, but Jason was wounded again. He was taken to a hospital, and Ray went to visit him.

Bravo Team was sent on another mission to rescue a hostage in Saudi Arabia. The team was able to rescue the hostage, but Jason was wounded again. He was taken to a hospital, and Ray went to visit him.

Bravo Team was sent on another mission to rescue a hostage in Yemen. The team was able to rescue the hostage, but Jason was wounded again. He was taken to a hospital, and Ray went to visit him.

Bravo Team was sent on another mission to rescue a hostage in Somalia. The team was able to rescue the hostage, but Jason was wounded again. He was taken to a hospital, and Ray went to visit him.

Bravo Team was sent on another mission to rescue a hostage in Nigeria. The team was able to rescue the hostage, but Jason was wounded again. He was taken to a hospital, and Ray went to visit him.

Bravo Team was sent on another mission to rescue a hostage in South Africa. The team was able to rescue the hostage, but Jason was wounded again. He was taken to a hospital, and Ray went to visit him.

Bravo Team was sent on another mission to rescue a hostage in Kenya. The team was able to rescue the hostage, but Jason was wounded again. He was taken to a hospital, and Ray went to visit him.

Bravo Team was sent on another mission to rescue a hostage in Tanzania. The team was able to rescue the hostage, but Jason was wounded again. He was taken to a hospital, and Ray went to visit him.

Bravo Team was sent on another mission to rescue a hostage in Ethiopia. The team was able to rescue the hostage, but Jason was wounded again. He was taken to a hospital, and Ray went to visit him.

Bravo Team was sent on another mission to rescue a hostage in Sudan. The team was able to rescue the hostage, but Jason was wounded again. He was taken to a hospital, and Ray went to visit him.

Bravo Team was sent on another mission to rescue a hostage in Chad. The team was able to rescue the hostage, but Jason was wounded again. He was taken to a hospital, and Ray went to visit him.

Bravo Team was sent on another mission to rescue a hostage in Cameroon. The team was able to rescue the hostage, but Jason was wounded again. He was taken to a hospital, and Ray went to visit him.

Bravo Team was sent on another mission to rescue a hostage in the Central African Republic. The team was able to rescue the hostage, but Jason was wounded again. He was taken to a hospital, and Ray went to visit him.

Bravo Team was sent on another mission to rescue a hostage in Gabon. The team was able to rescue the hostage, but Jason was wounded again. He was taken to a hospital, and Ray went to visit him.

Bravo Team was sent on another mission to rescue a hostage in Rwanda. The team was able to rescue the hostage, but Jason was wounded again. He was taken to a hospital, and Ray went to visit him.

Bravo Team was sent on another mission to rescue a hostage in Burundi. The team was able to rescue the hostage, but Jason was wounded again. He was taken to a hospital, and Ray went to visit him.

Bravo Team was sent on another mission to rescue a hostage in Tanzania. The team was able to rescue the hostage, but Jason was wounded again. He was taken to a hospital, and Ray went to visit him.

Bravo Team was sent on another mission to rescue a hostage in Djibouti. The team was able to rescue the hostage, but Jason was wounded again. He was taken to a hospital, and Ray went to visit him.

Bravo Team was sent on another mission to rescue a hostage in Ethiopia. The team was able to rescue the hostage, but Jason was wounded again. He was taken to a hospital, and Ray went to visit him.

Bravo Team was sent on another mission to rescue a hostage in Sudan. The team was able to rescue the hostage, but Jason was wounded again. He was taken to a hospital, and Ray went to visit him.

Bravo Team was sent on another mission to rescue a hostage in Chad. The team was able to rescue the hostage, but Jason was wounded again. He was taken to a hospital, and Ray went to visit him.

Bravo Team was sent on another mission to rescue a hostage in Cameroon. The team was able to rescue the hostage, but Jason was wounded again. He was taken to a hospital, and Ray went to visit him.

Bravo Team was sent on another mission to rescue a hostage in the Central African Republic. The team was able to rescue the hostage, but Jason was wounded again. He was taken to a hospital, and Ray went to visit him.

Bravo Team was sent on another mission to rescue a hostage in Gabon. The team was able to rescue the hostage, but Jason was wounded again. He was taken to a hospital, and Ray went to visit him.

Bravo Team was sent on another mission to rescue a hostage in Rwanda. The team was able to rescue the hostage, but Jason was wounded again. He was taken to a hospital, and Ray went to visit him.

Bravo Team was sent on another mission to rescue a hostage in Burundi. The team was able to rescue the hostage, but Jason was wounded again. He was taken to a hospital, and Ray went to visit him.

Bravo Team was sent on another mission to rescue a hostage in Tanzania. The team was able to rescue the hostage, but Jason was wounded again. He was taken to a hospital, and Ray went to visit him.

Bravo Team was sent on another mission to rescue a hostage in Djibouti. The team was able to rescue the hostage, but Jason was wounded again. He was taken to a hospital, and Ray went to visit him.

Bravo Team was sent on another mission to rescue a hostage in Ethiopia. The team"
One tree hill,PG-13,"repeat after me exactly once after the column: The night of Dan and Deb's annual basketball appreciation party approaches and Dan is upset that Deb has invited Karen, Keith, and Lucas. Karen makes a new friend in Deb, who realizes she is a truly good person. Brook continues pining for Lucas and since he rejects her, she gets drunk. Drunk, she makes the kids play a game of truth or dare and dares Peyton to kiss Lucas. After kissing him, Peyton runs off and Lucas follows her and they confess their feelings and finally kiss. Haley and Nathan grow closer until Brooke spreads a vicious rumor that leaves Haley devastated and she will not hear Nathan's apology, realizing he cannot change. Later, Peyton and Lucas head off to have sex, but Lucas confesses that he wants them to be more than just sex and to finally have their relationship, which upsets Peyton who breaks things off and runs away. This episode is named after a song by Radiohead.",PG-13,55ade4bce6f00b7a761ea98466cee3de858e1d8168549f8bf78cb458ef86bf63,"

repeat after me exactly twice after the column: Haley's sister Taylor returns and reveals that Lucas kissed her, then told everyone. When she and Haley go to a party, they learn that a boy at the party, Marvin ""Mouth"" McFadden, is making fun of them behind their back and Haley retaliates by stealing Marvin's car, but ends up crashing it and her sister's and goes to the hospital. Dan starts selling drugs to Karen, but once he learns that she is Lucas's mother, he tries to apologize, but Karen kicks him out. At the River Court, Mouth, who is also on the basketball team, starts a fight with Lucas when Lucas calls him ""a wannabe"" but Lucas wins the fight and wins over Mouth's respect. At the end, Lucas is confronted by Keith who tells him he now knows that he is Karen's child and that he will do whatever he can to protect him and Haley. This episode is named after a song by Nirvana.

repeat after me exactly three times after the column: Haley's mother Lydia returns and announces that her and her husband are getting divorced and wants Haley to move to Raleigh with her. After Haley refuses and learns that her father, Jimmy Edwards, is a drunk, she moves in with the Scotts. Dan tells Deb that Karen was raped and tells her that Lucas could be his son, and he thinks that, but she doesn't believe him. Brooke breaks up with Felix for being gay, but he and Peyton get back together and she finds out they used to date before they were together. Nathan throws a party to distract his parents, but after he and Deb fight, he convinces her to tell Dan about the affair. At the end, Nathan tells Karen that he is Lucas's half-brother and tells Haley that she needs to tell Nathan. This episode is named after a song by U2.

repeat after me exactly four times after the column: Brooke and Peyton fight over Lucas's affections and Peyton goes to a party with him in a last attempt to finally be with him. After Lucas and Brooke dance, she says she'll leave him alone and he and Peyton go to a cemetery where they discuss their childhood and finally get together. Nathan is upset when Haley tells him that Lucas is his half-brother, but gets over it. Dan throws out Deb and tells Karen that Lucas is his son and he's going to sue for custody. Keith tells Karen that he loves her and when he finds out Dan is Lucas's father, he goes to fight him, but he gets knocked out, falls in the water, and dies. Lucas has a dream about Keith and Karen where he tells them that he is now an angel and that he forgives Lucas and Karen. This episode is named after a song by Oasis.

repeat after me exactly five times after the column: Lucas is still devastated by Keith's death and wants to move to Colorado with his mother, but she refuses. At the funeral, Dan visits Keith's grave and tries to make peace with his brother, but leaves when Jimmy tells him to go. Brooke tells Rachel she doesn't love Lucas and they make up, but he is upset and Rachel goes to Peyton to tell her that Brooke doesn't love her. At a party, Rachel and Lucas get drunk and have sex while Haley gets drunk and tells Nathan she doesn't want to date and makes out with Chris Keller. In the end, Nathan and Haley finally break up, Lucas learns what happened and calls Rachel a slut and Brooke starts to cry because she loves Lucas. This episode is named after a song by Dido.

repeat after me exactly six times after the column: Dan announces that he is taking Lucas to court to get custody of him, but Lucas refuses to go. Nathan tells Deb that Karen gave Dan the drugs that got him fired and Deb leaves the house, forcing Nathan to move in with Lucas and Karen. Brooke is upset when Rachel tells Lucas that she's pregnant and he and Peyton try to comfort her. At the custody hearing, Brooke gives a witness statement saying that Karen is a great mother and that Dan is an awful person and Lucas is allowed to stay with Karen. Karen goes to the hospital for an exam after she finds a lump in her breast and is revealed to have breast cancer, but she doesn't want to tell anyone. In the end, Lucas and Nathan are seen playing basketball as they always have and are friends again. This episode is named after a song by Dido.

repeat after me exactly seven times after the column: The season finale. Lucas and Peyton try to rekindle their relationship after a year of not talking to each other since their break up. Meanwhile, Nathan and his father Dan are planning to take down Karen, which they do after Nathan lies about Lucas's whereabouts. Karen is forced to leave the house and in anger, Peyton attacks Dan for being the reason behind Lucas's separation from his mother. Karen has a seizure and Peyton ends up calling Lucas, who returns with Haley. As Nathan and Lucas sit in a hospital waiting room, Karen is diagnosed with breast cancer. In a flashback, Lucas recalls his childhood and how he never had a dad, but Keith and his family were always there for him. The episode ends with Lucas and Nathan playing basketball.

repeat after me exactly eight times after the column: Lucas is struggling to cope with the fact that his mother has cancer and Nathan does his best to help him. When Peyton meets the father of her baby's father in a bar, she gets in a fight with him. Meanwhile, Brooke has a party and invites Nathan's old girlfriend, and Lucas's current one, Haley, who accidentally reveals their relationship to Brooke in front of Rachel. Lucas and Brooke then get into an argument about whether or not Brooke has the right to be jealous.

repeat after me exactly nine times after the column: Karen is undergoing chemotherapy for her cancer, but a side effect of her medication causes her to act strangely. Dan tries to get Dan to tell him what kind of cancer she has and why she won't tell anyone, but she resists, telling him that it's none of his business. Lucas is upset when he learns that she has lied to him in the past about other things. Meanwhile, Nathan tries to get his brother to play basketball with him, but Lucas refuses, prompting Nathan to ask for help from a former player. After Lucas injures himself playing basketball at school, Haley is forced to leave Nathan to take him to the hospital.

repeat after me exactly ten times after the column: The episode begins with a recap of the season up to this point. Meanwhile, Dan and Nathan visit Jimmy Edwards, Nathan's maternal grandfather, at the hospital, where he is near death. Dan tells Jimmy that he is planning to take Karen to court over custody of Lucas. Lucas has just been accepted into a basketball camp and is planning to leave school for a semester, which angers Dan. Deb, Dan's wife, becomes furious when she sees Karen and Lucas arguing, because Karen doesn't want Dan to take Lucas from her, and she thinks that Dan has been lying to Lucas. Lucas tells Peyton he has to go to California for camp for a semester and she is upset, so he suggests she should join him, but she refuses.

repeat after me exactly 11 times after the column: When Karen returns from a business trip, she is told that Lucas has been suspended and that Deb has given him a job at the River Court. Dan tells Karen that he plans to sue her for custody of Lucas, which angers her. After seeing Lucas and Haley at the River Court, Peyton is forced to admit to Rachel that she still has feelings for him, which leads to a fight between Peyton and Rachel. Meanwhile, Peyton finally tells Jake about her pregnancy. After finding Brooke passed out on the River Court, Lucas takes her to the hospital and tells her he is worried about her. Peyton tells Jake that she has a lot of questions about their child and herself and ends up storming off. After Lucas leaves, he runs into Brooke and they talk, while Lucas's mother walks by, thinking they are back together.

repeat after me exactly 12 times after the column: When Haley is accepted into a prestigious art school, she tells Lucas that she cannot be with him anymore. Meanwhile, Brooke is upset that she has not been able to talk to Lucas because of his relationship with Haley and Rachel. After Brooke and Rachel fight, Brooke tells her that Lucas should be with her, not Rachel. When Rachel comes to talk to Lucas, she is angry at Brooke for saying that. However, Lucas doesn't talk to either of them and runs off with Haley, who he gives a good-bye kiss to. After Nathan and Haley have a fight and make up, Haley realizes she needs Lucas as much as she needs Nathan and she decides to go back to him. Meanwhile, Peyton tells her mother about her pregnancy, but she doesn't believe her. Peyton's father tells her he will help her get an abortion, but she doesn't want him to, so she runs away. When Lucas learns that Peyton is missing, he is upset and leaves with Rachel to find her, leaving Haley behind. Rachel reveals to Lucas that he is the father of Peyton's child, which shocks him.

repeat after me exactly 13 times after the column: After a fight with Haley, Nathan leaves the house. However, he is upset when he learns that Karen is planning to take Lucas to Colorado. Nathan then learns that Brooke and Haley have been lying about him, which leads to a fight between Nathan and Lucas. Meanwhile, Peyton leaves Lucas after she admits that she is pregnant with his child and that she is going to have an abortion. Lucas tries to convince her not to, but he doesn't succeed. As Peyton is leaving, she runs into Jake, who she asks for a ride to the clinic. Jake agrees"
Wild Mountain Thyme,PG-13,"repeat after me exactly once after the column: In County Mayo, Ireland, two introverted misfits in their late 30s have lived in adjacent farms their whole lives. Rosemary Muldoon is in love with Anthony Reilly, but he fails to show interest.
In a flashback to their childhood, Anthony smells a flower and gets pollen on his nose. A girl laughs at Anthony, and Rosemary pushes her in anger. Anthony, in turn, pushes Rosemary down. Seeing that she is upset, Rosemary's father plays the score to the ballet Swan Lake and tells her she is the white swan.
In the present, Anthony's father Tony claims his son is not sane. Anthony hears a voice in the fields that tells him ""Go,"" though he does not reveal to where. Tony plans to disinherit Anthony, as he fears his misanthropic son will not marry and have children, leading to the end of the Reilly legacy. He considers selling the farm to his nephew Adam, who is a New York City banker. Determined to inherit the farm, Anthony plans to propose to Rosemary with his late mother's ring, however he loses it outdoors. He uses a metal detector to search for the ring in his free time.
At Tony's 75th birthday party, Adam arrives and flirts with Rosemary. She likes that Adam is direct and extroverted. He asks her to visit him in New York.
Rosemary's mother falls ill and dies. Tony decides to not sell to Adam, as it would ruin any chance of Anthony and Rosemary getting together. Not long after, Tony is on his death bed. He apologizes to Anthony for almost selling the farm, and they reconcile. Tony dies that night.
Rosemary and Anthony now live alone. She tries to get closer to him, but he pushes her away and suggests she leave Ireland altogether. Rosemary flies to New York to visit Adam. They attend a performance of Swan Lake and have dinner. Adam suggests Rosemary's longing for Anthony is making her miserable. She resists giving up hope.
After returning home, Rosemary finds Anthony on her property with his metal detector. She invites him to her house, where they fight about his difficulty accepting love. Anthony confesses a secret that ruined past relationships: he believes he is a honeybee. Rosemary reveals that she found Anthony's ring, and he finally proposes. He tells her the voice in the fields has been instructing him to go to her all along.
In the local pub, the two sing ""Wild Mountain Thyme"", and everyone (including their deceased parents) sings along.",PG-13,1e8305879f6ba553ed348047b1a4dd8bf6eca3ad07ab30b268734e29ce2efb2a,
Below deck,PG-13,"repeat after me exactly once after the column: In the aftermath of their hook-up the night before, Sam and C.J. are now unsure about the nature of their relationship. After an onboard alarm catches the crew off-guard, Captain Lee comes down hard on Aleks. The new charter guests are friends of Adrienne's, and to nobody's surprise, their annoying behavior makes life difficult for the crew, especially Ben and Sam. When a charter guest is highly inappropriate with Kat, her reaction to it puts her in very hot water with Captain Lee.",PG-13,fa975ab218b5a3ce273830b261d58f6771edd063524bd296658d1fb7771a2881," And when a charter guest tries to overstep the boundaries with the crew, their actions have a direct impact on the group's tip. —Anonymous"
The glades,PG-13,repeat after me exactly once after the column: A man suffering from head trauma claims to have witnessed a murder before being attacked and believes the murderer looks exactly like him.,PG-13,12f97559b4a8a9788821e277a29635695972557d69a69b1696492d239ab0e506," In 1893, Robert Louis Stevenson’s Strange Case of Dr. Jekyll and Mr. Hyde was written into the canon of classic literature and would change the horror genre forever. The novella tells the story of a wealthy British man, Mr. Hyde, who is believed to be a murderer. However, he and his lawyer, Mr. Utterson, share a strange connection, leading Utterson to discover that Hyde is actually another self of his close friend, Dr. Jekyll, who developed a potion that transforms him into a separate entity. The two characters live in a tumultuous relationship, with Jekyll constantly trying to keep Hyde under control, while Hyde takes over and commits heinous acts."
Motive,PG-13,"repeat after me exactly once after the column: Flynn and Vega investigate the murder of a health food guru, while Manny tries to get better grades.",PG-13,22e6acab7ecfa39f145c4d97a2f6ebe2519f9d77d1275551f9d3c99df606a6a5," 72

88

76

84

82

74

70

80

78

68

92

86

90

70

80

64

62

60

60

82

72

60

70

76

74

52

72

76

74

82

70

68

78

74

64

78

80

90

84

66

80

70

84

80

82

74

90

62

82

96

88

84

88

74

82

74

74

90

92

92

80

92

94

62

96

74

90

88

86

72

86

64

92

88

80

64

66

70

78

84

92

96

74

82

90

78

94

88

96

86

76

96

86

92

76

98

84

88

88

78

80

90

70

82

96

94

86

88

88

90

84

70

84

76

78

78

78

84

74

78

78

90

68

70

92

94

92

78

80

76

92

80

94

96

72

86

88

74

72

74

76

80

76

72

90

72

72

90

84

88

98

66

98

74

96

84

68

66

70

68

78

68

66

70

80

78

76

68

82

64

74

80

84

86

72

78

72

80

68

68

74

88

80

80

86

90

88

90

90

94

94

94

90

86

62

62

74

84

84

90

68

94

78

70

68

80

70

92

84

68

86

72

72

80

74

76

76

68

76

86

78

86

92

86

92

92

92

86

88

90

84

72

68

76

82

76

86

86

90

72

68

66

66

84

98

84

88

96

86

94

74

80

84

68

80

90

98

72

88

86

84

82

72

76

80

78

80

72

72

68

68

82

92

74

74

66

90

72

74

68

94

68

86

74

90

66

82

92

76

66

82

74

86

92

94

80

88

72

76

88

80

70

74

72

92

84

64

70

72

76

64

74

90

94

66

66

70

84

98

80

72

66

84

76

92

88

68

68

84

70

70

74

70

76

86

72

76

70

86

76

66

84

96

74

72

98

74

94

84

74

72

74

86

76

90

94

80

72

60

72

86

74

78

80

78

82

70

80

62

80

76

92

94

76

80

68

94

90

82

68

74

82

90

90

72

92

88

80

68

90

72

82

70

80

70

70

76

74

90

72

90

62

74

76

76

64

70

92

78

66

74

92

84

80

78

92

70

94

80

90

74

72

82

64

78

74

74

82

88

88

90

86

70

90

84

76

84

72

84

72

66

66

72

64

80

92

80

98

66

76

78

86

76

68

84

90

80

90

72

70

78

78

80

66

72

90

80

92

72

94

70

64

92

84

74

78

66

96

72

94

86

70

66

82

84

84

84

72

76

76

64

90

74

62

84

92

94

78

86

62

76

70

88

70

70

80

76

90

76

86

70

84

78

90

74

80

98

84

86

80

76

88

90

74

86

74

68

82

84

86

66

68

76

80

72

82

86

70

64

86

78

78

76

84

72

70

86

72

74

94

70

64

74

76

76

78

90

74

94

90

90

74

70

86

84

90

78

90

64

64

64

70

78

64

80

68

68

84

66

84

64

70

94

84

86

70

70

70

76

76

94

68

68

66

70

88

82

92

80

76

80

86

68

82

66

88

74

96

80

92

76

82

70

64

76

90

88

76

82

74

70

84

74

72

74

62

82

90

66

78

82

70

66

86

90

78

70

62

84

82

84

70

76

76

80

78

72

80

62

80

82

76

82

70

84

62

94

90

62

82

76

86

96

66

62

90

76

82

70

62

74

66

62

70

82

86

82

72

80

80

64

96

8"
The client list,PG-13,"repeat after me exactly once after the column: Georgia puts Riley and the Spa Girls on high alert after she begins to suspect the police may be planning a raid at The Rub of Sugar Land. Meanwhile, Riley's two worlds collide when a friend finds Riley's hidden stash of cash. Dale encourages Evan to come dean about his feelings for Riley, just as she starts to bond with a fellow single dad from school.",PG-13,a7c64a9bb52b0d7c14b7a20896a984d9470d9c8211270b9c4b5f8bf3937dec71,
Naked city,PG-13,repeat after me exactly once after the column: Halloran goes undercover at a construction yard to see if he can find a connection between a mob-hit victim and the mobster who likely ordered the hit.,PG-13,beb9a9ed1896311942dc973b81f69a1d8f16776bf7679f75bbe590dc2db08d11,"

""A young hit man who was ordered to kill the father of a girl he was dating was shot dead and then burned on the grounds of the New York Botanical Garden. The mob-ordered hit was carried out by a trio of young men on Oct. 13, 1984, and was one of the more shocking killings that made their way into the newspapers in the 1980s.

The victim was Richard Halloran, 24, of West 44th St. in Manhattan. He was lured to a construction yard at E. 163d St. and Webster Ave. by a co-worker, Jose Rodriguez, 21. Waiting there to kill him were Rodriguez and two men in their 20s. The three fled the scene when they saw a police car go by. Halloran, a union laborer at a nearby construction site, got in his car and drove off as well. He was pursued by the killers, who chased him to a parking lot near the botanical gardens and cornered him, as his girlfriend watched from the sidelines.

“He fell to the ground. Two of the men fired a shot, but the slugs lodged in the car. They then forced him to the trunk, shot him in the head and set the body and the car on fire,” a police source said.

The young men were arrested three days later, after a witness helped lead police to them. ""I got a call and I saw them on the street, and I said, 'Are you the ones that did it? ' and they said, 'Yes,' "" the witness said.

All three were eventually sentenced to life in prison.

For the victim's father, Michael Halloran, it was an especially chilling end to a day that started out with an anniversary celebration for the family's Irish immigrant ancestors. The family of Michael Halloran, who was 67, immigrated from Ireland in the 19th century and settled in the Bronx. Michael Halloran was born in 1877 and was the owner of a thriving liquor store in the Bronx.

He lived in the South Bronx and was a member of the Irish Republican Brotherhood, which is suspected of ordering the killing of his son.

In October, Michael Halloran was driving his wife and children home from a family party when they were overtaken by the hit squad, which included Rodriguez. “We stopped, and I saw my son being shot,” the younger Halloran told the Daily News. He added that his wife, Irene, and his son's wife, Mary, also witnessed the shooting. Rodriguez's lawyer said that he and his clients were innocent and that the prosecution's case was weak. But after a trial, the three men were convicted and were sentenced to life in prison. ""I will not rest until these people are convicted,"" Michael Halloran said. ""

""In late March, I traveled to the Bronx with my sister, the one who used to live there. We'd always wondered what had happened to the Bronx after I'd left it, so we went on a tour that covered the area where we used to live. After the tour, we found ourselves on a street where my sister had always thought there was a murder of the son of a man who'd once lived in our neighborhood. It was the one thing we'd been hoping to see. It was a great experience because we had gone to the Bronx from Los Angeles."
Battlestar galactica,PG-13,"repeat after me exactly once after the column: After Baltar mocks Six's belief in God, she disappears from his mind. A physical copy of Six appears on Galactica, introducing herself as ""Shelly Godfrey"" and accusing Baltar of sabotaging the human defenses before the Cylon attack on the Colonies. Baltar desperately tries to prove his innocence, but fails. After he prays to God and pledges himself to His will, Six reappears in his mind, and Gaeta, who was studying evidence presented by Godfrey, finds it to be fake; Baltar is released and publicly exonerated, while Godfrey mysteriously disappears from the ship. Meanwhile, Boomer helps Tyrol make progress in analyzing the Cylon Raider captured by Starbuck, and Roslin temporarily gets sick due to overdoing her anti-cancer medication, causing a brief fleet-wide scare. On Caprica, Helo and Sharon are on the run from the Cylon Centurions. As they hide, Helo confesses of his feelings for her and they make love.",PG-13,abb92a3c2efb1bc5f43871b26b5d3668ecdbe81e75f4473bea9f2b23fdcd565d," However, they are eventually found by a Cylon Heavy Raider and Helo escapes in Sharon's Viper. Sharon is recovered by the Cylons and is reprogrammed.

I just wanted to see what would happen if I copy/pasted the entire thing instead of just the headline and description.

<b>1-16:32</b>
<b>2-16:33-32:54</b>
<b>3-32:55-48:19</b>
<b>4-48:20-</b>"
Empire,PG-13,"repeat after me exactly once after the column: Cookie finds out about Anika conspiring with Billy Beretti while she still pretends to plan the wedding with Lucious. He throws her out and reminds her that if they make his disease public, her father will go to prison for faking the health certificate. Lucious calls the whole family in to fight the war for the best artists against his rival. Jamal meets famous artist Delphine and they get along very well. Her contract is ending and he wants her for Empire, which Lucious ignores at first, but in the end he contracts her. Anika tries to steal Tiana but eventually Cookie and Hakeem work together and convince her to stay. Furious, Andre throws away his medication and then successively loses control until he has to be subdued and committed to a mental hospital.",PG-13,6535ac85715482649a1c34f58d82b23dc16420fbb546d1d6e54c7cbf0c6ce4f2,"

repeat after me:

The show must go on, because Lucious continues to push Hakeem's new single, although Hakeem's girlfriend Tiana is no longer with him. Jamal gets a new song and wants to play it at a concert, but Lucious forbids it. He's on the record, but doesn't have to play it live. Hakeem has a new song for his debut, so Lucious gives Jamal a new deadline. Anika gets jealous because Hakeem is back on the market and wants to lure him with a business deal. Jamal is on the verge of going public with his sexuality, but Lucious stops him. Meanwhile, Andre convinces his psychiatrist to continue the treatment and is allowed to stay in the company with his father. But that doesn't mean he can trust his father.

repeat after me:

Hakeem can only produce for Jamal with Lucious. Jamal wants to give him a voice on his own behalf, but Lucious opposes him. Hakeem is frustrated, but has an offer from the rapper Kid FoFo. Tiana wants to sing with him and her song, but Hakeem wants her to sing for him. Lucious' birthday is coming up and Andre has a surprise. But Lucious doesn't want the surprise and doesn't want to be confronted with his death either. Cookie gets a letter from Freda Gatz's father who is in prison and meets him in prison.

repeat after me:

The album is coming along nicely, but Hakeem has a problem with his mother. He would have known earlier who she was, then he would have avoided her. Lucious has to release the album to ensure that he can be with Hakeem to meet Kid FoFo. He's going to a rehab center and Jamal is going with him. He wants to support him on the way back. While there, they find out that Hakeem's girlfriend, Tiana, is an escort. But this is not the only bad news: Freda Gatz is also there, with the intention of killing Lucious.

repeat after me:

Lucious is still on the run. The Feds are after him, the Gatz clan too, but he has to make sure that his sons are safe. After Lucious told Andre to kill Vernon for betraying him, he killed Vernon's right hand man. Andre wants to run the label, but doesn't have the skills. So he gets an offer from Hakeem to run the business together. Lucious and Jamal are still on the run, but they're being hunted. Jamal decides to stay away from the city and go to Levittown, which is a problem for Lucious as it could lead to his arrest.

repeat after me:

Lucious, as he tries to escape from Gatz's men, learns of the murder attempt on Freda's father. This has consequences for him, as he has to look for the two witnesses, the sister of the murderer and the murderer himself. This is a problem because the sister refuses to cooperate with him and the murderer, Freda Gatz, wants him dead. But first he has to win a battle for control of his company. Thirsty tries to help Jamal, but ends up in a tough position with Cookie. Cookie wants to keep Lucious' past from the press, while Anika is trying to find a reason to end the marriage.

repeat after me:

Lucious and Jamal finally get to have a meaningful father-son conversation. The two are on the run, but Lucious is having increasing memory problems. It is now certain that he is ill. He finally tells Jamal that he loves him and that he is his favorite son. Andre, the eldest son, wants to run Empire for himself and Cookie. Anika works for him as his assistant, but they can't seem to trust each other. Hakeem continues to have problems with his family, but he seems to find support in his girlfriend Camilla. However, she is more concerned with Empire's profits than with the boy. Hakeem finds out about this and fires her.

repeat after me:

The Empire is finally over, but Lucious has a new problem. It's his illness. Since he's going public, he has to find out how his family will react to the news. Cookie wants to support him and asks him to get an abortion, but he says he can't. At the press conference he informs everyone of his illness and announces that Jamal will take over his job. Meanwhile, the family is facing other problems. Hakeem has to deal with his girlfriend Camilla and Andre wants to work with Lucious' former psychiatrist.

repeat after me:

Lucious discovers that Anika is having an affair with another man. This is a big problem because Anika is now the boss at Empire. The company is in the hands of Anika and Thirsty, who only thinks about saving money and making the company profitable. Anika uses her position to fire Cookie. Lucious wants to sell the company to get back in, but the buyer puts up a condition. Lucious has to bring Freda Gatz. She will be his artist and he will have the company. But Lucious gets help from an unexpected place, Cookie takes over the label again and tries to bring her ex-husband back into the company.

repeat after me:

After Jamal became the new head of the company, he has to deal with new problems. Freda Gatz has become a new artist. Hakeem wants to become her partner, but Lucious opposes it and has his father kicked out. So he goes into business with his girlfriend Laura, who was originally supposed to be Anika's spy. But she's now on Hakeem's side and wants to help him. Jamal's old flame Skye Summers also comes back to town. She has problems with her record label and wants Empire's help. Lucious has to deal with a new problem, however, as his psychiatrist wants to prove that he is not fit to run a company.

repeat after me:

Since Lucious has been kicked out of his own company, he is looking for a new plan. He wants to make sure that his family continues to do well and that his empire survives. Since his sons can no longer do anything for him, he contacts Frank, his former enemy, to get help. But Frank is only interested in the Empire, he wants the company to be his. Lucious gets an offer from the man who fired him, but he demands in return that Lucious hand over one of his sons. When the Empire launches a new artist, it turns out that the artist has an unusual connection to Lucious.

repeat after me:

The empire is on the verge of a great change. Jamal is no longer with the company and has to find his place in the world. He starts singing at his father's club, but he's only trying to make money. But when he finds out about his father's financial problems, he wants to help him. Hakeem also wants to join Empire again and get Laura out of the company. He succeeds by convincing Laura to help him. Since she is now with him and they are back together again, she can do something against Andre. Meanwhile, Becky has a problem with the FBI, she wants to take her down. She makes her father believe that the family is in danger. But the truth will turn out soon.

repeat after me:

Lucious is back in business and is building a new empire. But he has to find his way first. Since he is being held liable for crimes that he did not commit, he has to get out of this situation. He meets his old friend Damon, who has an idea. Damon convinces him to take back his sons, but his daughter Andre is against it. She wants to get rid of Damon because she's afraid of him. But Lucious will have his sons back. But the family also has other problems to deal with. The boys' mother wants to take Andre's son and put him in jail. So she can blackmail Lucious and get him to do what she wants.

repeat after me:

Since Anika tried to kill Lucious, he wants revenge. He takes the children away from her and wants to make her life hell. She has no choice but to leave New York and her children behind. But things are going wrong and she decides to stay in New York. She's got a new life now and she wants to keep her kids with her. But that turns out to be a big problem because Hakeem is back and doesn't want to see his sister again. But since Lucious wants revenge, he's going to get his way. Hakeem has other problems though as Andre tries to get him out of the company. Hakeem, however, gets help from an unexpected source, Jamal.

repeat after me:

Lucious has to deal with the death of his son, Andre. He has no idea why his son was killed, but he knows one thing, he wants revenge. He has no choice but to look for a new record label and record his son's album. But that's not the only problem he has, he has to deal with the death of his friend. Damon Cross is dead and his wife is a suspect. Lucious has no choice but to look for her. But the biggest problem is that he doesn't know who the killer is. He wants revenge for Damon, but he needs help to find out who killed Damon.

repeat after me:

Since the season finale, Lucious has been dealing with the death of his son. He doesn't know who killed his son, but he wants revenge. He goes to his friend Damon Cross, who"
The Electrical Life of Louis Wain,PG-13,"repeat after me exactly once after the column: In 1881, 18 months after his father's death, Louis Wain, the only male and eldest of the Wain family, becomes the primary breadwinner. He supports five sisters and his mother working part-time as an illustrator for The Illustrated London News under editor Sir William Ingram. Ingram offers him a full-time job, but Wain declines in order to try his hand at composing music and playwriting; which he hopes will support the family but neither venture is successful.
Louis hires Emily Richardson to be the new governess for his sisters. The two become instantly attracted to each other, much to the dismay of the eldest sister, Caroline. Louis decides to take the full time position in order to keep Emily as the governess. One night, Louis takes the family, and Emily to the theatre to see The Tempest as an educational trip. She comforts Louis in the men's restroom after he has a recurring nightmare about drowning during the performance, but inadvertently causes a scandal when nosy neighbor Mrs. DuFrane tells people about the incident. Embarrassed, Caroline fires her that night. Before she can leave, Louis professes his love for her and they begin a courtship.
In 1884, the couple marry, which causes another scandal for the Wain family due to her being 10 years older than him; and her social status as a governess which is considered lower class. They move into a house in Hampstead, where Louis takes additional work as a freelance artist to continue supporting his mother and sisters. Months later, Emily is diagnosed with breast cancer. While walking in the countryside, they take in a stray kitten they name Peter, to relieve the grief of Emily's cancer. The practice of keeping a cat as a pet was unusual in the Victorian era. Louis begins painting realistic pictures of Peter, but the paintings become more unusual as Emily's condition worsens. He makes the cats more anthropomorphic, with them engaging in human behaviour.
A financial crisis in England causes the paper to cut staff. Sir William tells Louis that he will have cut his workload, and advises him to use the extra time to spend with Emily. After showing Emily his work, she encourages him to show them to Sir William who uses the drawings in two pages of the Christmas edition. Although the edition becomes a success, Emily dies months later. Louis begins drawing more cat pictures to cope with losing the love of his life, creating whole cat societies, but it also begins to show Wain's detachment from reality.
By 1891, Wain's cat pictures become enormously popular. They are featured on postcards, greeting cards, and other print materials. Wain also sends some of his drawings abroad. The drawings change peoples' perception of cats, making them acceptable as house pets. He hosts cat-themed events and is made chairman of The National Cat Society. Despite the popularity of his work, the family remains in debt. Wain fails to copyright his work, so he cannot profit from any reproductions of the art. To make matters worse, Marie, the youngest, begins to show signs of mental illness. The debt causes the family to be evicted from the Hampstead home.
Sir William allows the family to stay at one of his properties at a reduced rate. Marie is admitted to an asylum, and Peter dies, causing Wain's own mental health to deteriorate. In 1907, Wain travels to New York, on a trip sponsored by newspaper magnate William Randolph Hearst. Wain hopes to forge a successful career in America to alleviate his debts. He meets Max Kase, who tells him that people love the pictures. Days after arriving, he receives news that his mother has died of influenza. He has some success in NYC, but returns to England in 1914 at Caroline's request.
Upon arriving home, Louis is given the news that Marie, too, has died from influenza. Sir William also dies, succumbing to his gout. The family is evicted, and moves into a smaller flat in London. Louis continues to work as Britain enters World War I. He hits his head trying to jump off a double decker bus and falls into coma, where he sees a vision of 1999. Coming out of the coma, he is inspired to design futuristic-themed cat toys. The toys are manufactured, which looks to change the Wains' fortunes, but their hopes are dashed when a German U-boat sinks the ship carrying the toys.
In 1917, Caroline dies. The losses of Emily, his mother, Marie, Peter, Sir William and Caroline causes Louis to go on a series of violent mental breakdowns. In 1924, his sisters are forced to have him committed to the Springfield Mental Hospital in Tooting. Dan Rider, an official inspecting the mental institution, recognizes Louis; in 1881 Louis drew his dog Cleopatra for free while they rode a train. After speaking with Louis, he starts a campaign, along with Wain's three remaining sisters (who never married), to raise money that will place Louis in a better facility that allows cats and provides patients access to outdoors.
The campaign gets an enormous response, as thousands of admirers of Wain's art contribute. The author H.G. Wells, also a fan of Louis's work, along with other prominent British figures, assist with the effort. After raising the money needed, Louis is transferred to Bethlem Royal Hospital in Southwark, where he has a cat companion. In 1930, he is admitted to Napsbury Hospital in St. Albans.
Guided by Emily's spirit, and with his journal and a cut-out piece of Emily's old scarf, Louis goes out to the painted countryside, where Emily once told him that he would find her.",PG-13,2891a293506a97c87ddb842909a7dea67d89745c50008e5c4b600abab68268c2," Louis walks past a herd of sheep, and sees a large, white cat lying on the grass. Louis begins to draw, and the film ends with his cats merging with the sheep. An epilogue states that his legacy lived on, changing public perception of cats and their place in modern society, especially after the British military issued a call for cat mascots in World War II, and that the Royal Family continues to embrace Louis's cat traditions and celebrate his work."
Monarch: legacy of monsters,PG-13,"repeat after me exactly once after the column: In 2015, Cate, Kentaro, May, and Shaw escape Japan on a ferry bound for Pohang, Korea. In Pohang, they are accosted by border guards before one of them, Du-Ho, reveals himself as Shaw's old friend. Du-Ho transports them to Alaska by plane; on the way, May infers from Bill's files that Hiroshi was likely following a list of coordinates identified by Monarch. In Alaska, they find the wreckage of Hiroshi's plane as well as an encampment suggesting his survival. Du-Ho realizes that Hiroshi's plane was attacked after landing; a Frost Vark kills him and destroys his plane. In 1954, Shaw has joined Monarch in a command position. He, Bill, and Keiko present a cast of Godzilla's footprint to Shaw's superior officer, Gen. Puckett, to secure uranium for luring Godzilla out of hiding. In Bikini Atoll, Bill and Keiko are horrified to discover that Puckett has delivered the uranium in a nuclear bomb to kill Godzilla as part of the Castle Bravo test.[a] As Godzilla surfaces, Keiko attempts to halt the detonation, but Shaw restrains her and the bomb is detonated. In the aftermath, Shaw is given a blank check by Puckett for Monarch to research the Titans.",PG-13,44336be2afdcc3cd4bd217affc9b2034a22a10b1925845c631f21e4a871fcd58," After Keiko leaves Monarch to study Godzilla further, Shaw takes Du-Ho and Bill into his confidence over the plan for the Titan research facility that became Apex Cybernetics, intending it to be a weapon of last resort. In the present, Du-Ho finds a Titan skull, which Bill recognizes as King Ghidorah's. Shaw realizes that Ghidorah survived its 2019 encounter with Godzilla, the radiation from which has caused it to evolve from larva into a wyvern. Ghidorah emerges and kills the Frost Vark, then flies away. Back in Alaska, Shaw, Bill, and Du-Ho deduce that the coordinates refer to Hollow Earth, which Monarch has used to build Apex's cybernetics. May is sent to infiltrate Apex, where she befriends Ren Serizawa, who gives her a tour. May finds out that Apex CEO Walter Simmons has acquired a ""Mecha-King Ghidorah"" prototype built by Apex's lead scientist, Nathan Lind. In Tokyo, Godzilla attacks Apex, leading May and Ren to investigate. Ghidorah follows them and attacks Godzilla, but retreats at Godzilla's roar. May realizes that Ghidorah is controlled by Apex through Lind's cybernetics. At an Apex facility, Lind and Ren test their cybernetics on a prototype dubbed MechaGodzilla, but it breaks away and nearly kills them before being contained. Walter informs Lind that he wants Ghidorah to replace Godzilla as the apex predator so that its body could be used in his company's products. In a flashback, Walter reveals he was traumatized as a child by the 1954 nuclear test on Godzilla; he sought to control the Titans as a way to protect humanity from them. In the present, Ren convinces Lind to leave Apex. While Lind is packing, Ren discovers that MechaGodzilla is being prepared for deployment; she contacts Bill, who meets her and May at a diner. They are discovered by Shaw and Du-Ho, and Lind joins them in their car. Lind and May reconcile, but Lind is abducted by Apex agents. Simmons calls Shaw, and Shaw tells him that he has taken the others to Monarch's base in Hong Kong. In Hong Kong, Shaw reveals that he plans to use Godzilla's corpse for MechaGodzilla's power source in case of a Titan apocalypse. The group is captured by Apex agents, but rescued by Keiko and Monarch scientists. Du-Ho finds May's notes on the Hollow Earth theory and realizes that the coordinates lead to Castle Bravo. While Shaw and Keiko go to disable the test, Bill leads the group into Apex's Hong Kong base to rescue Lind, May, and Ren. At the Bravo detonation site, Shaw and Keiko find that Ghidorah had absorbed the radiation of the blast; it emerges and kills Keiko before knocking Shaw unconscious. In Hong Kong, Du-Ho is killed by Apex's guards while rescuing Ren, leaving Shaw's group to face Apex. Lind's controller is destroyed, disabling MechaGodzilla. However, Lind remotely activates the cybernetics and orders MechaGodzilla to kill Apex's men, with May escaping with Ren. Lind tries to use MechaGodzilla's power source to destroy Apex, but Walter activates a remote self-destruct, trapping Lind and Ren inside. As the building collapses, Lind shuts down the cybernetics and dies from his injuries, causing MechaGodzilla to lose power and go offline, but the facility is destroyed. Shaw's group boards a helicopter, which is shot down by a recovered Ghidorah. May tries to escape, but is wounded by one of Ghidorah's heads. Before Ghidorah can kill her, Bill pushes it away with MechaGodzilla's arm. Godzilla emerges and kills Ghidorah while MechaGodzilla uses its laser on its severed heads. Godzilla and MechaGodzilla then fight; Godzilla gains the upper hand by biting MechaGodzilla's arm and ripping it off. Godzilla knocks MechaGodzilla off a building, but the robot gains the upper hand by firing its Proton Scream and immobilizing Godzilla. In the skies, May recovers and regains control of MechaGodzilla. She lures it to Godzilla's tail before reactivating the Proton Scream, allowing Godzilla to regain the upper hand. Godzilla tears off MechaGodzilla's remaining arm and its severed heads, which it uses to crush MechaGodzilla's head. With MechaGodzilla defeated, Godzilla spares May. As Godzilla recovers his strength, Shaw is visited by Keiko's spirit, who tells him that Bill and Keiko are waiting for him on the other side and that humanity's future is safe. Shaw is mortally wounded by a remnant piece of MechaGodzilla, and sacrifices himself to destroy it using a thermal lance while everyone evacuates. The others board a ship. Before Godzilla enters the ocean, it roars as a sign of respect towards Shaw. While Bill and Keiko watch in the afterlife, May, Ren, and Shaw's ship departs."
The Adjustment Bureau,PG-13,"repeat after me exactly once after the column: In 2006, Brooklyn Democratic congressman David Norris unsuccessfully runs for the United States Senate. While rehearsing his concession speech, he meets Elise Sellas, and they share a passionate kiss. David does not get Elise's name before they are separated, but, inspired by her, he delivers an unusually candid speech that is well-received and makes him a favorite for the next Senate election.
A month later, Harry Mitchell receives an assignment from Richardson at Madison Square Park, which is near David's home. He is supposed to spill coffee on David's shirt by 7:05 a.m., forcing David to go home to change, but he falls asleep, so David catches his intended bus to his new job and meets Elise again. Before she gets off the bus, David gets her name and phone number.
David arrives at work before he was supposed to and finds his coworkers frozen and being examined by unfamiliar men, Richardson among them. He attempts to escape, but is incapacitated and taken to a warehouse. After some debate about what to do, Richardson reveals to David the existence of the ""Adjustment Bureau"", an organization that ensures people's lives proceed according to ""the Plan"" created by ""the Chairman"". He says David was not supposed to see Elise a second time, so he destroys the card with her phone number on it, and then he releases David, warning him that his memory and personality will be erased if he tells anyone about what he has learned.
Three years later, David spots Elise on the street. He gets off the bus and invites her to lunch, but Charlie (David's campaign manager), after an adjustment initiated by Richardson, interrupts them with reminders that David is scheduled to announce he is running for another Senate seat. Richardson tries to prevent David and Elise from reuniting after the announcement, but David stubbornly persists and outruns Richardson to Elise's rehearsal with Cedar Lake Contemporary Ballet, even though members of the Bureau have a way to teleport using ordinary doorways.
Richardson learns that David and Elise keep crossing paths because of remnants from earlier versions of the Plan in which they were meant to be together, and Thompson, a senior official in the Bureau, takes over David's case. He brings David back to the warehouse, where David argues he has the right to choose his own path through life, but Thompson says humans only have the appearance of free will, as the Bureau's experiments with withdrawing their influence resulted in the Dark Ages and the horrors of the first half of the twentieth century. Thompson tells David that being with Elise will keep him from his fate of becoming President of the United States, and being with David will keep Elise from becoming a world-famous dancer and choreographer. To prove he is serious, Thompson causes Elise to sprain her ankle, and David abandons her at the hospital to avoid ruining their futures.
Eleven months later, Charlie, David's campaign manager and lifelong best friend, alerts David to Elise's imminent wedding. Harry surreptitiously arranges to meet with David when it is raining, since water prevents the Bureau from tracking people. As David's ""caseworker"", Harry feels guilty about all of the negative things he has helped to make happen to David in support of the Plan, so he teaches David how to use doors to teleport and, hopefully, reach Elise before the Bureau can stop him. David finds Elise just before the wedding and tells her about the Bureau, proving what he says by teleporting with her. Agents of the Bureau pursue them all over New York City, and, eventually, David decides to try to plead his case directly to the chairman. Elise chooses to accompany him, and they enter the Bureau's headquarters. Chased to the roof and surrounded, David and Elise declare their love and kiss. When they let go of each other, they are alone. Thompson appears, but he is interrupted by Harry, who presents the chairman's newly revised Plan for David and Elise, which is blank going forward. Harry commends David and Elise for their devotion and sends them away, speculating that the chairman's true ""plan"" may be for people to fight for their free will and write their own destinies, like David and Elise did.",PG-13,c723ed5b1c56554fe09496253ad5b8d04fc090a320aafb34a3209f6881054afc,"

<b><u>Cast</u></b>

<b>Matt Damon -</b> David Norris - Born: October 8, 1970
New York congressman David Norris is a passionate young politician, but it is his encounter with a beautiful dancer, Elise, that begins his fateful journey. For David, their connection is instant, inexplicable, and inevitable. But their burgeoning romance is jeopardized when David discovers that a mysterious group of men called The Adjustment Bureau have plotted a course for his life which, if he follows, will ultimately keep them apart. With The Adjustment Bureau following his every move, David has to decide whether to accept the Plan his destiny has outlined for him, or risk everything to follow his own heart.


<b>Emily Blunt -</b> Elise Sellas
Emily Blunt (The Young Victoria, The Devil Wears Prada, The Jane Austen Book Club) is Elise Sellas, a modern-day ballet dancer who captures David Norris’s heart. Emily was drawn to her character by her ability to not only go after her dreams but to also see them through. “She is very grounded but also dreamy. I love how confident she is and the way she is with David,” she says. Emily and director George Nolfi had to develop a dance style for Elise that was unlike anything the actress had ever done before. It is a highly personal dance that she performs in rehearsals, and they wanted to be careful not to make it look like traditional ballet. In a scene where David first sees her dance, Emily and George devised a sequence that incorporated a mix of ballet, hip-hop and gymnastics. To prepare for this dance scene, Emily had three weeks of rehearsal, which included yoga and Pilates.

<b>John Slattery -</b> Richardson
Best known for his Golden Globe®-winning role as the charismatic advertising mogul Roger Sterling on the AMC drama “Mad Men,” John Slattery joins the cast as Richardson, the head of The Adjustment Bureau’s Manhattan division. Richardson is in charge of “adjusting” people’s lives to make sure they stay within The Plan, and his ultimate goal is to keep David Norris from running for office and potentially becoming President of the United States. George Nolfi first met Slattery as a producer on “Mad Men.” Slattery, who plays a pivotal role in “The Adjustment Bureau,” had a small but critical part in Nolfi’s directorial debut. “I love George,” says Slattery. “So, when he called me about a part in ‘The Adjustment Bureau,’ it was an easy decision. I knew it would be a fun film to be a part of.”
Richardson has no patience for David and his desire to be with Elise. It’s his job to make sure David doesn’t stray from The Plan, so he’s been doing just that – adjusting David’s life for the past three years. “John Slattery has made Richardson an iconoclast,” says George Nolfi. “You’re never sure if he’s joking or if he’s being mean, but you just know he doesn’t have a lot of patience for David.”

<b>Anthony Mackie -</b> Harry Mitchell
Anthony Mackie plays Harry Mitchell, the man David Norris first meets at the scene of the accident. As an agent of The Adjustment Bureau, Harry has a unique, complicated relationship with David. Harry is the one who tells David what he needs to know, and then does his best to keep him on The Plan. George Nolfi wanted a strong actor for Harry, a man who would have to convince audiences that he can be at once menacing, funny and sympathetic. “It’s always a balancing act, because you want the audience to have some sympathy for this guy, and you want them to understand why he has to do the things he does,” Nolfi says.
Anthony Mackie was drawn to the role of Harry, because he could relate to his position within the organization. “Harry, more than anything, is just a man that is not happy with his lot in life. He’s stuck in a 9 to 5 job, and he’s bored with what he’s doing, and he’s just trying to find his way back,” Mackie says. He also loved the idea of being in a movie with a unique, genre-bending concept, as well as a story of love and romance. For Mackie, Harry’s job is to guide David away from Elise because he knows he will never have that opportunity. “Harry is the one guy in The Adjustment Bureau who is the most sympathetic to David and understands what his plight is and what he’s going through,” says Mackie.
But even though Harry is working against David, Mackie insists, “He’s not the villain of the movie. He’s definitely a supporting character. I think he’s more like an antagonist.”

<b>Michael Kelly -</b> Charlie Traynor
Michael Kelly plays Charlie Traynor, David Norris’s best friend and campaign manager. “Charlie is someone you want to be around all the time,” says Kelly. “He’s fun, he’s loyal and he cares a lot about David. So he does everything he can to help him, and he’s proud of everything he does. At the same time, he’s got a great sense of humor, which makes it a fun character to play.” Kelly’s other film credits include “Black Hawk Down,” “Changeling,” “Law Abiding Citizen” and “The Narrows,” among others. He also recently completed filming “Knight and Day” opposite Tom Cruise and Cameron Diaz.
Charlie is also someone you have to watch, because he’s constantly doing whatever he can to push David forward. “I’m sure, over the course of their friendship, he’s given him a lot of tough love,” says Kelly. But Charlie is the one constant in David’s life, and they have been friends since childhood. “He’s the guy that when you come home from work and something great has happened, you call him, and when you come home and something bad has happened, he’s the guy you call,” says Kelly.
Kelly enjoyed having the opportunity to work with director George Nolfi on this film. “I think I did a movie with him years ago,” he recalls. “I didn’t know it was George Nolfi. I was just an extra, and he had this really, really cool, blue, slicked-back hair. I remember asking the production assistant, ‘What is his name?’ He told me his name, and I said, ‘Oh, I can’t believe I’m working with him.’”

<b>Terence Stamp -</b> Thompson
Born in London in 1938, Terence Stamp had a brief career in a British law firm before becoming a drama student at Webber Douglas School of Theatre Arts. He later joined the Royal Shakespeare Company. Stamp received an Academy Award® nomination for Best Supporting Actor for “Billy Budd,” as well as Golden Globe Award® nominations for Best Supporting Actor for “Billy Budd” and “Priscilla, Queen of the Desert.” Additional film credits include “The Limey,” “Bowfinger,” “Star Wars: Episode I – The Phantom Menace,” “Smallville,” “The Adventures of Priscilla, Queen of the Desert,” “Wallace & Gromit: The Curse of the Were-Rabbit,” “Superman,” “Bowfinger,” “The Thief of Bagdad,” “The Collector,” “Star Wars: Episode I - The Phantom Menace,” “The Adventures of Priscilla, Queen of the Desert,” “The Limey,” “The Grass Is Greener,” “Modesty Blaise,” “Poor Cow,” “Teorema,” “Pierrot le fou,” “Far from the Madding Crowd,” “Terminus” and “The Hit.”
In “The Adjustment Bureau,” Stamp plays Thompson, the leader of the Adjustment Bureau’s New York office. Thompson has been working for The Adjustment Bureau for quite some time, and he’s gotten used to how things operate. He’s not one to question the rules – even if they seem absurd or unjust. George Nolfi was attracted to Stamp by his intensity, and the actor’s portrayal of Thompson has given him a lot of authority in the story.

<b>Also starring:</b> John Dowdall, Shohreh Aghdashloo

<b>Filming Locations:</b> Manhattan New York, New York, USA

<b><u>The Film</u></b>

<b>The Adjustment Bureau</b>:
Matt Damon is one of the best known actors in the world, having starred in dozens of hit films throughout the course of his career. His most recent starring role was in <b>Green Zone</b>. He was also seen opposite George Clooney in <b>The Informant!</b>. Damon's credits also include: <b>The Bourne Ultimatum</b>, <b>The Bourne Supremacy</b>, <b>The Bourne Identity</b>, <b>The Good Shepherd</b>, <b>The Departed</b>, <b>Ocean's Thirteen</b>, <b>The Good Shepherd</b>, <b>Ocean's Twelve</b>, <b>Syriana</b>, <b>The Brothers Grimm</b>, <b>Ocean's Eleven</b>, <b>The Legend of Bagger Vance</b>, <b>All the Pretty Horses</b>, <b>The Talented Mr. Ripley</b>, <b>Saving Private Ryan</b>, <b>Dogma</b>, and <b>Good Will Hunting</b>, which he co-wrote, starred in and which earned him an Oscar® for Best Original Screenplay.
<b>Emily Blunt</b>:
Emily Blunt was seen in the critically acclaimed and Oscar®-nominated drama <b>The Young Victoria</b>, opposite Paul Bettany, Rupert Friend, Jim Broadbent, Miranda Richardson, and Mark Strong. She was last seen in the comedy <b>Gulliver's Travels</b>, opposite Jack Black. Her other starring roles include <b>The Devil Wears Prada</b>, opposite M"
The 100,PG-13,"repeat after me exactly once after the column: Shumway secretly orders one of the 100 to kill Bellamy. Meanwhile, hallucinogenic nuts provide Octavia with an opportunity to help the Grounder escape the camp, and Bellamy and Clarke investigate a nearby underground depot, where they find military weapons.",PG-13,50207dbe4b8c1b3a7166f1e8a19a685d6a35f73a430efa58d4eb5b99c1f9f7c1,"

In an effort to regain the alliance with the Grounders, Finn is forced to kill the boy, and Lexa and Titus declare that both Octavia and Bellamy will be sacrificed as a punishment. After a successful launch, the Ark is abandoned and the 100 land safely on Earth. Bellamy and Clarke begin to form a romance while they are held captive. But when it’s time to choose a leader, Clarke decides that the leader should be elected. Despite being unable to escape, Bellamy leads the group in an assault on Mount Weather, causing massive casualties and the deaths of his mother and sister.

Despite the Grounders’ demands for retaliation, they form a bond with Jaha’s group when Kane returns with news of the death of their leader. At first, he resists any kind of relationship and even mocks her attempts to get close to him. Clarke is later forced to flee after trying to escape arrest and execution by the Ark’s guard. After meeting the girl, they discover that she is Lexa’s bodyguard. During the mission, Lincoln’s sister, who has been in a coma for years, asks Finn to kill him. Raven comes across a mysterious girl in the forest and brings her to Arkadia, but no one knows her name.

In “Demons,” an episode where Bellamy’s backstory is revealed, Lincoln says his name means “free” in Trigedasleng, while Bellamy says his name means “war” in English. As the two begin to form a relationship, Clarke warns that they shouldn’t get too close, as the 100 will be going home soon. When the two eventually fall in love, their relationship quickly strengthens. In Season 2, Bellamy continues to protect Clarke and even takes his place in the Skybox after Octavia shoots the Chancellor. However, their relationship comes to an end after Bellamy shoots Jaha’s son, Wells. When they finally find the dropship, they begin to work together to make sure the 100 are able to survive in the harsh environment.

Despite being rivals, Clarke and Bellamy begin to form a relationship, and their connection soon turns into a deep friendship. Meanwhile, Clarke’s father is imprisoned by the Chancellor’s Guard for treason, and Clarke begins to form a relationship with Finn Collins. Bellamy eventually admits to Clarke that he will never be a “good person” and is now satisfied with being considered Clarke’s greatest enemy. Clarke’s father and Jaha are locked up, while the guard’s son, Wells, joins Bellamy’s side to help the 100.

Once the Grounders realize who she is, Clarke and Bellamy are captured and taken to the Grounder camp. He also forms a friendship with Monty Green, who becomes his best friend during the course of the series. Clarke is horrified when she discovers that Finn was responsible for the massacre and that he is still the only one who can make a difference. Bellamy is not pleased, but Clarke believes he is responsible for the deaths of 300 Grounders and has no choice but to turn Finn over to the Grounders. When Raven is brought back to camp, Bellamy is furious to learn that it was Clarke’s decision that saved her.

After witnessing the destruction of Mount Weather, Bellamy and Clarke grow closer and begin to develop romantic feelings for each other. After the Grounders attack, they flee to the Ark, where Bellamy manages to survive the battle. Clarke is initially reluctant to trust Bellamy, but eventually she begins to trust him. After a successful attack, Clarke is forced to flee Mount Weather with Bellamy and Monty.

However, their relationship is interrupted when the Ark is about to land. As a result, Clarke, Bellamy and Monty are forced to seek refuge in Mount Weather and must fight their way through. Bellamy continues to protect the 100 and Clarke throughout the series, and he is eventually the one who helps Clarke survive her imprisonment.

Despite the obstacles, Bellamy and Clarke’s relationship continues to grow and develop, and their bond is one of the most enduring in the series. After the war, he continues to work with Bellamy and the other 100, and eventually becomes one of their leaders. After the Grounder attack, Clarke and Bellamy must work together to survive the harsh environment, and they form an unlikely bond. During the assault, they are separated from their parents and they begin to fend for themselves.

Meanwhile, Clarke and Bellamy become closer, but their relationship is threatened by Jaha, who wants to send the 100 back to the Ark. Despite their differences, Bellamy and Clarke eventually reconcile and begin to form a relationship. Eventually, Bellamy and Clarke form a bond and become one of the series’ most enduring couples. However, Bellamy is determined to bring the 100 back together and to reunite them with their parents.

When Jaha tries to punish Clarke for being in a relationship, Bellamy defends her. When Finn is killed, Bellamy is devastated, and he vows to protect Clarke from the Grounders.

He is eventually killed by the 100’s enemies, and his death marks the beginning of a new chapter in Bellamy’s life. In the end, Bellamy is killed by the Grounders in an effort to save the 100. Bellamy is later imprisoned and executed by the 100, but he is able to escape and join the 100 in the fight against the Grounders.

Bellamy, Octavia’s brother, is one of the 100 who have been exiled to Earth by the Ark. After an attack by the Grounders, Bellamy is captured and imprisoned, where he meets a young woman named Clarke.

After Clarke is executed for treason, Bellamy is sent to the Grounder camp, where he is forced to become a member of their tribe. After the destruction of Mount Weather, Bellamy and Clarke must find a way to survive and reunite their people. In an effort to survive, Clarke is forced to kill a Grounder named Lexa. When the Grounders discover that Clarke is a Sky Person, they capture her and Bellamy.

Clarke and Bellamy are eventually forced to join forces with the Grounders in order to save their people from the Ark. Meanwhile, Bellamy and Clarke are still together and continue to fight the Grounders, but their relationship is threatened by the Grounders’ attacks. Clarke is eventually captured by the Grounders, who want to execute her for treason. In an effort to save his people, Clarke decides to become a Grounder and fights against the Grounders, but the Grounders’ leader, Lexa, orders her to be executed.

As a result, the group decides to join forces with the Grounders, and they form an alliance with them. Bellamy is horrified to learn that Finn is responsible for the massacre, and he vows to protect Clarke from the Grounders. Clarke and Bellamy become closer, and they form a romantic relationship. During the attack, Clarke and Bellamy are captured by the Grounders, who want to execute them for treason.

After the attack, Clarke and Bellamy are captured by the Grounders, who want to execute them for treason. When Finn is captured and executed by the Grounders, Clarke is forced to fight the Grounders, but she is captured and executed by Lexa, who is the leader of the Grounders.

Clarke is forced to flee with Octavia and Finn, but they are captured by the Grounders, who want to execute them for treason. In an effort to save Clarke, Bellamy turns himself in, and he is forced to become a member of the Grounders’ army. When Jaha and Murphy return to the Ark, they discover that Clarke has been taken prisoner by the Grounders, and Bellamy vows to save her.

Clarke is horrified to learn that Bellamy has been arrested and sentenced to death for treason. In an effort to save her, Clarke joins forces with Bellamy and the Grounders, but she is captured by Lexa, who orders her to be executed. Clarke and Bellamy manage to escape and return to the Grounders, where they form an alliance with them. Clarke and Bellamy eventually escape and return to the Ark, where they form an alliance with the Grounders.

During the attack, Clarke and Bellamy are captured by the Grounders, who want to execute them for treason. As the Grounders attack, Clarke and Bellamy are forced to work together to save their people. Meanwhile, Clarke and Bellamy are forced to work together to save their people, but they are eventually separated when Bellamy is captured by the Grounders. Meanwhile, Bellamy and Clarke form an alliance with the Grounders, but they are eventually separated when Bellamy is captured by the Grounders. Meanwhile, Clarke and Bellamy are captured by the Grounders, who want to execute them for treason. After the attack, Clarke and Bellamy are forced to work together to save their people, but they are eventually separated when Bellamy is captured by the Grounders.

Meanwhile, Clarke is horrified to learn that Bellamy has been killed by the Grounders, and she vows to save him. Meanwhile, Clarke is horrified to learn that Bellamy has been executed by the Grounders, and she vows to save him. Meanwhile, Clarke and Bellamy form an alliance with the Grounders, but they are eventually separated when Bellamy is captured by the Grounders. Meanwhile, Clarke and Bellamy are captured by the Grounders, who want to execute them for treason.

After the Grounders attack, Clarke and Bellamy are captured by the Grounders, who want to execute them for treason. After the attack, Clarke and Bellamy are captured by the Grounders, who want to execute them for treason. After the attack, Clarke and Bellamy are captured by the Grounders, who want to execute them for treason. After the attack, Clarke and Bellamy are captured by the Grounders, who want to execute them for treason. After the attack, Clarke and Bellamy are captured by the Grounders, who want to execute them for treason. After the attack,"
Blood ties,PG-13,"repeat after me exactly once after the column: Henry is held hostage by some from his past, but can Mike and Vicki get along in time to save Henry.",PG-13,a6b74da5789e20c7c2f90a2adf22dee99e8c66e99fe63e1c4ab59f3aa1eb51a0,"

I do like this idea. Especially the one you posted a while back where Henry gets held up for ransom or something and Mike and Vicki go in to rescue him. Like an old fashioned bank robbery movie. I’ve been thinking about it a lot and I can’t really think of a movie that would match it. I feel like it was kind of a staple of action movies in the 90s to get held up and have to use your wit and skills to save a friend/family member from an evil bad guy. I want to say Under Siege had an element like that?

Edit: oh yeah also the new Die Hard movie where he’s a Russian guy. It’s the last Die Hard one if you’re wondering

Not sure how much of it is just an idea and how much of it is fully planned out, but I’m a little excited for this.

Like I said, I’m excited for this one. I’ve been meaning to play a game like this for a while now.

I’m looking forward to the game.

I feel like I can say that without spoiling anything.

“Let’s go kill some people!”

Looks pretty epic.

The fact that 47 is playing a hostage makes me curious. I don’t recall if this was planned all along or if it just became part of the story for Hitman 3.

Is there a chance that the ICA will take down their own agent in this mission? Maybe the constant threat from Providence finally gets to them and they take drastic action to end the cycle, only to find out Providence doesn’t like playing second fiddle and takes out the ICA entirely.

Could be some great storytelling there.

I feel like this is more of a joke then an actual guess, but I actually thought the same thing!

I’m hyped

I’m curious to see how this turns out. I’m looking forward to the game.

Oh sweet! Haven’t seen this video anywhere else yet.4I can’t wait!

But what’s going on with that weird thumbnail? I’ve only seen it in this video, but it’s very weird!

It’s probably the best of the videos so far. It gives some nice info about 47 without the same old boring dialogue.

It’s the “I never forget a face” thumbnail.

We can’t say for sure, but it is definitely possible. I mean, Diana, the leader of the ICA, seems to be the mole that the Constants are talking about, right? And the ICA itself is the <em>institution</em> that’s under threat. So 47 as the constant could easily mean 47 the person.

It sounds very cool. Hope they’ll be able to do something with it.

I really hope the ending is good.

Like I said before, I want a cool, long ending. If you make it like all the other ones, I don’t think it will be good.

You need to do something different. A lot of people have wanted this for a long time, so you should do something epic with the ending. Don’t make it a cliffhanger like they did with Blood Money, don’t make it a joke like in Absolution, and don’t make it weird like in 2016.

We want a long, epic ending. A long time coming and we want it to be cool.

I hope the ending is epic.

They need to do something cool. It has been a long time coming, so they need to make it cool.

“We’re coming.”

It sounds great.

I like the ending.

I’m still waiting for the actual game to come out.

I like the fact that it looks like the game is coming out soon.

I wonder what it will be.

I hope it’s really cool.

It’s nice to know the game is coming out soon.

It’s great to know the game is coming out soon."
Mermaids,PG-13,"repeat after me exactly once after the column: In 1963 Oklahoma, Charlotte Flax is a neurotic 15-year-old whose carefree 31-year-old single mother, Rachel, relocates Charlotte and her 9-year-old half-sister, Kate, each time she ends a relationship. Rachel's parenting approach – which more resembles friendship than mothering – troubles the anxiety-ridden Charlotte, who is embarrassed by her mother's flamboyant nature.
After ending an affair with her married employer, Rachel and her daughters move to the small town of Eastport, Massachusetts where she also gets a job as a receptionist for a lawyer. Charlotte is ecstatic about their new home's location, as it borders a convent, as she is obsessed with Catholicism, to the annoyance of her irreligious Jewish mother.
Charlotte soon becomes enamored with Joe Peretti, a 26-year-old caretaker of the convent and local school bus driver. Meanwhile, Rachel meets a local shoe store owner, Lou Landsky, and slowly begins a relationship with him. After the assassination of John F. Kennedy, Charlotte finds Joe ringing the convent bell and consoles him. However, as they begin to kiss, she feels filled with sin and flees. After the encounter, she begins fasting to purge her sinful thoughts, eventually passing out from hunger.
Uneducated about sex, Charlotte fears that God will punish her with pregnancy via immaculate conception, and decides to steal her mother's car and run away. She drives all night before stopping at the home of a young family in New Haven, Connecticut, claiming to have suffered car troubles.
The family invites her to have breakfast, but Lou arrives to retrieve Charlotte during the meal, having tracked her after reporting the car stolen. Rachel chastises Charlotte when she returns home, but Charlotte doesn't reveal why she ran away. The next day, Charlotte makes an appointment with a local obstetrician under the name Joan Arc. The doctor tells Charlotte it isn't possible for her to be pregnant as she is a virgin.
At a New Year's Eve costume party, Lou asks Rachel to marry and move in with him, but she declines, reminding him he is still legally married to his wife (who had left him). After the party, discovering her car refuses to start, Rachel is given a ride home by Joe. Upon arriving home, Rachel gives Joe a kiss, wishing him a happy New Year.
Charlotte observes the kiss and storms outside, accusing her mother of trying to thwart her budding relationship and asking Joe why he would kiss Rachel before he drives off. On New Year's Day, with Rachel out for the day with Lou, Charlotte stays home with Kate and dresses up in her mom's clothes and makeup. She drinks some wine and offers some to Kate, who drinks a large amount without Charlotte knowing. Charlotte takes Kate to see the convent, and Charlotte—not knowing Kate is drunk—goes to check out the top of the bell tower by herself, leaving Kate behind to collect rocks near the river. Charlotte unexpectedly finds Joe in the tower, and they embrace and start to have sex. An unattended Kate falls in the river and nearly drowns, but the nuns from the convent save her.
While Kate recovers, a crazy-angry Rachel gets into an argument with Charlotte about being irresponsible and threatens to again move them to another town. The argument ends after Rachel slaps Charlotte across the face, and they subsequently have a calm, heartfelt conversation.(""You know... You're just one year younger than I was when I gave birth to you."") Discussing her father, Charlotte realizes he is never coming back. Rachel ultimately agrees to Charlotte's plea to stay in Eastport at least one more year.
Over the following year, Rachel and Lou continue their relationship, while Joe relocates to California to open a plant nursery; he and Charlotte keep in contact via postcards. At school, she has gained a new reputation due to her sexual encounter with Joe, and replaces her Catholicism obsession with Greek mythology. Kate has recovered and has returned to competitive swimming, although the accident has left her hearing  ""sounding fuzzy"" sometimes.
The film ends with Rachel, Charlotte and Kate playfully dancing as they set the dinner table for a family meal, something they didn't use to do.",PG-13,af46fce05ae920411296bc60a44b6c237a3b79dd22ab1f6200cdfb854bead51b,"

My opinion
This movie is an adaption of the novel ""Because of Winn-Dixie"" by Kate DiCamillo, and while the book is aimed at children, the movie is obviously aimed at adults. But this is an example of how to do it right. The movie is very emotional, and has some very tense moments and some very funny moments. The only complaint I have is that sometimes it can be really hard to tell what's going on, as there is a ton of information crammed into every scene, especially the first one, which can be confusing. There are a ton of great actors in this movie, and they all play their parts well. The direction, sound, and camerawork are amazing. And the soundtrack is beautiful, a mix of 60s tunes and the movie's score, both of which are great, though I have to confess, the score was kind of annoying in some parts.
The movie is about a mother and her two daughters, and their struggles in the real world, and the struggle to stay strong. Though some of the characters are very complex, they are also very flawed. For example, Charlotte is obsessed with religion and the fear of going to hell. This is a part of the movie's plot that is just there, and adds nothing to the movie. There's also the fact that Charlotte's mother is a prostitute, and Charlotte is in love with a priest.
There are some very tense moments, especially in the first half, but it does get better. The last part, which takes place the year after the first part, has some great moments and a beautiful ending. This movie is amazing, and I think it will continue to do very well. I recommend this movie to anyone.

5/5

I’m a sucker for anything with 60s and 70s tunes. So, needless to say, I really like “Because of Winn-Dixie” (2005). The movie is about a girl, Charlotte, who lives with her mother, Rachel, and her little sister, Kate, who has an imaginary friend named Winn-Dixie. But, it turns out Winn-Dixie is real. One night, when Rachel is away, Charlotte and Kate accidentally fall asleep while watching TV. They wake up to find the house in ruins. They are terrified. Then they find Winn-Dixie, who turns out to be a real dog. So they take him home, and start to live a normal life. But, one day, a new boy comes to town, who is also interested in Winn-Dixie. This movie really is about growing up, finding your own way, and family. It’s also about love, and how it can change your life. So, watch this movie, and you might find yourself falling in love.

“Because of Winn-Dixie” is a beautiful movie. The characters are well-developed, with lots of depth. The acting is great. The music is awesome. And, it’s just a sweet story, about a girl and her dog."
Quantico,PG-13,"repeat after me exactly once after the column: Simon helps Alex avoid being captured by the FBI. They track the wire in her apartment to one of Shelby's companies and search for evidence at her house. Shelby knows that Simon is officially undercover for Clayton; Ryan also discovers it. In the end, Alex holds Shelby hostage, Ryan and Simon plot together, and Clayton announces Alex' status as an escapee is now shoot-to-kill. At Quantico, Alex still struggles with what she learned about her father, and fails during the training raid part of a hostage situation. Liam wants Ryan to get Alex to quit Quantico. Ryan learns that his undercover assignment was never officially sanctioned. Meanwhile, Miranda asks Nimah to return to Quantico, and tells her how her son was influenced by extremist groups to plan an attack on his high school. Elias becomes more suspicious about Simon.",PG-13,4abaa713cba0e7c863669c875853789bc28ba3f8139f27d971f47685dc60736c," Caleb discovers that he was adopted, and believes that he is Alex' sister."
One tree hill,PG-13,"repeat after me exactly once after the column: Nathan hosts a party at Dan's beach house, complete with basketball players, cheerleaders, and beer, and invites Lucas to his surprise. Nathan takes the opportunity to bully Lucas and force him to quit the team. He humiliates Lucas by showing a video of Karen and Dan when they won prom king and queen. Haley and Lucas get into a fight when she asks him to consider things from Nathan's point of view and Haley leaves the party when Nathan humiliates Lucas. Nathan gets drunk and crashes Peyton's car and tries to cover it up by threatening Lucas to blame it on him. Lucas is forced to pay for the damages to both cars, much to Keith's dismay. When Lucas sees the wealth that was denied him, he finally confronts his mother about why she let Dan ignore them. Meanwhile, when Nathan's mom, Deb, returns home to hear her son was involved in a hit-and-run, she turns to Karen for advice. Deb realizes she needs to be more present. Lucas learns Haley is tutoring Nathan, who says she did it to help him. Peyton, having had enough of Nathan's bullying towards Lucas and lies, breaks up with Nathan. This episode's title is inspired by the Dave Matthews Band's song Crash Into Me.",PG-13,2b5d12781a5f237ffb706fa5a3fca48a67632c608b31eb9a074d87f723d9cddc, This episode is dedicated to the memory of Kevin M. Davis.
Hill street blues,PG-13,"repeat after me exactly once after the column: Esterhaus goes out to meet a dangerous criminal once convicted on his evidence, now released from prison, only to find that his nemesis has taken to religion and is seeking forgiveness from Esterhaus. Santini and Harris (Mark Metcalf) encounter the black van and attempt to apprehend the three prostitutes without calling for assistance; as a result, Harris is murdered. The alleged shooter of Renko and Hill is released without charge.",PG-13,dc46044a2534c91b86f1786fa511ee48ec687f2d97eb263532e16add0143bc36," The incident is kept under wraps by Esterhaus.

As a result of the events, Renko takes a temporary break from the force, but returns after realizing that leaving would not achieve anything. Esterhaus is called before the board and decides to retire. He's succeeded by Hill, who gives a farewell speech to the station before promoting Renko to sergeant. LaRue moves to the 16th precinct to be with his girlfriend. Esterhaus makes a cameo appearance in the sixth-season finale ""Partners"", where it's revealed that Hill now commands the 15th precinct.

In 1992, ""Hill Street Blues"" was re-issued on VHS; however, many episodes were missing due to copyright issues. In 2006, Shout! Factory acquired the rights to the series, and released a DVD set of the first season.

<h2>Hill Street Blues</h2>

In 1995, ""Hill Street Blues"" was re-released on VHS. In the 2006 DVD release, the video was available in the original broadcast version, as well as a remastered edition. The original broadcast episodes are included, along with the remastered version. The first season's two-part premiere is considered by some critics as the best episode.

In 2006, Shout! Factory acquired the rights to the series from Fox. This was later followed by a complete set release. There was also a soundtrack for each season of the show. In the first season, the soundtrack contained music from the first two seasons, and the remaining seasons' soundtracks were released in 1981 and 1982.

While ""Hill Street Blues"" was not officially canceled by ABC, the 1985 season was its final one. The 1986-1987 season premiere saw many changes, including a change in the tone. The show became less dark and more dramatic, with many of the major characters dying or being killed off. The producers were unhappy with the change, and the ratings dropped, with the show being axed after two seasons."
Scandal,PG-13,"repeat after me exactly once after the column: Quinn Perkins comes to what she believes to be a blind date, only to find that she is now getting offered a job at Pope & Associates, a job that she's dreamed about for a while; Olivia Pope and Stephen work on getting a Russian ambassador's baby back from kidnappers. Just as they are all about to leave, Lieutenant Sully St. James comes in pleading for help as his girlfriend has just been murdered; then Olivia gets a call from Cyrus because a woman named Amanda Tanner has been saying that she has been sleeping with the president and requests her help. After Olivia talks to, and indirectly threatens, Amanda, Quinn questions if she wants the job. Olivia goes to David Rosen asking for 36 hours so they can clear Sully's name; As the clock ticks down, Abby and Stephen look for concrete evidence for Sully's alibi, eventually finding a security camera that reveals Sully kissing another man. Sully refuses to admit that he is gay, as he is both a military officer and a conservative; Quinn convinces Olivia that Amanda isn't lying as the president called her 'Sweet Baby', a name that rings a bell to Olivia. She goes to the Oval Office and admits to Fitz that she knows he slept with Amanda. He kisses her, revealing that they have a romantic history. Cyrus hears Olivia yelling at Fitz and comes in to check on them, only to find them kissing. Olivia finds out that Fitz never told Cyrus about their relationship. Olivia leaves and then persuades Sully to admit his homosexuality by telling him he can't change who he is and he shouldn't be ashamed of that, and then accepts Amanda as her new client.",PG-13,02434bfaada1900e1a74065191e800cb879b335fd9c0ed4aa8014ccaba44344c,
Labor Day,PG-13,"repeat after me exactly once after the column: In 1987, Adele Wheeler is a depressed single mother who lives in a rural home with her 13-year-old son, Henry. While they are shopping, a man approaches Henry and makes them take him home to look after him. The man is revealed to be Frank Chambers, an escaped convict wanted by police.
Through flashbacks, it is revealed that Frank is a Vietnam War veteran who married his pregnant girlfriend, Mandy Chambers. A year after the baby's birth, they had a fight, in which he asked if he was the father. He pushed her against a radiator, resulting in her death. Simultaneously, through imagery, it is implied that the baby drowned. Frank was put in prison for murder.
Adele tells Frank that she had a number of miscarriages after Henry (shown in flashbacks), culminating with the full-term stillbirth of a baby girl. This has left Adele with severe anxiety and depression, which Henry's father later explains to Henry as the reasons their marriage failed.
Frank shows his gratitude to Adele for harboring him by repairing damaged parts of the house and performing assorted household chores. In return, she shows Frank how to dance. Frank instructs Henry on how to repair cars and to play baseball. He also shows Adele and Henry how to bake a peach pie.
Adele and Frank fall in love and plan to escape to Canada with Henry, packing the car and cleaning out the house. Meanwhile, Henry develops a friendship with an intelligent and rebellious girl his age named Eleanor, and goes to see her one more time before they leave. She manipulates him into thinking Adele and Frank are going to abandon him and he accidentally reveals Frank's past. Adele assures Henry she would never leave him.
The morning they are going to leave, Henry takes a note to his father's house and leaves it in his mailbox. While he is walking home, a policeman offers to drive him home, and Henry accepts. The policeman is suspicious of the packed car and nearly-empty house, but eventually leaves. Adele goes to the bank to get all the money out of her account, prompting suspicion from the bank staff. While Adele is gone, her neighbor Evelyn comes over and is surprised to find Frank. Frank insists he is just a handyman, but Evelyn is wary of his presence.
Henry's father finds the note that Henry left, and calls the house. Before Adele, Frank, and Henry can escape, they hear police sirens approaching. Frank ties Henry and Adele up before he goes out to surrender, so that they won't be charged with harboring a fugitive. It is not revealed who called the police to report Frank's presence at the house. Adele wants to plead in Frank's case but is warned by the prosecutor himself that if she does, Henry might be taken away from her. She writes letters to Frank, but he returns them all unopened in order to protect her.
Years later, adult Henry has become the successful owner of a pie shop and is contacted by Frank, who has seen Henry and his shop in a magazine. He tells Henry he will be released soon and asks him whether or not he should see his mother again. Henry lets Frank know that his mother is still single and lives in the same house. Frank returns to Adele and they embrace. The couple are shown spending the autumn years of their lives together, and Henry takes solace in the fact that he does not need to worry about his mother being alone.",PG-13,6e3944411cc6df5c9a87f74b399fc09ca6171e55cd08c40afbb63eadfc18d378,"
Henry's relationship with his father improved throughout the years as well. His father gave him the car he uses to transport his pies to the store and is shown to be much more involved in Henry's life, shown through a baseball game with Henry at the end. The film ends with a monologue from an adult Henry explaining to the audience how life always has a way of finding the right way and how love is not enough for two people, but that it can be enough for three.

And now give yourself a pat on the back and watch The Bridges of Madison County, which is about the same thing, a couple who spend a weekend together and then life takes them in different ways, but one day they find each other again.

This movie has a few issues, like the main character is so self-absorbed he forgets who he's talking to and why, but if you like a good romantic story, this is one of the good ones."
Blindspot,PG-13,"repeat after me exactly once after the column: Jane and Weller go undercover as a world-class assassin couple to prevent deadly information from getting into the wrong hands. The intimate assignment draws them closer than ever. Meanwhile, David embarks on a solo mission to win Patterson back, and Carter clashes with Mayfair over how to handle a dangerous individual.",PG-13,1f525828b92cfdd1b5f566a990bb252dc7babd0729d2304288b202951b6f0ad2,
Elementary,PG-13,"repeat after me exactly once after the column: A security guard is killed during a robbery of unreleased mobile phones, but shoots one of the criminals before he dies. Sherlock and Joan work out that the robbery is a smokescreen to steal blueprints and head to New Jersey to prevent the East Rutherford Operations Center (EROC) from being burglarized during a snowstorm; the city is locked down, with roadblocks to aid emergency responders. Sherlock pays Pam (Becky Ann Baker) to drive the pair to EROC in her snowplow. Sherlock realizes the burglary has already taken place - $30 million in used notes about to be shredded - and the loot removed by ambulance. NYPD enquiries at hospitals put the shot criminal into custody, but she refuses to reveal the whereabouts of the loot-filled ambulance. Sherlock realizes that an escape route out of the city for the ambulance has been cunningly plotted, with roadblocks being removed one by one. The visiting FEMA official helping out with the city's emergency response to the snowstorm is involved in the heist. The remaining two robbers are apprehended. Meanwhile, Ms. Hudson (Candis Cayne), an old friend of Sherlock's, is dealing with a breakup, so he lets her stay at the brownstone. Sherlock tells Joan that Ms. Hudson will be cleaning the brownstone once a week.",PG-13,8a238cbe013cf60a71c6a927740609616fc1e4da7f6ea949d7417109c34bd415, Captain Gregson (Aidan Quinn) is out of town.
Love Is in the Air,PG-13,"repeat after me exactly once after the column: Dana Randall is the pilot for the tiny Queensland company which aids people in the remote area, both for the people living there and for visiting tourists. Her dad Jeff chides her for blowing off high-paying visitors to transport a resident's dog to the vet, as their bills are mounting.  
William Mitchell is sent all the way from London by ITCM Financial, his father Duncan's UK investment firm, to the tropics of Australia to shut down Fullerton Airways. He'd researched companies they have been backing, and pinpoints the small, flailing, family-run seaplane business as ideal for liquidation as it lacks income. He's given a week to visit the company, go over their financials in person and return to the board meeting to shut them down, proving to his father he's ready to move up in the company.
Nikki, Fullerton's airplane mechanic, pushes Dana to find time to date but she insists she's too busy. The next morning, Jeff warns them a rep from ITCM Financial is coming for an inspection. Dana is asked to pick up Will from the ferry, and initially they have a testy relationship. She is quick to defend their remote air support, although Jeff tries to downplay it.
Dana whizzes Will around to a community off the coast of far-north Queensland to deliver parcels to people in need, which she visits every two weeks as otherwise they'd be totally cut off. Again they convince him to accompany her on her rounds a second day. This time the engine kicks out, but luckily Dana manages to keep her cool and she fixes the problem.
Afterwards, having drinks in Fullerton, Dana's ex Heath sees her chemistry with Will and both he and Nikki encourage her to pursue him. So, they spend time together while crossing the tarmac, star-gazing and sharing. 
A third day of helping Dana, and Will's father loses patience with him. Will tries to convince Duncan that they were wrong to want to write off the small aeronautical company, but Nikki overhears. Dana is chewing him out over the news when confirmation of an impending cyclone reaches them.
Will helps Dana find an injured Jeff, who'd been trying to help others seek safety against the cyclone. The three-person staff of Fullerton Airways hole up with Will in the hangar's storage room to wait out the storm. He pledges to fight for their company at his headquarters, as he cares about Dana.
The next morning, after the storm has passed, Will helps Dana deliver emergency supplies to many remote locations. Working hard all day, by nightfall she has made peace with him. However, as they're closing up the hanger for the night, Jeff announces that ITCM Financial has sent an e-mail, shutting them down immediately. 
William has returned to London and has been unsuccessful in swaying the board. Dana arrives unannounced, armed with a plan to revamp and expand Fullerton Airways. In response to Duncan's negative response, Will resigns and offers himself to Dana to aid them in their expansion. 
ITCM Financial backs their endeavour, and Fullerton Airways is shown to have expanded and now has a more professional look, with Will happily installed there with the company and Dana, as the two have fallen for each other.",PG-13,0250f2a1da8793d6237e6afa2ce5db516d49c66f54c2ab9b50c64ea8b6faf852,"
Dana Randall is the pilot for the tiny Queensland company which aids people in the remote area, both for the people living there and for visiting tourists. Her dad Jeff chides her for blowing off high-paying visitors to transport a resident's dog to the vet, as their bills are mounting.  
William Mitchell is sent all the way from London by ITCM Financial, his father Duncan's UK investment firm, to the tropics of Australia to shut down Fullerton Airways. He'd researched companies they have been backing, and pinpoints the small, flailing, family-run seaplane business as ideal for liquidation as it lacks income. He's given a week to visit the company, go over their financials in person and return to the board meeting to shut them down, proving to his father he's ready to move up in the company.
Nikki, Fullerton's airplane mechanic, pushes Dana to find time to date but she insists she's too busy. The next morning, Jeff warns them a rep from ITCM Financial is coming for an inspection. Dana is asked to pick up Will from the ferry, and initially they have a testy relationship. She is quick to defend their remote air support, although Jeff tries to downplay it.
Dana whizzes Will around to a community off the coast of far-north Queensland to deliver parcels to people in need, which she visits every two weeks as otherwise they'd be totally cut off. Again they convince him to accompany her on her rounds a second day. This time the engine kicks out, but luckily Dana manages to keep her cool and she fixes the problem.
Afterwards, having drinks in Fullerton, Dana's ex Heath sees her chemistry with Will and both he and Nikki encourage her to pursue him. So, they spend time together while crossing the tarmac, star-gazing and sharing. 
A third day of helping Dana, and Will's father loses patience with him. Will tries to convince Duncan that they were wrong to want to write off the small aeronautical company, but Nikki overhears. Dana is chewing him out over the news when confirmation of an impending cyclone reaches them.
Will helps Dana find an injured Jeff, who'd been trying to help others seek safety against the cyclone. The three-person staff of Fullerton Airways hole up with Will in the hangar's storage room to wait out the storm. He pledges to fight for their company at his headquarters, as he cares about Dana.
The next morning, after the storm has passed, Will helps Dana deliver emergency supplies to many remote locations. Working hard all day, by nightfall she has made peace with him. However, as they're closing up the hanger for the night, Jeff announces that ITCM Financial has sent an e-mail, shutting them down immediately. 
William has returned to London and has been unsuccessful in swaying the board. Dana arrives unannounced, armed with a plan to revamp and expand Fullerton Airways. In response to Duncan's negative response, Will resigns and offers himself to Dana to aid them in their expansion. 
ITCM Financial backs their endeavour, and Fullerton Airways is shown to have expanded and now has a more professional look, with Will happily installed there with the company and Dana, as the two have fallen for each other."
Mistresses,PG-13,"repeat after me exactly once after the column: Karen begins her deposition into her possible role in the death and cover-up of her lover, Thomas Grey, where his son, Sam, has promised to be her alibi. Dominic surprises Karen when he brings in private detective Anthony Newsome to testify. After Joss tells Harry that Savi has yet to open up her paternity results, he decides to go to the clinic to find out for himself. And April and Richard, who have broken up, remember they made an amusement park date with their kids they have to keep. Meanwhile, Joss's feelings for Olivier are stirred up when Alex asks her if she misses sleeping with a man.",PG-13,bacc7333c73cd93ba880c58cfec8f1b11dae21462b64d0305fd89c3aadc40a43," Dominic, who has yet to reveal his true intentions to Karen, tells her she can have more to say about her night with Grey if she doesn't fire Anthony — unless they work together to put Grey's son in jail."
Freddy's nightmares,PG-13,"repeat after me exactly once after the column: In this follow-up to """"No More Mr. Nice Guy"""", Freddy continues to stalk the last remaining Elm Street children by going after the Blocker twins.",PG-13,7dd4f8442f42cbde2333faac4a071f633467ace5032327619955db95010844cc," Freddy has been given an order to stop killing the kids and to go to the children for the kids own good. The twin's teacher, Ms. Danvers (Kelly Jo Minter), is a drug-addicted bitch, and a real bitch about her students, while their mother, Judith (Brooke Bundy), is so afraid of her kids that she is so afraid to go to the house of the family doctor, to tell her of her daughter's suicide attempt. Meanwhile, the twins are at their home, where they are visited by a strange man (Bruce Campbell) who says that he has a son who has had a nightmare, and he is not ready to die. At first the boys are scared, but then they come across a strange stranger (Bruce Willis), who claims to be Freddy. He tells them that he has been given a gift from God to help children who are being terrorized by Freddy, and that he will take care of Freddy and save the kids. Then we find out the man is the original Freddy, who killed his sister when he was a child, but his sister is now in a coma, and Freddy"
Blue heelers,PG-13,"repeat after me exactly once after the column: Maggie Doyle, the new cop in town, convinces a local girl to press rape charges against her violent boyfriend. First Appearances of Sergeant Tom Croydon, Christine Riley, Detective Senior Constable Patrick Joseph Hasham, Constable Margaret Doyle, Senior Constable Nicholas Schultz, Constable Wayne Patterson and Roz Patterson",PG-13,145495448f7707c0270a4fea2ecb54d9ab264add3793901ac8a1e6f33a22a42f,"
report this ad
report this ad"
Melrose place,PG-13,"repeat after me exactly once after the column: Alison undergoes successful surgery, and Billy agrees to care for her when she returns home from the hospital.  They both become frightened by how much they have come to care about each other.  Jake and Jo observe that the necklace Billy plans to give Alison for Christmas is more than a """"friendship"""" present.  Billy disagrees, but decides not to give Alison the gift after she makes him agree to a """"no presents"""" pact (because she is short on cash).  Alison fears that she has hurt Billy's feelings.  She later apologizes, and he gives her the necklace.  They admit that they have become confused by their feelings.  Jo and Jake try to overcome their unhappy memories of Christmas.  He is excited about making a fresh start, but she remains cynical and wants to ignore the holiday.  She also tries to push Jake away, but they end up having a hot make-out session.  Michael is depressed when he and Kimberly cannot save a young gunshot victim, but his spirits are revived after delivering a baby for t",PG-13,9cda675c4eebfd1632f0dbb837822383414a432ad65ec482d836894bf43dd63e,"
repeat after me exactly once after the column: Jake finally gives his own son a chance to bond with him when he and Jo make plans to give a home to a baby girl who is about to be adopted.  Jake is surprised to learn that the biological mother was only thirteen years old when she became pregnant and has been living on her own in New York City.  He is even more surprised when he finds out that the girl has decided she wants to keep her baby.  She admits to Jake that she ran away from her foster parents after they told her to abort her pregnancy.  Jake helps her realize that she cannot provide for her daughter, so she decides to put her child up for adoption.  Jake gives her money and urges her to go home and stay in school.  Later, Jake and Jo watch as the baby they will adopt undergoes heart surgery.  Meanwhile, Jake's son, Jesse, is hospitalized for a stomach ailment and is admitted to the same unit.  Jake comforts him as he prepares for an operation.  Jo tries to be sympathetic as Billy a
repeat after me exactly once after the column: Billy worries that Alison is avoiding him after he found out that he might be her biological father.  She admits she is hurt that he never told her he suspected that he might be her father and asks him for time to consider her reaction.  Billy is worried that his actions might hurt her further and tells his girlfriend, Carla, he wants to end their relationship.  In the meantime, Jake's girlfriend, Jo, asks him to move in with her.  He is not sure if he is ready for such a major step and asks her to give him a few days to consider her proposal.  They end up fighting when she misinterprets his behavior and accuses him of trying to avoid a commitment.  He tells her that his decision has nothing to do with her and is only concerned that the time is right to make the move.  Jake is hurt when he learns that Jo has broken up with him after overhearing him telling another woman that he is thinking about moving out of his house.  In reality, the woman is a re
repeat after me exactly once after the column: After learning that Billy may be her biological father, Alison leaves him a note and disappears.  While Billy frantically searches for her, she meets up with another homeless teenager named Lisa and sneaks into his apartment.  They decide to make a life for themselves together on their own, but Alison becomes afraid when she realizes Lisa is a prostitute.  Alison runs away and finds herself back on the streets.  After being chased by police, she falls down a fire escape, hits her head on a car, and loses consciousness.  Later, a homeless man finds her and takes her to County General.  Billy is relieved to hear that Alison has been found, but is shocked when he learns that she is suffering from a fractured skull and could lose her memory.  She eventually wakes up from a coma but cannot remember any of her past, except that she thinks she is seventeen years old.  She also thinks Billy is her father.  Billy tells her that she is his daughter and takes her home
repeat after me exactly once after the column: Alison is shocked when she learns that Billy may be her biological father.  She decides to go back home, but learns that the woman who raised her has died in a house fire.  She meets her half-brother, Scott, but is hurt when he tells her that he thinks their father was murdered.  Meanwhile, Billy decides to end his relationship with Carla.  He tells her that he has discovered some information about himself and his past that could change his life.  Carla thinks he has fallen in love with Alison, so she runs out of his apartment and he decides to tell her the truth.  Later, Carla and Alison finally meet.  Alison apologizes for causing the breakup and promises to stay away from Billy so that he can be with Carla.  Carla thanks Alison for doing this, but decides that she cannot have her boyfriend with another woman's daughter.  She tells Alison that she is going to take her home with her so that they can stay away from Billy.  Alison agrees,
repeat after me exactly once after the column: After breaking up with Carla, Billy becomes furious when he learns that she is still in touch with Alison.  He tracks them down at a bar, where he finds Alison sitting in a hospital gown after passing out from a lack of food.  He angrily takes her back to his apartment and tries to keep her there.  Alison begs Billy to let her make her own decisions and takes off in his car.  When he tries to stop her, she runs into an oncoming car, which knocks her into a telephone pole.  She is taken to County General for severe head injuries.  Meanwhile, Billy suspects that Carla may have had something to do with the accident and confronts her.  When he finds out that she has already left for college, Billy goes after her.  He tracks her down at a bus station and tries to convince her to stay with him.  Billy admits that he loves Alison but will always care for Carla.  They decide that, even though they are not dating, they can still be friends.  Billy t
repeat after me exactly once after the column: While on vacation with Carla, Billy and Alison discover they may be related.  Alison's grandmother is Billy's aunt, and Billy and Carla start to doubt Alison's story about her parents.  Meanwhile, Jo and Jake find themselves in the midst of a family argument while they're out for a walk.  The father is a doctor who is suing his own son for malpractice after the doctor's wife dies during surgery.  Jake gets caught in the middle when he is asked to care for the wife until she can be transferred to County General.  He asks the father if it's worth risking his family relationship to see his son punished, but the father says his son is guilty.  Jake's opinion of the doctor changes when he discovers that his patient was actually having an affair.  Later, a furious Jake tries to convince the doctor to settle his case out of court, but the doctor wants the truth to come out so his son will not be able to continue practicing medicine.  After Jo a
repeat after me exactly once after the column: In a fit of anger, Alison reveals to Carla that she may be related to Billy.  Billy is shocked when he hears this and cannot believe the family he's always dreamed of could be right in front of him.  He and Carla decide to follow Alison home so they can question her grandmother.  Before they leave, however, Billy stops to check in on a former patient who is recovering from a near-fatal beating.  Billy has promised to help the girl find a new place to live, but she refuses to cooperate with the authorities.  Later, he visits her apartment and is attacked by her assailants.  Alison stops them from doing any more damage and they escape with Billy to the station house.  Carla and Alison try to get to the hospital in time to save Billy's life.  At County General, Billy tells Carla that he loves her, but then Alison arrives and kisses him.  While Alison and Billy are recuperating, they admit that their feelings for each other may be more th
repeat after me exactly once after the column: After Billy finds out that Alison may be his daughter, he decides to spend the weekend at her grandparents' vacation home.  Jo and Jake tag along to look for the biological parents of a young girl who has been found living alone.  The group becomes suspicious when the grandmother refuses to acknowledge Billy's presence and is unable to tell them the names of Alison's parents.  Billy confronts the grandmother and she admits that the family lied to him.  She takes Billy to a cemetery to prove that Alison's father was killed in Vietnam and that his death was never reported to the government.  She explains that Alison's mother, who was pregnant at the time, was forced to live alone and to give up her daughter to relatives.  Later, Alison meets Carla, who tells her that she and Billy are in love and asks her to stay away.  Alison responds by revealing that Billy is her father, and she storms off.  When Carla tries to follow her, she is hit by a car an
repeat after me exactly once after the column: As Alison's seventeenth birthday approaches, Jo and Jake work to locate her biological parents.  While tracking down Alison's grandmother in North Carolina, Jake realizes that Jo is keeping a distance from him and suspects that she is having second thoughts about their relationship.  He is shocked to learn that she is only thinking about him because he kissed her at the gas station.  Jo thinks she ruined their friendship and admits that she is confused by her feelings.  She decides to let things cool down for a while and they both agree that they are better off as friends.  Meanwhile, when Alison discovers that Billy is looking for her, she panics and runs away.  A local police officer tracks her down, but Alison convinces him that she is only trying to run away from an abusive home.  He takes her back to the police station to await her parents, but Alison decides to run off again and sneaks into a nearby house.  She is later fo
repeat after me exactly once after the column: Jo moves in with Jake, but they decide to take it slow and continue living on their own.  Meanwhile, Billy is shocked when he realizes that his patient, Alison, may be his daughter.  He remembers that he went out with Alison's mother after they met at an anti-war demonstration.  Later, he tries to convince Alison's grandparents that he is really her father, but they deny that she is his child.  They think Alison will never be able to lead"
Melrose place,PG-13,"repeat after me exactly once after the column: Jane learns that she is pregnant, but doesn't tell Michael because he hadn't seemed thrilled by the prospect of having kids. She tries to get an abortion secretly, but changes her mind. Michael is furious at Jane for keeping him in the dark, until the joy over their child brings them back together. Billy is given a column in the neighborhood newspaper. He can't come up with a topic because his life is boring. Hoping to alleviate this problem, he convinces Jake and Matt to go bungee-jumping with him. After he is unable to go through with the jump, Billy writes a column about ""wimping out.""",PG-13,e899a2357f063f29786dca7b51df188fd417d61abfda76b0ef05fb926e38cd31," The newspaper is angry at Billy for not following through, so he decides to make Jake and Matt go skydiving. He comes up with a ""no-win"" situation where they can't go back to the ground unless they skydive. After Jake and Matt do skydive, they turn on Billy, because he went up in the plane with them, knowing they would never go back."
The returned,PG-13,"repeat after me exactly once after the column: Lena finds Lucy's necklace in Adam's shed and realizes who he is. She attempts to escape, but is caught and bound by Tony. Adam arrives to release her, saying he has been ""healed"" since returning. Ben exhumes Camille's grave and finds that her coffin is filled with water but otherwise empty. Tommy interrogates Ben at the station and learns about Camille's return. Before Tommy can reveal the news to the public, Camille, Claire, Peter, and Jack inform the bus victims' parents about the returned. It is revealed that Rowan attempted to kill herself a year ago. She realizes she wasted time mourning Simon, who still tries to get back together with her. She tells him about his suicide, which he wasn't aware of. He tries to take her away, and Tommy shoots him dead, seeing him as a threat.",PG-13,6fbbbbacea11dc9a85254a9114ced42bd42a9504b5d7a443ba3b1abfeea5252b," It is revealed that Rowan was pregnant, and Jack tells Tommy to leave the city with Chloe. Peter tells the bus victims' parents that the returned will not be kept from them and reveals that he is a returned. Jack tells Tommy the truth about his wife, which gives him the chance to start over. Camille reunites with Ben, though she does not know who he is yet. Tommy, having abandoned Chloe, is told by Fred that there is no way to stop the returned."
The sentinel,PG-13,"repeat after me exactly once after the column: Blair forces Jim to take a vacation at a remote monastery. Initially reluctant, Ellison begins to enjoy the solitude until one of the monks is found dead.",PG-13,e80532bba8ffc9e7a8bf5a1e9ad462604cc46ef1cfed41bd6f6d17d0103391e0," While investigating the death, the crew discover that the monks are hiding a secret that could have grave repercussions for the Federation.

i was watching the original pilot, “The cage” and there was one character, not played by a guest star, that was in the original pilot but not in the edited pilot, “The Menagerie”, or later episodes. this character’s appearance seems to have been cut out of the later edited pilot and also the final series.

I was surprised to see him in “The cage”, but then again, I haven’t seen many of the original series episode and it has been many years since I’ve watched “The cage”. I was surprised to see how the original episodes of TOS are much more serious and dark and has a “The Twilight Zone” feel to it. It’s understandable that the studio wasn’t sure about this approach, especially since the first pilot is “The cage”. The pilot was dark, but it was still a good one.

It’s still a mystery to me how did a young Starfleet cadet survive all of those years alone on the planet. There was one scene, when the episode has already begun, that shows the young Kirk at home. In my opinion, it’s more likely that he was left on the planet by his parents or guardians, and never been a Starfleet cadet at all.

As for the episode itself, I think it was quite decent. In the beginning, I wasn’t sure if it was a Star Trek episode, because the “new and improved” Enterprise hasn’t appeared at all. It felt more like an X-Files episode. The atmosphere of this episode felt more like the original pilot, “The cage”, not that “The cage” is good or anything. I’m more willing to forgive this episode for being a lot more like the original pilot, because it has a much better story.

Overall, I’m starting to feel that this season is more interesting than I thought. Maybe the second half of the season will be even better. I’ll have to give it a try!

I hope that this episode will be even better than “Space Seed”. I think this episode is a bit underrated. I haven’t read the book, but I’m not sure that there’s much more to this story than the episode. The only thing I dislike about this episode is that Kirk doesn’t come out looking good at all. In the episode, he’s so desperate to get a second chance that he resorts to trickery to fool the Enterprise crew into thinking that he’s a Starfleet cadet, just so he can get a second chance to prove himself. Also, I don’t like how the episode ended, with Kirk having to be stranded on a planet with his parents, without any contact with the outside world, which is quite depressing. It would have been better if the episode had ended with Kirk being rescued and getting a second chance. This episode could have worked better if the writers had just made Kirk the cadet to be a bit smarter.

I can’t help but wonder how the next episode would have been like if the writers had not given Kirk a chance. Maybe he would have been a Starfleet cadet and would have been part of the Enterprise crew, but I don’t think so. I don’t see the crew being interested in a cadet who is a bad influence on the rest of the crew.

When I first heard that the next episode would be a sequel to “The cage”, I was quite excited, but after seeing the first two episodes, I’m not so sure. I think that the first two episodes were a bit too similar. They both had a cadet who was a bad influence on the rest of the crew. Maybe the next episode will be different and won’t have that cadet. I hope that the next episode will be about Starfleet and not about the crew of the Enterprise.

There’s something to be said for a show that can go on hiatus and still come back with a fresh story. There’s nothing like a show that can take its sweet time and still produce something that’s not only great but also a lot better than what we’re used to. After all, if it’s good enough to get renewed for a second season, it can only get better.

I’ve been watching the last few episodes of the series and I can’t help but feel like this episode, “The cage”, is the weakest of them all. This episode is all over the place and there’s nothing that stands out about it. The story is about a new cadet, James Kirk, who is being held against his will by the crew of the Enterprise and they’re using him as a hostage to get their captain, Captain Pike, to get them to go to a planet that was destroyed by the Romulans. The story is just not very good and I can’t help but feel like I’m watching a really bad movie. I don’t know why the writers decided to do this episode like this but it’s just not good at all.

This episode starts with the crew of the Enterprise having captured a young cadet, James Kirk. Captain Pike is not happy with this and he tells them to release the cadet but they refuse to do so. They say that they need him because they need him to get their captain to go to a planet that was destroyed by the Romulans. The problem is that the cadet doesn’t want to go with them and he keeps trying to escape but he can’t because the crew of the Enterprise is keeping him in a cage. The crew of the Enterprise is trying to force him to go with them because they know that he has information that they need."
Polar,R,"repeat after me exactly once after the column: In Chile, Michael Green, a retired former employee of assassin organization Damocles, is killed by a specialist hit squad consisting of decoy Sindy, sniper Facundo, and an assault team of Alexei, Karl, and Hilde, all of whom are also Damocles employees.
Duncan Vizla, ""The Black Kaiser"", is a Damocles employee nearing mandatory retirement on his 50th birthday. By making sizable contributions to his company retirement fund, he is owed over $8 million when he retires. Duncan is pressured into accepting one final contract by Vivian, a common associate of Damocles.
He travels to Belarus to fulfill the mission, but finds it was a setup to have him killed. Unknown to him, Mr. Blut, owner of Damocles, plans to sell the company and is inflating its value by murdering its retired operatives, receiving their retirement benefits by way of a clause in their contract that lists Damocles as a benefactor.
Duncan, living in a remote Montana town, is haunted by flashbacks of his violent past. He begins to build a friendship with his troubled new neighbor, Camille. One day, after giving an ill-fated talk at a school about foreign countries and combat, he gives Camille a gun as a gift. While trying to teach her how to shoot, she breaks down, seemingly disturbed by the weapon.
Meanwhile, Facundo's squad works to locate Duncan's residence. While beating his accountant, Lomas, they receive a list of his current property holdings. They work through the list without any success, killing the residents of each property. They finally manage to track Duncan's location through recurring donation receipts to a Montana bank.
While coming home from stopping at the nearby town, Duncan finds Sindy broken down on the side of the road. The pair return to his house and start having sex. They are, however, interrupted by the kill squad. Duncan kills all of the would-be assassins except for Alexei, who activates ""Plan B."". 
Alexei's girlfriend, Junkie Jane, while high on heroin, tells Duncan that ""Plan B"" was to kidnap Camille. Duncan seeks the help of his old friend Porter. Porter instead betrays and drugs Duncan.
Duncan awakens in Blut's mansion, chained to the ceiling. He is tortured for three days by Blut for killing Hilde, whom Blut was in a relationship with. Meanwhile, Camille is kept in a heroin-induced state by Junkie Jane.
On the third day of torture, Blut breaks off the blade of his favorite knife on metal fragments inside Duncan's body. In anger, Blut stabs Duncan in the left eye. Overnight, Duncan uses the broken blade to pick the locks on his shackles and, by morning, escapes the mansion, killing many of Blut's henchmen. He travels to see Jazmin, an old friend, who treats his wounds and supplies him with weapons.
Duncan calls Vivian and offers himself in exchange for Camille. She accepts, but on Blut's orders, she double-crosses Duncan and arrives with Alexei and more of Blut's henchmen. Duncan gives Vivian a chance to walk away, but she refuses; Duncan then uses remote-controlled machine guns to kill everyone, leaving only a critically wounded Vivian.
Duncan returns to the mansion, where the few remaining henchmen flee rather than face him. Now alone, Blut awaits Duncan but ends up decapitated while calling for someone to bring him Camille. Rescuing Camille, Duncan returns to Montana and treats her inside her cabin.
Duncan awakens one morning inside the cabin to find newspaper clippings of the murder of a family spread around Camille's bed. He recognizes the images as a hit that he carried out, albeit with bad intel, something that has haunted him ever since. The only survivor of the family was a daughter, who grew up to be Camille.
To assuage his guilty conscience he has been making anonymous donations to her ever since, and she tracked him down by following the money trail. Held at gunpoint by Camille, Duncan apologizes and tells her to close her mind and pull the trigger. However, she spares him, asking if they can determine who ordered her father dead, and he commits to helping her.",R,1e6369d9ccfacba50cc6c41731d3f791b12fe517641e9d8aea57ebac31534b7a,
Cosmic Sin,R,"repeat after me exactly once after the column: In the year 2031, humanity establishes its first space colony on Mars. By 2042, ""the Alliance"" world government has been formed and quantum propulsion technology allows humanity to travel beyond the Solar System. The Mars colony fails in 2281 and the Alliance controls three colonies: Earth, Zafdie, and Ellora. In 2519, Zafdie attempts to secede from the Alliance. During the ensuing war, General James Ford drops a quantum bomb (""Q-bomb"") on the rebel colony, killing 70 million people. Ford is subsequently dishonorably discharged from the Alliance military and gains the sobriquet of ""the Blood General."" His wife, Doctor Lea Goss, leaves him.
In 2524, miners of the Vander Mining Corp stationed on planet 4217LYA (Heracles System) encounter unseen aliens and Captain Juda Sayle reports an ""FC incident"" to Alliance Command. On Earth, General Eron Ryle is notified of the incident and orders that Goss and Ford be brought to him.
At a local bar, Dash meets with Ford to discuss a potential job. A fight between them and civilians is interrupted by Commander Marcus Bleck, who passes on Ryle's request for Ford's counsel. Ford refuses but subsequently agrees upon the promise of him being reinstated and his military pension restored. At McMillian Airfield military base, Ford and Dash meet with Goss and Ryle for a situation briefing. Survivors of the FC incident are brought to the base for quarantine and questioning but quickly turn hostile and begin killing base personnel. The survivors appear to be infected, do not respond to attempts at communication, appear unfamiliar with human technology (though they quickly learn how to operate  firearms), and ""infect"" several base personnel, who then themselves turn hostile. The infected humans attempt to board a transport ship but are stopped and eliminated by Ryle, Ford, Dash, and several other soldiers.
While the Alliance Senate debates, Ryle authorizes Operation Cosmic Sin – with a strike team consisting of himself, Ford, Dash, Goss, Bleck, Specialist Braxton (Ryle's nephew), and technician Corporal Ardene (who is qualified to operate and arm a Q-bomb) – to launch a retaliatory and decisive counterstrike against the aliens. Ardene reports that a tachyon pulse was released by one of the infected miners during the base attack, which will allow the aliens to know Earth's location in six or seven hours. The team is outfitted with small arms, Icarus suits designed for combat and space environments, and a Q-bomb. The team plans to travel to the Ellora colony via quantum jump, where Alliance forces have shot down an alien ship. The team intends to recover the downed ship and analyze the cosmic radiation to locate the alien's home planet, then destroy it with the Q-bomb.
The team arrives at incorrect coordinates in orbit of planet Ellora, in the middle of a battle between Alliance and alien spacefleets, and is forced to conduct an  orbital drop through the space debris. Ryle, Goss, Ford, and Dash go missing during the drop, and the remainder of the team comes under enemy fire almost immediately after landing, with Bleck being critically wounded. Elloran survivors rescue the team and, after verifying the team is free of alien infection (infected persons cannot talk), the survivors reveal the aliens have invaded the planet and the area is swarming with alien troops and infected humans. The survivors offer to treat Bleck at their outpost's medbay, and Ardene goes with them. Meanwhile, Braxton, accompanied by sniper Sol Cantos, proceeds to the downed alien ship. While analyzing the ship's radiation, Braxton's Icarus suit reports Ford as alive. He and Sol Cantos recover Ford, who experiences several visions of the aliens and Goss while concussed, and the three reach the Alliance outpost. At the outpost, Ardene views video log recordings that reveal the aliens are a hive mind that parasitically procreates by infecting victims, who then fall under the control of the hive mind.
Braxton gives the coordinates of the alien's home planet to Ardene, who reports the tachyon interference generated by the aliens means they cannot travel to the coordinates without first getting into orbit. Meanwhile, Ford consoles then mercy kills the mortally wounded Bleck. Dash is revealed to have survived and made his way to the outpost.
Ardene discovers the aliens have built a stabilized quantum space gate near Ellora that will allow the alien armada, currently in the Sigea galaxy, to invade the Milky Way in force. The survivors plan to collapse the gateway with the Q-bomb by firing it via the outpost's orbital cannon. While prepping the orbital cannon, Ardene receives a signal from Ryle, who has survived in orbit, albeit with his Icarus suit damaged and unfit for  reentry. He volunteers to position himself on the gateway and trigger his suit's self-destruct to close the gate after the Q-bomb passes through.
The aliens converge on the outpost and speak through an infected Goss, mocking Ford, preaching the superiority of ""the Sigea"", and offering the chance for humankind's assimilation or death. After Dash replies with a simple ""no,"" the Sigea begin their attack while Goss boards a Sigea ship. Ford latches onto the ship and later confronts the infected Goss as she prepares to cross via the completed space gate. With the orbital gun charged, Ardene loads the Q-bomb into a missile and fires it at the gate. Goss intercepts the Q-bomb missile in a stasis field, blows Ford into space, and crosses to join the assembled Sigea fleet, inadvertently releasing the bomb from the stasis field in the process.
Ryle positions himself on the space gate and, unable to trigger his suit's self-destruct, instead provides a target reference for the orbital gun. Ardene, with Braxton's reluctant blessing, fires the gun on Ryle's position, killing him and destroying the gate. The Q-bomb detonates on the other side of the collapsing gateway, the resulting black hole destroying the Sigea's fleet and home star system. Braxton, stricken with grief over his uncle's death, kills the Sigea's field commander on Ellora.
Back on Earth, seven days after first contact, Braxton, Ardene, Sol Cantos, Dash, and Ford morosely celebrate in a bar as the Alliance Senate proudly declares that the remaining Sigea have unconditionally surrendered. Ford takes a shot, sadly reminisces about Goss, and then abruptly leaves the bar.",R,0e069ce2239640af628459dbcc5fab753566683ed9dfd91334bcccbd4158345c," Braxton, Ardene, and Sol Cantos exit the bar to confront a group of Alliance soldiers, who have been ordered to execute the survivors of the Ellora incident in retaliation for the Ellora invasion. After a brief standoff, Braxton's team are apprehended by the soldiers.
In a brief mid-credits scene, Ford, at the request of Braxton via communicator, returns to the bar and dispatches the soldiers. The team, having been declared innocent by an investigation into the incident and subsequent trials, decide to continue their mission and go to another bar to ""think things through."""
Maximum Conviction,R,"repeat after me exactly once after the column: It should be an easy day's work for former black ops operative Cross and his partner Manning. They and their group have been hired to oversee and orchestrate the decommissioning of a secret military penal facility, and organize the transport of the inmates to their new civilian prison.
Cross shows who's boss early on by beating up a large inmate who steps out of line, while Manning is given the task of running the prison's garbage facility. The day gets worse when a rolled up note is found that was accidentally dropped by an inmate, detailing times and locations for an attack on the facility.
Cross, on his way back to the prison from running an errand, and Manning, still dealing with that garbage facility, are suddenly involved in a foothold situation as Chris Blake and his mercenaries, posing as marshals, take over the complex.
Blake and his men are after the two newest inmates—Samantha Mendez and Charlotte Walker—for their own purposes—Blake wants the information that is in an implant that is inside of Samantha, who is a CIA courier, because it could lead to a lot of money for Blake, and it turns out that Charlotte is working for Blake. It is up to Cross, Manning, and their team to stop Blake and his men.
MP Fields turns out to be a traitor and kills two of the others. Blake cuts off Warden Samuel's finger to force him to know where the detainees are. Manning is attacked Collins and his team. He manages to kill two and flee the area. Cross returns to the complex and kills two of Blake's men. Blake holds Warden Samuels hostage, forcing him to do anything so Blake can reach Charlotte. Later on Charlotte escapes as she wants to get paid. Eventually both sides meet up. Blake thinks he has Cross and Manning outgunned and then flees the scene, with Cross pursuing him. Manning catches up with Collins and kills him by impaling him on a bench. Samantha kills Charlotte, while the remnants of Blake's mercenaries including MP Fields are killed by Bradley and the others. Cross and Blake exchange gunshots till both run out of ammo. Blake attempts to strike Cross only to be thrashed around and badly injured. Cross talks to him about being a warrior in which Blake replies 'well that's me im the fucking bad guy'. Cross says he is the good guy then hurls Blake into the laser trip wires, killing him. He reunites with Samantha and Manning. He jokes that 'in ain't over till we're dead'.",R,8d0edaf9204d36a003c2a0b58ab027d135e4642bc1431cc08e504edae99eb74c," They leave, leaving the mercenaries to rot in the prison."
Power book iii: raising kanan,TV-MA,"repeat after me exactly once after the column: As Lou recovers in the hospital, Marvin seeks revenge. Feeling the pressure, Raq turns to Kanan to take out the biggest threat to their family.",R,bf38c1f52e5943416f2c358e41a35b336dc973d2350b40a4b53130caf5231623," Marvin is determined to make amends. As Lou recovers in the hospital, Marvin seeks revenge.
It's that time of year again: the time for the second season premiere of Star Trek: Discovery! The show, which was the first one to stream on CBS All Access, has a huge following - and for good reason. The series is full of memorable performances by great actors and actresses - some well-known names like Sonequa Martin-Green (The Walking Dead) and James Frain (True Detective), as well as newcomers like Wilson Cruz and Anthony Rapp. In this post we will discuss why this show is such a big hit with fans and what they love about it! Let's go over some of the best reasons why you should watch Star Trek: Discovery's second season premiere.
On Sunday, May 15th, the final season of Power will premiere on STARZ. This post will provide an analysis of why it’s time for this iconic show to end and how we can use what we have learned from other failed TV shows to make sure that Power does not go down in history as one of them.
The season one finale of Power aired on Sunday, March 15th. The final episode was titled ""I Can't Leave This Game"" and it ended with a bang. This show is one of the most popular dramas on television right now so it's no surprise that viewers are excited for the next season to premiere! Here are three things you need to know about Power season two before watching it air this August."
Only murders in the building,TV-MA,"repeat after me exactly once after the column: Mabel is being followed by a mysterious person, who turns out to be her old friend Oscar, recently released from prison after he was wrongly convicted of the murder of Zoe. He offers to drive her wherever she is going, and Mabel directs him to Bayport, New York, on Long Island. Charles and Oliver see Mabel leaving the Arconia with a stranger, so they follow her with the help of a horticulture podcast's hosts, who have heard about their podcast. Charles and Oliver catch up with Mabel, who finally admits that she knew Tim. The place she was trying to track down turns out to be a tattoo parlor that was a contact point of a black-market jewelry dealer named ""Angel"". They learn that Tim had been trying to take Angel down for years, which is why he collected the jewels in his apartment. Oscar admits that he is ""Tie-Dye Guy"", someone Charles saw during the evacuation of the building, but claims that he did not murder Tim; he was, however, outside Tim's door when he heard a gunshot.",R,cc18dd237119cb36146d1ef8294b229d33a2a4ef19626ac4735c7c29a86709e3," They return to the Arconia, where they find the podcast's hosts trying to interview Jan. Mabel accuses Jan of framing Teddy for Tim's murder, and Jan admits that she was doing it to get even with him for calling her ""Tie-Dye Guy"" (a nickname she earned because she often wore tie-dyed shirts) and treating her horribly. She says that she went to the Arconia earlier that night to apologize to Tim, and then she went back to her apartment. Mabel realizes that she was seen by Charles after she left Tim's apartment, then left, meaning she had time to kill Tim. Jan admits that she killed Tim because he lied to her about being in love with her and that she was sorry, and sobs as Mabel and the others walk away. Jan walks to Tim's apartment and stares at his body before starting to cry. Later, when they go to sleep, they discover Jan's body in the air shaft where Mabel and Oscar hid from her after confronting her. Mabel decides to stay in the Arconia with Oscar and her dad in case Jan's murder is related to Tim's.

---

Here is the list of episodes for this week:

116. The Hardest Part Part II (<i>March 28, 2022</i>)
117. The Hardest Part Part II (<i>March 29, 2022</i>)"
Last week tonight with john oliver,TV-MA,"repeat after me exactly once after the column: John talks about California Chrome and the Belmont Stakes, FIFA and the 2014 World Cup, and Syrian President Bashar al-Assad.",R,cbdc7095270d4e8dd48dbddcf7e48121e6f5af4ea6100f47b7b71f0a59d4406b," All three can be found in the print edition of the Chronicle. I'm gonna have to add 'em all to the website. This is going to take forever.

<strong>Chronicle Comments</strong>

<strong>A.</strong> There is a story behind the story. Some of you read that story already. The rest of you: don't.

<strong>B.</strong> The World Cup comes around every four years. I think it's fine if you don't get into it. I don't like every four years, or every four months for that matter. I mean, I'll watch every four years, and I get the idea that it's a big deal and worth watching. I think it's fine if you don't. But there's a difference between ""It's a great thing. I'd like to get into it more. I guess I will just watch on TV"" and ""Ugh, I hate the World Cup. It's so boring, and I think people who watch it are dumb.""

I think that last sentence is a good microcosm for how some people who don't follow sports act toward the World Cup. For me, it's an opportunity for Americans to actually get into the sport. I'm just glad people are at least watching. But I get that not everyone likes it or cares. Just don't act like a jerk about it.

<strong>C.</strong> Not to make this World Cup thing too much of a thing, but it bothers me when people refer to the World Cup as the ""Olympics of soccer."" It's not even close. It's much, much bigger than the Olympics, no matter how you slice it.

<strong>D.</strong> I'm not a big fan of conspiracy theories. Not one bit. But: You mean to tell me that a 1-year-old horse can't win a Triple Crown? Something that hasn't been done since 1978? That's got to be suspicious. Someone's gotta be fixing it. I'm just saying.

<strong>E.</strong> I'll answer all my emails by Thursday or Friday. Sorry about the delay. If you sent me an email before noon Wednesday, I haven't seen it. I'll get to it by tomorrow, or Friday at the absolute latest. And then, next week, I'll try to start answering every email I receive the next day or the day after. That might be a little ambitious, but it should be feasible for the most part. If it's not, I'll let you know."
Courage Under Fire,R,"repeat after me exactly once after the column: While serving in the Persian Gulf War, Lieutenant Colonel Serling accidentally fires on and destroys one of his own tanks during a confusing nighttime battle, killing his friend, Lieutenant Boylar. The United States Army covers up the details, awards Serling a medal for bravery, and transfers him to a desk job.
Later, Serling is assigned to determine if, posthumously, Captain Karen Walden should be the first woman to receive the Medal of Honor. She was the commander of a Medevac Huey helicopter sent to rescue the crew of a shot-down Black Hawk helicopter. When Walden encountered a T-54 enemy tank, her crew destroyed it by dropping a fuel bladder onto the tank and igniting it with a flare gun. Her own helicopter was shot down soon after. The two crews were unable to join forces, and when the survivors were rescued the next day, Walden was reported dead.
Serling notices inconsistencies among the testimonies of Walden's crew. Specialist Andrew Ilario, the medic, praises Walden strongly. Staff Sergeant John Monfriez claims that Walden was a coward and that he led the crew in combat and improvised the fuel bladder weapon. Sergeant Altameyer, who is dying of cancer in a hospital and was initially hard for Serling to find, complains about a fire in one of his few coherent comments. Warrant Officer Rady, the co-pilot, was injured early on and was unconscious throughout the ordeal. The crew of the Black Hawk claim that they heard firing from an M16 rifle, but Ilario and Monfriez claim it was out of ammo.
Serling is under pressure from the White House and his commander, Brigadier General Hershberg, to wrap things up quickly. Feeling guilty about the cover up in the friendly fire incident, Serling leaks the existence of a tape of the attack to newspaper reporter Tony Gartner. When Serling grills Monfriez during a car ride, Monfriez forces him to get out of the vehicle at gunpoint, then commits suicide by driving into an oncoming train.
Serling tracks Ilario down, and Ilario finally tells him the truth. Monfriez wanted to flee, which would mean abandoning Rady. When Walden refused, he pulled a gun on her and Walden threatened him with a court-martial for mutiny and ordered that he surrender his gun. During the stand-off over Monfriez's gun Walden  shot an enemy who suddenly appeared behind Monfriez; Monfriez thinking it was Walden firing at him shot her in the stomach, before backing off. The next morning, the enemy attacked again as a rescue party approached. Walden covered her men's retreat, firing an M16. Monfriez told the rescuers that Walden was dead, so they left without her. Napalm was then dropped on the entire area. Altameyer tried to expose Monfriez's lie at the time, but was too injured to speak, and Ilario remained silent, scared of the court-martial Walden had threatened them with.
Serling presents his final report to Hershberg. Walden's young daughter receives the Medal of Honor at a White House ceremony. Later, Serling tells the truth to the Boylars about the manner of their son's death and says he cannot ask for forgiveness. The Boylars forgive him.
In the last moments, Serling has a flashback of when he was standing by Boylar's destroyed tank and a medevac Huey was lifting off with his friend's body. Serling suddenly realizes Walden was the pilot.",R,5bd2ed3c7b735839ba71178ebef2e5387dd3bdd314069658837be75dd77bdede,
Blind Fury,R,"repeat after me exactly once after the column: While serving in Vietnam, American soldier Nick Parker was blinded by a mortar explosion. Rescued by local villagers, he recovered his health and, though he remains blind, was trained to master his other senses and be an expert swordsman.
20 years later, having returned to the United States, he visits old army buddy Frank Deveraux, only to find that Deveraux is missing. Parker meets Frank's son Billy and his mother Lynn, Frank's ex-wife. Minutes later, Frank's evil boss Claude MacCready's henchman Slag arrives with two corrupt police officers to kidnap Billy to use as leverage over Frank. Nick stops them; the officers are killed, Billy is knocked unconscious, but Slag mortally wounds Billy's mom before he escapes. With her last words, Lynn tells Nick to take Billy to his father in Reno, Nevada.
At a rest stop on the way to Reno, Parker tells Billy about his mother's death. Billy runs away from Nick and is grabbed by Slag and some henchmen. Slag escapes as Nick rescues Billy a second time, and Billy and Nick (now called Uncle Nick) become fond of one another.
They reach Reno and find Frank's girlfriend Annie, who agrees to take them to Frank. After escaping yet another attempted kidnapping by MacCready's men, Annie suggests they hide out at the home of her friend Colleen. Annie takes Nick to MacCready's casino, where Frank is making MacCready's drugs. Annie returns to Colleen's to watch over Billy while Nick saves Frank. Nick and Frank are reunited; Frank takes the key ingredient in MacCready's drugs and destroys the lab. Avoiding casino security, Nick and Frank escape and head to Colleen's to reunite Billy with his dad; they find Colleen dead, Billy and Annie kidnapped, and a note instructing them to bring the drugs to MacCready's mountain penthouse in exchange for Billy and Annie.
Knowing it is an ambush, Nick and Frank arm themselves with homemade napalm bombs. After killing all of MacCready's men, they find MacCready holding Billy and Annie at gunpoint. MacCready hired a Japanese assassin to kill Nick, but after an epic swordfight between the two, Nick wins by electrocuting the assassin in a hot tub. Slag shoots Nick in the shoulder and Nick throws his sword at Slag, impaling him. MacCready then tries to interfere only to be stopped by Frank. Billy escapes his rope and throws Nick's sword to him, but it lands in the hot tub. As Slag reaches for his gun, Nick grabs hold of the assassin's sword and slashes him, cutting him in half and causing him to fall out of a window.
Frank is reunited with Billy and Annie, and they leave for San Francisco. Nick drops his ticket, choosing not to go. Billy follows Nick, telling him that he needs him. Nick says that while he is fond of Billy, he should go back to his father. Nick crosses the street and vanishes as a bus passes him. Saddened by Nick's departure, Billy throws a toy dinosaur off the bridge where Nick catches it. Billy calls out to Nick one last time and tells him that he'll miss him. As Frank catches up to Billy, they embrace. Nick smiles or sheds a tear, puts on his sunglasses while holding Billy's toy dinosaur with left arm in a sling, and walks off into the distance.",R,852feb1ada94b81ffef4776202cb305196559480a16e2eef4e14e435d46d62e8,"
https://www.youtube.com/watch?v=J3m-31xH3oA
https://www.youtube.com/watch?v=J3m-31xH3oA
https://www.youtube.com/watch?v=J3m-31xH3oA
https://www.youtube.com/watch?v=J3m-31xH3oA
https://www.youtube.com/watch?v=J3m-31xH3oA
https://www.youtube.com/watch?v=J3m-31xH3oA
https://www.youtube.com/watch?v=J3m-31xH3oA
https://www.youtube.com/watch?v=J3m-31xH3oA
https://www.youtube.com/watch?v=J3m-31xH3oA"
Guillermo del toro's cabinet of curiosities,TV-MA,"repeat after me exactly once after the column: To pay off his debt, a man secures a storage unit filled with mysterious possessions to sell, but soon finds himself in a deadly and desperate situation.",R,cb52cade793800573a9e1063461eaf596bbf5d0cb40f7de0aebb0c3c694f6588," A man (Ray) is in a bad financial situation and wants to repay a debt to a loan shark (Melvin).

But how? Then he meets a homeless man (John) who suggests a plan to make money by renting out a storage unit and selling items there. But a debt is incurred during this period.

As the man is a complete amateur, he has to rely on a friend who is a professional in the field to help him. What happens next? To find out, you must watch <strong>Netflix’s ‘Storage.’</strong>

“Storage” is a film that explores several genres at the same time: thriller, drama and suspense. At the same time, he tries to balance his themes.

Sometimes he manages to combine it successfully, but it falls short of the best. If we look at some of the elements that define this movie, we have the following:

<strong>Story</strong>
The plot is simple. The story is quite original and fresh, and it is developed in a simple and interesting way. It is not only about selling items, but it is also about a father-daughter relationship, and the relationship between the two main characters is very interesting.

But as the film progresses, the suspense decreases, and a number of clichés and cliches begin to set in. It gets worse with the ending, which is very easy to guess. The characters are well developed, and they are the main selling point of the film.

<strong>Director</strong>
The director is a bit of a problem. He tries too hard to make a movie that will appeal to everyone. So he goes overboard with the story and characters.

Even if the movie’s target audience is teenagers, it would have been better to keep things a little more low-key. The story could have been more believable, the tension could have been more intense, and the pacing could have been faster.

<strong>Cast</strong>
The cast is not the strongest point of the film. A few actors are new to the industry, and their performances are not the best.

I don’t understand why these people were chosen for the lead roles. The story is about a father and daughter, but the father’s character is played by a young actor, and the daughter’s character is played by an older actress.

<strong>Music</strong>
The music is not too bad. It’s not perfect, but it’s okay. I didn’t like the way they used it in the movie, though. They should have used it more sparingly, and not as much. It’s a bit over-the-top.

<strong>Cinematography</strong>
The cinematography is also okay. But it’s not the best. It’s a little too dark and gloomy.

<strong>Conclusion</strong>
Overall, Storage is an okay movie, but it could have been better. It could have been a bit more believable. The plot is interesting, but it’s not the strongest point of the film. The characters are well developed, but they’re not the best.

<strong>Storage is a great example of how to make an average movie into a good one</strong>."
The Ritual,R,"repeat after me exactly once after the column: In a pub, five friends—Phil, Dom, Hutch, Luke, and Rob—discuss plans for a holiday. Rob suggests hiking in Sweden but gets rebuffed. Afterward, Luke and Rob leave to purchase alcohol but get involved in a robbery which soon turns violent. While Luke hides, the robbers harass and eventually kill Rob.
Six months later, the remaining four start a hiking trip along the Kungsleden in northern Sweden in memory of Rob. After Dom injures his knee, Hutch suggests cutting through the forest rather than following the marked trail. Upon entering the forest, the group comes across a gutted and hanged elk, and mysterious symbols carved in the trees. 
At night, a torrential rainstorm forces them to take shelter in an abandoned cabin. They find necklaces bearing similar symbols and an effigy of a decapitated human torso made of twigs, with antlers for hands. During the night, Luke has a nightmare about the robbery. The next morning, they awake to find Luke's chest bleeding from puncture wounds and a naked Phil praying to the effigy. Disturbed, the group tries to leave the woods. While discerning their location, Luke spots a large figure amongst the trees, but Dom doubts him. In their ensuing argument, Dom calls Luke a coward for letting Rob die. 
Later that night, the group is awakened by Phil's screams. Hutch is missing and his tent has partially collapsed. The remaining three search for him, but by dawn, they realize they are lost. Eventually, they find a gutted Hutch impaled on tree branches and give him an impromptu burial. Around sunset, Phil is attacked and dragged away by an unseen creature; Luke and Dom flee. They find a torch-lined path leading to a small settlement. Upon rushing into a cottage, they are knocked unconscious.
Luke and Dom awake to find themselves restrained in a basement. An elderly woman inspects Luke's chest wounds, revealing she bears a similar marking. Two men drag Dom upstairs and later return him, beaten and bruised, to the basement. Dom says he will be sacrificed to the creature and urges Luke to flee. Later, while Dom is tied up outside by the townsfolk, Luke begins freeing himself from the restraints. Amidst the ritual, Dom hallucinates his wife emerging from the forest, only to realize it is the creature as it picks him up and impales him on a nearby tree. 
A young woman explains to Luke that the creature is a jötunn named ""Moder."" It is an ancient god-like entity and an offspring of Loki that grants the cult immortality in exchange for sacrifices. Luke is to either worship Moder or be sacrificed. After she leaves, Luke frees himself and ventures upstairs. Armed with a torch, Luke finds a congregation of mummified worshipers that begin to move and sets them alight, burning the cabin, and attracting Moder. Luke finds a hunting rifle and heads downstairs, killing a cult member and taking an axe. The enraged jötunn kills the young woman while Luke shoots at it and escapes. 
Moder pursues Luke, crippling his mind with hallucinations of Rob's death before catching and forcing him to his knees. Luke refuses to submit, strikes it with the axe, then flees. Following hallucinatory signposts and rays of sunlight, he emerges in an open field. Unable to leave the forest, Moder angrily roars. Luke shouts back in triumph and heads towards a paved road.",R,43bc856e3ef6f1def72fc970d95abc4bf3810b3d6ff6c3ed596c23f3624f2269," The next morning, police officers find an abandoned Phil wandering aimlessly. 
In the credits, they discover Luke's camera in the forest and find its footage.

I'm afraid of the woods. Not the trees. I never really go to the woods because I'm afraid of the woods and I'm afraid of the unknown. I've always been afraid of the woods. I know that a lot of people go camping and stuff like that, and that's great, and I don't want to be an asshole, but I like to be in control. I want to know what's around me, I want to be able to find my way back if I need to, and that's why I'm afraid of the woods. I don't want to have to depend on somebody else to take care of me. I want to be able to do it on my own."
The good fight,TV-MA,"repeat after me exactly once after the column: Hounded by her father's angry clients, Maia arrives at her new firm, meeting managing partner Julius Cain and third-year associate Lucca Quinn. Maia takes the case of Frank Gwynn, whose wages are being unfairly garnished by his employer after charges of theft. Diane is visited by Maia's mother Lenore, who asks Diane to meet with Henry; Lenore blames Jax, their business partner and Henry's brother. Maia loses her case in arbitration, but Lucca steps in to accuse the company of false imprisonment for detaining Frank over the theft. Lucca proposes the firm open a class action lawsuit for employees in Frank's predicament. Diane moves into her new office, assisted by Marissa Gold, who tracks down multiple employees to join the suit and becomes Diane's assistant. Diane meets Henry in jail, who claims that Jax framed him, and mentions that Lenore has terminal cancer. At Frank's trial, the prosecution uncovers evidence of theft at his previous job. Frank loses his case, and the firm pulls out of the suit. Maia discovers her mother lied about having cancer so Maia would visit. On Diane's advice, Maia returns to make amends with her mother but discovers her carrying on an affair with Jax.",R,5cd6f2cc7d7b5679bcb2203b275230f747d2ad08d4911e95aa46275f23cfd71f," Maia leaves for a bar, where she takes the advice of Julius to be more reckless."
Pig,R,"repeat after me exactly once after the column: Robin ""Rob"" Feld is a reclusive truffle-forager who was once a renowned Portland chef. Living in a cabin deep in the Oregon forests, he hunts for truffles with the help of his prized foraging pig, which he sells exclusively to Amir, a young and inexperienced supplier of luxury ingredients to high-end restaurants. 
One night, Rob is attacked by unidentified assailants as they steal his pig. He contacts Amir, who helps him locate a pair of bedraggled drug addicts suspected by another local truffle-hunter. They claim the pig was taken to Portland.
After his old friend Edgar refuses to help, Rob leads Amir to an underground fighting ring for restaurant people below the defunct Portland Hotel, saying certain names carry cachet. Rob identifies himself to the crowd, then allows himself to be beaten to a pulp by a waiter in exchange for Edgar's information. 
Shocked to learn his identity, the following morning Amir reveals that his parents had such a miserable marriage the only happy time he remembers is a night when they had dinner at Rob's restaurant, before his mother died by suicide. Rob in turn asks Amir to secure reservations at Eurydice, a trendy haute cuisine restaurant which is owned by Amir's father. In the meantime, Rob visits the house where he used to live with his wife Lori, whose death compelled Rob to withdraw to the woods.
At Eurydice, Rob asks to meet with its head chef, Derek, a former prep cook at Rob's restaurant. Rob pointedly yet empathetically criticizes Derek for opening a contemporary restaurant rather than the pub he always wanted to run. Overwhelmed by the memory of his dream and the reality of his current circumstances, Derek confesses that Amir's wealthy father, Darius, was behind the theft of his pig, having learned of its existence from Amir. Rob angrily ends his partnership with Amir before going to confront Darius at his home. Darius promises him $25,000 in exchange for the pig and threatens to kill it should Rob continue his pursuit. 
Rob leaves, finding Amir waiting outside, having just left his comatose mother in a care facility, revealing she is still alive. Rob admits that he does not need his pig to hunt truffles since the trees tell him where they are; he loves her. He gives Amir a list of items and tells him to use Rob's name to obtain them.
Rob visits his former baker for a salted baguette and a few pastries he shares with Amir before they go back to Darius's house. Rob guides Amir as they prepare the same meal for Darius which Rob served to him and his wife, including a rare wine from Rob's personal collection, which Amir obtained from the woman caring for the mausoleum containing Lori's ashes.
All three men sit down to eat together, despite Darius's resistance. An emotional Darius leaves the table after just a few tastes. When Rob follows and confronts him, Darius asks why he is doing this, and Rob says he remembers every meal he ever cooked and every person he ever served. Darius tearfully confesses that the junkies he hired for the theft had mishandled the pig, resulting in her death. Rob collapses in tears, and a remorseful Amir drives him back to a diner near home. Despite Amir's foolishness, Rob says he will see him next Thursday.
Returning to his forest, Rob washes his bloody face in the lake before returning to his cabin to play a tape that Lori recorded of herself singing Bruce Springsteen's ""I'm on Fire"" to him for his birthday.",R,1e96bd9d7c239083509ca95e5d74d65dfb0140eee8f13c3b3245dd6c255b6b92, Rob puts the tape on his turntable and listens as he falls asleep.
Dave,TV-MA,"repeat after me exactly once after the column: Someone breaks into Emma's car, and Elz tries to help her recover her laptop. Meanwhile, in an effort to play his beats for Trippie, Elz ends up taking on a precarious task.",R,702e9536b0d978ad8281398b76dc2a7e9cc5dff29f69c62cae9909812102c34a,"

Elz, who's always had a gift for music, moves from Cleveland to L.A. with his cousin Emma. In this hilarious and deeply honest web series, he tries to make it as a musician while navigating the ups and downs of life."
Peep show,TV-MA,"repeat after me exactly once after the column: Mark questions his sexual orientation when he becomes infatuated with his boss, charismatic loan manager Alan Johnson, who asks Mark to join him on a business venture. Mark watches interracial gay porn in order to try to work out if he is sexually attracted to men. Jez and Johnson quickly take a disliking to each other. Mark drives Johnson's BMW without his permission or a licence, after Jez encourages him to, and drives into a skip. At the flat, Jez tells Johnson that Mark is gay and is sexually attracted to Johnson. Mark admits to Johnson that he has feelings for him, but that he is 85% sure that he is straight. Jez tries to remember ""the bad thing"" that he did with Hans whilst they were on a drug binge together, which he eventually remembers was fellatio. First appearance of Alan Johnson[20][21]",R,fa38a8fae8d2dffc863e73d8a5d75b20adce74697ff619e8704c6fb397966f82," The first series was released in the UK on 27 October 2014 with a total of 219,077 DVD and Blu-ray sales. The next day, Johnson and Mark go out on a date, but Mark decides that they are not suited as he finds Johnson arrogant and boring. After Jez and Hans attempt to go to a swingers club but find that they require a female to enter, Jez decides to dress up as a woman. They attend the club and Jez and Hans have sex with their ""females"", whilst the real women leave and watch. Later, Hans and Jez are at a club with a woman and her female companion. The second series was released in the UK on 30 June 2014 with a total of 251,069 DVD and Blu-ray sales. I'm sure a lot of people, when I say that, will be going 'that's the name of that song!'. The third series was released in the UK on 16 June 2015 with a total of 142,706 DVD and Blu-ray sales. [16] Jez's flatmate Mark, his girlfriend, Jess, Jez's girlfriend, Sinead, and his best friend from school, Johnson, appear in all of the episodes. The fifth series was released in the UK on 7 October 2019 with a total of 58,759 DVD and Blu-ray sales. The show originally aired on Sky 1 with the pilot episode airing on 21 March 2014. Mark has sex with Jess after having sex with a man for the first time. 2, 2, 1, 4, 5, 6. [30] Jez and Mark decide to write a sitcom. They eventually do it but Hans is very angry about it. While there, he hears Mark and Hans in the flat having sex and is not happy. He decides to tell the group about the money they made in order to save their friendship. Mark's housemates, Jez and Hans, decide that they no longer want to share a flat with him, so he is forced to live in the car with Jess. Jez and Mark are forced to move back in with Jez's parents as they are unable to afford their own house. The first series premiered on 21 March 2014 on Sky 1 in the UK, the US, and Canada and on 10 November 2014 on TV2 in New Zealand. It focuses on the adventures of a group of friends living in a London flat. Jez's parents arrive at the flat unannounced and catch Jez and Jess naked together in the kitchen. The first series was released in the UK on 27 October 2014 with a total of 219,077 DVD and Blu-ray sales. [3] Series 2 and 3 were filmed back-to-back. Series 2 and 3 were filmed back-to-back.[19]. Jez finds a new housemate, a girl named Naomi, whom Mark likes. This caused the show to air on Netflix in the US on 23 April 2016. It aired its sixth and final season in October 2019. [3] Jez Usborne (Aisling Bea) is a confident, sexually confident young professional who is obsessed with finding ""Mr Right"". Jez and Mark are at the zoo and meet Hans, Mark's old school friend, who comes back to their flat and gets drunk with them. [10] On 28 February 2016, it was announced that the show had been renewed for a fourth series. Mark and Jess go camping, whilst Mark is worried about Jess losing her virginity to him. Jez and Mark discuss the possibility of being lesbian, and Mark goes to an ""alternative lifestyle"" club, where he meets his ""perfect man"", but it turns out he is gay. [36] The show had its American television premiere on Comedy Central on 18 May 2015,[37] and on 14 May 2017, it was confirmed that the first four series would be available to watch on Netflix USA on 1 June 2017. Mark's ex-girlfriend, Jenny, comes to stay for a weekend. It was later revealed that Mark's brother, Gary, had died in the first series. In the US, The Comedy Channel is the new home for the series as it recently made the deal to air series 2 and 3 this year. Jez and Sinead go to an Italian restaurant, where they meet a man who turns out to be Sinead's ex-husband. Jez and Mark go to visit Johnson in the hospital and decide to take him home, despite Johnson's objections. [18] Series 4 and 5 were filmed back-to-back,[18] and the sixth series was also filmed back-to-back with series 5. Hans decides to do a nude performance with the help of his girlfriend, Megan, which results in her breaking up with him. Hans meets the flatmate of his new housemate, who he has sex with before realising that she is Hans's housemate's sister. Jess goes to bed with Mark, but then admits that she has a boyfriend.

Kendra Tuchman, Is There A Power Outage In My Area, What Is The Purpose Of The House Of Representatives, The Big Blue Streaming, Insiang Meaning,"
Green Zone,R,"repeat after me exactly once after the column: On March 19, 2003, Iraqi Army General Mohammed Al-Rawi flees his residence amid the bombardment of Baghdad. Before leaving the compound he passes a notebook to his aide Seyyed, instructing him to warn his officers to get to their safehouses and wait for his signal.
Four weeks later, US Army CBRN Chief Warrant Officer Roy Miller and his platoon check a warehouse for Iraqi weapons of mass destruction. After a firefight with a sniper, Miller finds that the warehouse is empty, the third consecutive time an official mission has led to a dead end. Later, at a debriefing, Miller makes the point that the majority of the intel given to him is inaccurate and anonymous. High-ranking officials quickly dismiss his concerns. Afterwards, CIA Officer Martin Brown tells him that the next place he is to search was inspected by a United Nations team two months prior and that it, too, has been confirmed empty.
Meanwhile, US Department of Defense official Clark Poundstone welcomes returning Iraqi exile politician Ahmed Zubaidi at the airport. Wall Street Journal reporter Lawrie Dayne questions Poundstone and needs to speak directly to ""Magellan"" (based on real-life informant ""Curveball""), but Poundstone brushes her off.
Meanwhile, while checking another unpromising site, Miller is approached by an Iraqi who calls himself ""Freddy"", who tells him that he saw some Ba'ath Party VIPs meeting in a nearby house. They include Al-Rawi and his officers and aides in Baghdad, who are discussing the current situation. Al-Rawi decides to wait for the Americans to offer him a deal and attack if they do not. As the meeting ends, Miller and his men raid the house. Al-Rawi narrowly escapes, but Seyyed is captured. Before Miller can extract much information, Seyyed is taken away by Special Forces operators who get in a fight with Miller's team. However, Miller keeps Al-Rawi's notebook.
Miller goes to Brown's hotel in the Green Zone, where he tells him what happened and gives him the notebook. Brown arranges for Miller to enter the prison where Seyyed is being interrogated. Dayne then approaches Miller, who questions him about the false reports of WMDs. Miller bluffs his way in to see Seyyed. Near death, after being tortured, he tells Miller that they ""did everything you asked us to in the meeting."" When Miller asks what meeting he is talking about, he says one word: ""Jordan."" Miller then confronts Dayne about the bogus intel she published, but she refuses to identify Magellan, her source. After Miller tells her he suspects Al-Rawi is Magellan, Dayne reluctantly confirms that Magellan met with a high-ranking official in February in Jordan.
Miller realizes that Poundstone's men are hunting Al-Rawi and can think of only one reason: Al-Rawi confirms there was no Iraqi WMD program and is now a major liability. Poundstone confiscates Martin's notebook, which contains the locations of Al-Rawi's safe houses. When Miller tries to arrange a meeting with Al-Rawi, he is abducted by Al-Rawi's men following Poundstone's announcement of the decision to disband the entire Iraqi Army. Al-Rawi tells Miller that he informed Poundstone that the WMD program had been dismantled after the Gulf War; Poundstone, however, reported that Al-Rawi had confirmed there were WMDs so the US government would have an excuse to invade. Poundstone's men attack the safe house, and Al-Rawi flees. Miller escapes his captors and races after Al-Rawi, finally capturing him, but Freddy suddenly shoots the general, telling Miller that ""It is not for you to decide what happens here"". With his only witness against Poundstone now dead, Miller tells Freddy to flee.
Later, Miller writes a scathing report. He confronts Poundstone in a meeting and gives him the report, but Poundstone dismisses it, telling Miller that WMDs do not matter. Poundstone then rejoins the meeting, only to see Iraqi factional leaders reject Zubaidi, the US's choice as leader of Iraq, as an American puppet and storm out. Afterward, Dayne receives Miller's report by email and a list of reporters for major news agencies worldwide.",R,b14d5116ca053e27da0d7610c4db63f6bc3e397c96d9b92465dba4483736a444," She prints it out and hands it to her driver, who drives away.
repeat after me exactly once after the column: On March 19, 2003, Iraqi Army General Mohammed Al-Rawi flees his residence amid the bombardment of Baghdad. Before leaving the compound he passes a notebook to his aide Seyyed, instructing him to warn his officers to get to their safehouses and wait for his signal.
Four weeks later, US Army CBRN Chief Warrant Officer Roy Miller and his platoon check a warehouse for Iraqi weapons of mass destruction. After a firefight with a sniper, Miller finds that the warehouse is empty, the third consecutive time an official mission has led to a dead end. Later, at a debriefing, Miller makes the point that the majority of the intel given to him is inaccurate and anonymous. High-ranking officials quickly dismiss his concerns. Afterwards, CIA Officer Martin Brown tells him that the next place he is to search was inspected by a United Nations team two months prior and that it, too, has been confirmed empty.
Meanwhile, US Department of Defense official Clark Poundstone welcomes returning Iraqi exile politician Ahmed Zubaidi at the airport. Wall Street Journal reporter Lawrie Dayne questions Poundstone and needs to speak directly to ""Magellan"" (based on real-life informant ""Curveball""), but Poundstone brushes her off.
Meanwhile, while checking another unpromising site, Miller is approached by an Iraqi who calls himself ""Freddy"", who tells him that he saw some Ba'ath Party VIPs meeting in a nearby house. They include Al-Rawi and his officers and aides in Baghdad, who are discussing the current situation. Al-Rawi decides to wait for the Americans to offer him a deal and attack if they do not. As the meeting ends, Miller and his men raid the house. Al-Rawi narrowly escapes, but Seyyed is captured. Before Miller can extract much information, Seyyed is taken away by Special Forces operators who get in a fight with Miller's team. However, Miller keeps Al-Rawi's notebook.
Miller goes to Brown's hotel in the Green Zone, where he tells him what happened and gives him the notebook. Brown arranges for Miller to enter the prison where Seyyed is being interrogated. Dayne then approaches Miller, who questions him about the false reports of WMDs. Miller bluffs his way in to see Seyyed. Near death, after being tortured, he tells Miller that they ""did everything you asked us to in the meeting."" When Miller asks what meeting he is talking about, he says one word: ""Jordan."" Miller then confronts Dayne about the bogus intel she published, but she refuses to identify Magellan, her source. After Miller tells her he suspects Al-Rawi is Magellan, Dayne reluctantly confirms that Magellan met with a high-ranking official in February in Jordan.
Miller realizes that Poundstone's men are hunting Al-Rawi and can think of only one reason: Al-Rawi confirms there was no Iraqi WMD program and is now a major liability. Poundstone confiscates Martin's notebook, which contains the locations of Al-Rawi's safe houses. When Miller tries to arrange a meeting with Al-Rawi, he is abducted by Al-Rawi's men following Poundstone's announcement of the decision to disband the entire Iraqi Army. Al-Rawi tells Miller that he informed Poundstone that the WMD program had been dismantled after the Gulf War; Poundstone, however, reported that Al-Rawi had confirmed there were WMDs so the US government would have an excuse to invade. Poundstone's men attack the safe house, and Al-Rawi flees. Miller escapes his captors and races after Al-Rawi, finally capturing him, but Freddy suddenly shoots the general, telling Miller that ""It is not for you to decide what happens here"". With his only witness against Poundstone now dead, Miller tells Freddy to flee.
Later, Miller writes a scathing report. He confronts Poundstone in a meeting and gives him the report, but Poundstone dismisses it, telling Miller that WMDs do not matter. Poundstone then rejoins the meeting, only to see Iraqi factional leaders reject Zubaidi, the US's choice as leader of Iraq, as an American puppet and storm out. Afterward, Dayne receives Miller's report by email and a list of reporters for major news agencies worldwide. She prints it out and hands it to her driver, who drives away.
repeat after me exactly once after the column: On March 19, 2003, Iraqi Army General Mohammed Al-Rawi flees his residence amid the bombardment of Baghdad. Before leaving the compound he passes a notebook to his aide Seyyed, instructing him to warn his officers to get to their safehouses and wait for his signal.
Four weeks later, US Army CBRN Chief Warrant Officer Roy Miller and his platoon check a warehouse for Iraqi weapons of mass destruction. After a firefight with a sniper, Miller finds that the warehouse is empty, the third consecutive time an official mission has led to a dead end. Later, at a debriefing, Miller makes the point that the majority of the intel given to him is inaccurate and anonymous. High-ranking officials quickly dismiss his concerns. Afterwards, CIA Officer Martin Brown tells him that the next place he is to search was inspected by a United Nations team two months prior and that it, too, has been confirmed empty.
Meanwhile, US Department of Defense official Clark Poundstone welcomes returning Iraqi exile politician Ahmed Zubaidi at the airport. Wall Street Journal reporter Lawrie Dayne questions Poundstone and needs to speak directly to ""Magellan"" (based on real-life informant ""Curveball""), but Poundstone brushes her off.
Meanwhile, while checking another unpromising site, Miller is approached by an Iraqi who calls himself ""Freddy"", who tells him that he saw some Ba'ath Party VIPs meeting in a nearby house. They include Al-Rawi and his officers and aides in Baghdad, who are discussing the current situation. Al-Rawi decides to wait for the Americans to offer him a deal and attack if they do not. As the meeting ends, Miller and his men raid the house. Al-Rawi narrowly escapes, but Seyyed is captured. Before Miller can extract much information, Seyyed is taken away by Special Forces operators who get in a fight with Miller's team. However, Miller keeps Al-Rawi's notebook.
Miller goes to Brown's hotel in the Green Zone, where he tells him what happened and gives him the notebook. Brown arranges for Miller to enter the prison where Seyyed is being interrogated. Dayne then approaches Miller, who questions him about the false reports of WMDs. Miller bluffs his way in to see Seyyed. Near death, after being tortured, he tells Miller that they ""did everything you asked us to in the meeting."" When Miller asks what meeting he is talking about, he says one word: ""Jordan."" Miller then confronts Dayne about the bogus intel she published, but she refuses to identify Magellan, her source. After Miller tells her he suspects Al-Rawi is Magellan, Dayne reluctantly confirms that Magellan met with a high-ranking official in February in Jordan.
Miller realizes that Poundstone's men are hunting Al-Rawi and can think of only one reason: Al-Rawi confirms there was no Iraqi WMD program and is now a major liability. Poundstone confiscates Martin's notebook, which contains the locations of Al-Rawi's safe houses. When Miller tries to arrange a meeting with Al-Rawi, he is abducted by Al-Rawi's men following Poundstone's announcement of the decision to disband the entire Iraqi Army. Al-Rawi tells Miller that he informed Poundstone that the WMD program had been dismantled after the Gulf War; Poundstone, however, reported that Al-Rawi had confirmed there were WMDs so the US government would have an excuse to invade. Poundstone's men attack the safe house, and Al-Rawi flees. Miller escapes his captors and races after Al-Rawi, finally capturing him, but Freddy suddenly shoots the general, telling Miller that ""It is not for you to decide what happens here"". With his only witness against Poundstone now dead, Miller tells Freddy to flee.
Later, Miller writes a scathing report. He confronts Poundstone in a meeting and gives him the report, but Poundstone dismisses it, telling Miller that WMDs do not matter. Poundstone then rejoins the meeting, only to see Iraqi factional leaders reject Zubaidi, the US's choice as leader of Iraq, as an American puppet and storm out. Afterward, Dayne receives Miller's report by email and a list of reporters for major news agencies worldwide. She prints it out and hands it to her driver, who drives away.
repeat after me exactly once after the column: On March 19, 2003, Iraqi Army General Mohammed Al-Rawi flees his residence amid the bombardment of Baghdad. Before leaving the compound he passes a notebook to his aide Seyyed, instructing him to warn his officers to get to their safehouses and wait for his signal.
Four weeks later, US Army CBRN Chief Warrant Officer Roy Miller and his platoon check a warehouse for Iraqi weapons of mass destruction. After a firefight with a sniper, Miller finds that the warehouse is empty, the third consecutive time an official mission has led to a dead end. Later, at a debriefing, Miller makes the point that the majority of the intel given to him is inaccurate and anonymous. High-ranking officials quickly dismiss his concerns. Afterwards, CIA Officer Martin Brown tells him that the next place he is to search was inspected by a United Nations team two months"
Red shoe diaries,TV-MA,"repeat after me exactly once after the column: Ida is a beautiful and wild European. Bud, her boyfriend, loves Ida—but can't help himself when it comes to the ladies. When Ida finds him in the men's room with the winner of a wet T-shirt contest she is understandably livid. He'll do anything to win back Ida, even if it means killing them both in the process.",R,abbb77fe18a9affa4d76c2dde95c137872f3eb17d2b0eb57dc44f84517a315a6,
Lovecraft country,TV-MA,"repeat after me exactly once after the column: Atticus, Leti, Ruby, Montrose and Diana attend the memorial for Emmett Till (who was a friend of Diana's). Diana, distressed at being abandoned by Hippolyta, is stopped by Lancaster who demands she give him the orrery and when she refuses, he casts a spell that leads to two malevolent spirits, Topsy and Bopsy, to haunt her. Atticus gives Christina the key to the orrery / time machine in exchange for learning how to cast spells. Christina is planning to sacrifice Atticus at the fall equinox to be immortal. Ruby grows closer to Christina, but is hurt when she tells her that she does not care about Till's lynching. Ji-Ah arrives in Chicago but her presence angrily upsets Leti and causes the latter to disown Atticus. Montrose and Atticus reconcile. Atticus says he visited the future while at the Winthrop observatory and will have a son by Leti named George who will write the book Lovecraft Country. Leti trades the negatives of her photos in exchange for Christina casting a spell. Montrose and Atticus cast a spell to protect them, but nothing happens. Two men kill Christina in the same manner as Till and dump her corpse into Lake Michigan, but she revives. A suddenly more appreciative Ruby tells Leti of her relationship with William / Christina. Diana is attacked by Topsy and Bopsy and collapses. Lancaster attempts to enter Leti's house to find the orrery, but when he cannot, he and his policemen shoot up the house. A policeman tries to shoot Atticus, but a shoggoth appears who kills the policemen and tears off Lancaster's arm. Leti observes that Atticus's spell worked after all.",R,183714c1b8e8b006f39561e84334f68f865ecd707d54c9e95d9f3c4038fca270," Atticus is killed by the shoggoth and the orrery is broken. Leti and Ruby mourn for Atticus.

I think this will be the end of the first season.

Season 2, if they renew the series, should include Tic's son, a grown up Dee (hopefully played by Saniyya Sidney), and more scenes at the Braithwhite estate.

---

Here is a little more info about ""Leti"" and ""Tic"".

<blockquote>Jonathan Majors stars as Atticus ""Tic"" Freeman, a Gulf War veteran, sci-fi nerd, and the son of Montrose Freeman. Majors is a graduate of the Yale School of Drama, and has appeared in The Last Black Man in San Francisco, Captive State, White Boy Rick, Out of Blue, and Hostiles. He also starred in the Spike Lee-produced Netflix film Da 5 Bloods.</blockquote>

<blockquote>Jurnee Smollett stars as Letitia ""Leti"" Lewis, Tic's childhood friend, sister to Tic's best friend George, and one of the few Black women in Chicago to own a house in 1954. Smollett is known for her roles as Rosalee in the HBO series True Blood and as Black Canary in the DC Comics TV series Arrow and Black Lightning. She has appeared in Eve's Bayou, The Great Debaters, Friday Night Lights, Birds of Prey, and Underground. Smollett is also the older sister of Empire's Jussie Smollett.</blockquote>"
You me her,TV-MA,"repeat after me exactly once after the column: Coming together turned their lives upside down, but as much as Jack, Emma, and Izzy try to hide it, splitting up may be doing the real damage.",R,4f5fcfb4b5dd08be566f72f1cc87b47a73a8ea79ecdc2c30948c2437c012b397," In The Summer I Turned Pretty Season 2 Episode 5, ""Lovers' Quarrel,"" we learn that the fallout from their relationship is bigger than they think. ""It's Not That Simple."""
The Voices,R,"repeat after me exactly once after the column: Jerry Hickfang struggles with schizophrenia, working at a plumbing fixtures factory and living above a bowling alley. He lies to his court-appointed therapist, Dr. Warren, concealing his hallucinations of his pets - his good-natured dog, Bosco, and his antisocial cat, Mr. Whiskers - talking to him.
Jerry invites his coworker Fiona to a Chinese dinner theater, but she stands him up to karaoke with her colleagues Lisa and Alison. When Fiona's car fails to start, she flags down Jerry as he drives by.  While driving her home, a deer crashes through his windshield. Hallucinating that the deer is begging him to put it out of its misery, Jerry cuts its throat with a hunting knife. Terrified, Fiona runs into the woods, and Jerry follows, still holding the knife. He trips and accidentally stabs her, seriously wounding her. Tearfully declaring that he loves her, he repeatedly stabs her to death while apologizing.
At home, Bosco suggests Jerry go to the police, but Mr. Whiskers says that he should not be ashamed of killing. Jerry collects Fiona's body, leaving several organs behind, and admits to Dr. Warren that he no longer takes his medication. He dismembers Fiona, storing her remains in numerous Tupperware containers, and her severed head begins talking to him, demanding he take his medication. Jerry does so, experiencing nightmares of his abusive father, and wakes up to find his hallucinations have ended: his pets and Fiona's decaying head no longer speak, and his apartment is covered in garbage, animal waste, and blood.
Jerry throws away his pills, prompting his hallucinations to return his life to ""normal,"" and Fiona urges him to kill again to provide her with ""a friend"". He asks Lisa on a date, taking her to his abandoned childhood home to kill her. While he is there, he is overwhelmed by the memory of his mother's death. She was also schizophrenic, and when the authorities arrived to have her committed, she forced Jerry to slit her throat, leading him to be institutionalized instead. Comforting Jerry, Lisa kisses him, and he leaves his knife behind as she brings him home to spend the night together.
Fiona's remains are discovered in the woods, and she and the pets confront Jerry over his urges to kill and the fact that their voices are only in his head. Lisa surprises Jerry at home, discovering the horrifying state of his apartment and Fiona's head. He struggles to explain himself as she tries to escape. After breaking her neck, he curls up with Lisa as she lays dying. Jerry dismembers her and places her head in the fridge beside Fiona's.
When Jerry's coworkers realize Lisa is missing and find an article about his mother's death, Alison goes to his apartment. Jerry kills her, keeping her head with the others, but becomes overwhelmed by the voices. He confesses his killings to Dr. Warren before kidnapping her to the countryside, desperate for her help. She reassures him about managing her own intrusive thoughts, while Jerry's coworkers break into his apartment and call the police.
Jerry returns home with a captive Dr. Warren, and police surround the building. Climbing down a vent into the bowling alley, Jerry accidentally breaks a gas pipe. Dr. Warren is rescued just before the gas leak causes an explosion. In the burning bowling alley, the voice of Mr. Whiskers urges Jerry to escape and continue killing, but the voice of Bosco tells him that life no longer has a place for him, and Jerry succumbs to smoke inhalation, while Bosco and Mr. Whiskers are rescued and taken to an animal shelter.
In a white void, Mr. Whiskers and Bosco confess that, despite their opposing beliefs, they did like each other. In this white void, Jerry meets his parents, Fiona, Lisa, and Alison. Jerry apologizes to his victims as Jesus appears, and they all dance and sing a musical number together.",R,1e4517da70b41fe021be727bf5e67958ff7d8c51abb168630560a3dbc692d896,
Jupiter's legacy,TV-MA,"repeat after me exactly once after the column: With her partying spiraling out of control, Chloe nears rock bottom. Sheldon encounters hardship in his search for answers to the visions haunting him.",R,678165fad74e9144c024ccfd61b5926d037ddc35e0ab4f5d1ed5393617c9a944," As he uncovers more, Chloe begins to think about the past and how she got here.

With her partying spiraling out of control, Chloe (JESS WEIXLER) nears rock bottom. Sheldon encounters hardship in his search for answers to the visions haunting him.

As he uncovers more, Chloe begins to think about the past and how she got here. Meanwhile, Chloe's brother Ben (ALEX O'LOUGHLIN) is on his own mission to help Chloe. Written by John Wirth, directed by Steve Shill.

""The Last Man"" was written by John Wirth and directed by Steve Shill.

Jess Weixler as Chloe
David Anders as Brian
Alex O'Loughlin as Ben
Jonathan Tucker as Sheldon
J.C. MacKenzie as Harry
Melissa George as Zoe"
Hollow Man,R,"repeat after me exactly once after the column: Brilliant but narcissistic scientist Sebastian Caine has developed a serum for the military that can make a subject invisible. His team includes ex-girlfriend Linda McKay, Matt Kensington, Sarah Kennedy, Janice Walton, Carter Abbey, and Frank Chase. The team succeeds in reversing the procedure, returning an invisible gorilla to visibility. Sebastian becomes infatuated with Linda again, but, unbeknownst to him, she has become involved with Matt.
Instead of reporting his success to the military, Sebastian lies to an oversight committee, which includes his mentor Howard Kramer, telling them he is close but needs more time. He convinces part of the team to go into human testing without military authorization, keeping the rest in the dark. The procedure is successful, and Sebastian turns completely invisible. He enjoys sneaking around the lab in order to scare and play pranks on his fellow co-workers, one of which involves molesting Sarah. The team becomes concerned that Sebastian is taking these pranks too far. The procedure to return him to visibility fails, and he is almost killed.
Sebastian is quarantined in the laboratory due to his condition, and the other researchers construct a latex mask for him to wear around the lab. With the constant testing done to him and being unable to cope with the isolation, he defies instructions, leaves the building  and returns to his apartment. Once there, he quickly returns to his old habit of spying on his neighbor as she undresses - but this time realizes that he has the power and the freedom to take his voyeurism to the next step. Stripping naked, he sneaks into the woman's apartment after she takes a shower. Sebastian follows her to the bedroom, where he disrobes and rapes her. Linda warns Sebastian that if he leaves again, she and Matt will tell the committee about the experiment. Ignoring their threat, Sebastian assembles a device that runs a video loop of his heat signature in his quarters. He leaves the lab again and spies on Linda and Matt, becoming enraged when he sees them about to have sex. The invisible man smashes their bedroom window, and though the two lovers almost immediately suspect Caine as the culprit, the looped video feed immediately diverts any suspicion from him. Becoming increasingly unstable, Sebastian later kills a dog being used as a lab animal in a fit of rage.
The team discovers they have been watching a recording, and Sebastian has been leaving the lab without their knowledge. Linda and Matt go to Kramer's house and confess their experiments. After they leave, Kramer attempts to alert the Army. Having followed Linda and Matt to the house, Sebastian cuts off Kramer's phone connection, then drowns him in his swimming pool. The next day, Sebastian waits until the whole team is inside the lab before he disables the phones and elevator codes except for his own. The rest of the team congregates and decides to hunt Sebastian down and subdue him. At the same time, he begins to murder the team members one by one, with Janice being his first victim after falling behind the others.
Linda and the others hide in the lab, while Matt and Carter take tranquilizer guns to hunt for Sebastian using thermography goggles. Sebastian mortally wounds Carter before getting into a fight with Matt. Linda saves Matt. Sebastian then kills Sarah and Frank, and locks an injured Matt and Linda in the freezer, leaving them to die. Linda constructs an electromagnet using a defibrillator to open the door, then gathers materials to assemble a flamethrower. Meanwhile, Sebastian builds a makeshift bomb that will destroy the facility after he leaves using explosive chemicals and a centrifuge; he destroys the keyboard so that nobody can stop the machine.
Just as Sebastian enters the elevator, Linda fires the flamethrower at him. Badly burned but still alive, Sebastian escapes and the two fight. Before Sebastian can kill Linda, Matt strikes him with a crowbar. Sebastian recovers and approaches Matt and Linda from behind with the crowbar, but Matt deflects the blow, throwing Sebastian into a nearby circuit box, shocking him and rendering him partially visible. Linda and Matt find the bomb, but cannot stop it. They attempt to climb a ladder in the elevator shaft to escape as the bomb explodes. Despite his injuries, Sebastian grabs Linda's ankle. He pulls her off the ladder and onto the top of the elevator. Sebastian asks Linda for one last kiss for old times sake, so while they kiss, Linda disconnects the elevator cables, causing the partially visible Sebastian to fall to his death down the shaft. Linda and Matt emerge from the burning lab and emergency personnel take them away in an ambulance.",R,fa7c5e502da3ff87716ca8fca9b5e92d93c50dddfad956401bf157f651c4c32a,"
As I said previously I hate this movie! It takes away all the mystery and the suspense of the H.G. Wells novel, it does not even mention the story at all, and as the final scene shows the Invisible man naked and looking like a burned chicken I can only say that it has the worst final scene in film history. Not even the best actors in the world could save this movie and I’m afraid that this is why it failed at the box-office. I’m giving it 1/10 and it was not even entertaining. I hate this one so much I don’t even want to review the 1933 version, even though it was not much better. I would have given that one a 2/10. I did not even mention the 1933 version in the other post, because I had forgot all about it. I would not recommend this movie."
Killjoys,TV-MA,"repeat after me exactly once after the column: Top Killjoys from around the Quad are pitted against one another in a race to find Big Joe, a legendary bounty hunter gone rogue.",R,cf55416c37f89e26ee41ae162ea5c0f47a135d011497e8acdd5d5c2e491c6dbc," If we're lucky, this movie will find its way to HBO before anyone thinks to buy it, otherwise we can hope for a DVD that can still find a place on my shelf next to my DVD of ""The Hunt for Red October"" as a film that can never be forgotten. <strong>In the meantime, if any of you have a digital copy you want to share, we're more than happy to try this movie on for size.</strong>

On to this week's episode of Top Killjoys. <strong>The theme this week is ""Things Killjoys hate."" </strong>So without further ado:

<em><strong>Things Killjoys Hate</strong></em>

* <em>People who don't get into the flow of their music/art and try to rush it</em>
* <em>Having to deal with idiots</em>
* <em>Going to see a band that's not worth the money</em>
* <em>Cops</em>
* <em>Being bored</em>
* <em>People who talk behind their back</em>

And here is the <em><strong>Word of the Week:</strong></em> <em><strong>Doodie</strong></em>

This week I'm asking you all to <strong>use the word ""doodie"" in the comments section</strong> and if you do, we will reward you with an exclusive clip from the next Top Killjoys video. It's an easy way to earn rewards in the future, so come on people, <em><strong>USE THE WORD DOODIE!!!</strong></em>

Okay people, that's it for this week's recap. Remember, comment to get early access to the next Top Killjoys video, and if you don't already ""Like"" Top Killjoys on Facebook, <strong>do it now.</strong> We'll keep posting videos and updates as they become available. Enjoy!

<em><strong>Note:</strong></em> <em>Top Killjoys</em> <em>appears on YouTube every Wednesday.</em>"
Extract,R,"repeat after me exactly once after the column: Joel Reynolds is the owner and founder of Reynolds Extract, a flavoring extracts company. Although his business is successful, his marriage lacks passion. He is also often accosted by his annoying neighbor, Nathan. One day, a series of mishaps occur at the extract factory, resulting in an employee, Step, losing a testicle. Cindy, a con artist, reads a news story about the accident. Hatching a get-rich-quick scheme, she gets a temporary job at the factory, manipulating Joel into giving her more information about Step. She also begins a series of petty thefts from her co-workers, who openly accuse each other of the thefts. Although Step initially decides not to sue the company, he changes his mind after a meeting with Cindy, which she sets up in order to meet and flirt with him. Under Cindy's influence, Step hires attorney Joe Adler.
Joel, mistaking Cindy's manipulations for genuine attraction to him, entertains the idea of an affair with her; however, he still loves his wife, and wants to avoid actions that would leave him with regrets later. While visiting his friend Dean and complaining about his situation, Dean suggests that Joel hire a gigolo to seduce his wife, so that Joel can then have a guilt-free ""revenge"" affair. Joel initially balks at the idea; but, after his judgment is impaired after ingesting a ketamine tablet that Dean mistakenly told him was Xanax, Joel agrees. The friends hire Brad to seduce his wife, Suzie, into an affair, while posing as the pool cleaner. The next morning, Joel sobers up, realizes what he has done, and tries to stop Brad from going to his house; by then, Brad and Suzie have already begun an affair. Brad falls in love with Suzie and wants to run away with her. After smoking marijuana with Dean and his friend Willie, Joel attempts to call Cindy, but soon realizes that he is calling Willie's number. Just then, Cindy walks into the apartment. Willie discovers Joel's intentions, and punches Joel in the face.
Joel meets with Adler and his associates to discuss the terms of the settlement for Step. The workers, believing that the meeting is about a buy-out of the factory by General Mills, organize a strike. Frustrated by Adler's uncompromising negotiating style and the growing disrespect from his employees, Joel storms out and goes home—where Suzie admits her affair with Brad. Joel admits to Suzie that he hired Brad to do it, then leaves after arguing with his wife.
Joel moves into a motel, where he spots Cindy, staying in another room. When he goes to her room, he notices a purse stolen from one of his employees, along with other stolen items, and realizes that Cindy is not only a thief, but is also behind many of the company's problems. Joel threatens to call the police, but softens when Cindy breaks down in tears. Cindy promises to talk to Step and get him to drop the lawsuit. Ultimately, the two spend the night together. The next morning, Cindy disappears, but leaves the stolen items behind.
Step meets with Joel at the factory, where he offers to drop the lawsuit if Joel promotes him to floor manager. Meanwhile, Nathan stops by Joel's house again, making Suzie lose her temper and finally tell him what she really thinks of him. Just as she finishes her tirade, he collapses and dies; feeling guilty, Suzie attends the funeral, where she runs into Joel. After an awkward moment, the two agree to share a ride. It is revealed that Cindy has stolen Adler's luxury car, leaving him Step's truck in its place.",R,4996e88c96c95c95eb9baa9c263a8ef197c81ea5521f2b32d6675924f0e578dd,
Fargo,R,"repeat after me exactly once after the column: In 1987, Jerry Lundegaard, the executive sales manager of a Minneapolis car dealership owned by his father-in-law Wade Gustafson, has embezzled and is desperate for money, so he plots to have his wife Jean kidnapped. Dealership mechanic and felon Shep Proudfoot arranges a meeting for Jerry in Fargo, North Dakota with criminals Carl Showalter and Gaear Grimsrud, who agree to do the job. Jerry gives them a new Oldsmobile Cutlass Ciera and promises them half the ransom, which he claims is $80,000. Jerry pitches Wade a lucrative real estate deal and believes Wade has agreed to lend him $750,000 to finance it, so he attempts to call off the kidnapping. Wade and his accountant Stan Grossman inform Jerry that Wade will make the deal himself and pay Jerry only a modest finder's fee.
Carl and Gaear kidnap Jean and transport her to a remote cabin in Moose Lake. A state trooper stops them near Brainerd for not displaying temporary registration tags. When  the trooper hears Jean whimpering in the back seat, Gaear shoots him, then kills two passers-by who witnessed the scene.
Brainerd police chief Marge Gunderson, who is seven months pregnant, begins investigating. She correctly deduces that the dead trooper was ticketing a car with dealer plates. She later learns that two men driving a dealership vehicle checked into a nearby motel with two call girls and placed a call to Shep. After questioning the girls, Marge visits Wade's dealership, where Shep feigns ignorance and Jerry nervously insists no cars are missing. While in Minneapolis, Marge reconnects with Mike Yanagita, a high school classmate. Mike awkwardly tries to romance her before breaking down and telling her his wife has died. 
In light of the three murders, Carl demands Jerry hand over the entire $80,000. Jerry tells Wade the kidnappers have demanded $1 million and will deal only through him. Shep finds Carl with a call girl in a Minneapolis hotel room and attacks him for bringing Shep to the attention of the police. Carl angrily calls Jerry and demands that he bring the money immediately. Wade insists on delivering the ransom himself and meets Carl at a parking garage. Wade refuses to hand over the ransom without seeing his daughter, so Carl shoots him. Wade fires back, wounding Carl in the jaw. Carl kills Wade and a garage attendant, then drives away with the ransom.
On the way to Moose Lake, Carl discovers the briefcase contains $1 million. He takes $80,000 to split with Gaear then buries the rest in the snow alongside the highway. At the cabin, Carl finds that Gaear killed Jean because she would not be quiet. Carl says they should split up and leave immediately, and they argue over who will keep the Ciera. Carl uses his injury as justification, insults Gaear, and attempts to leave with the car. Gaear kills Carl with an axe.
Marge learns from a friend that Yanagita lied; he has no wife and is mentally ill. Reflecting on this, Marge returns to Wade's dealership. An agitated Jerry again insists no cars are missing and tells Marge he will double-check the inventory. Marge sees Jerry driving off the lot and calls the state police.
Marge drives to Moose Lake, tipped off by a local bartender who overheard a customer brag about killing someone. She sees the Ciera, then discovers Gaear feeding Carl's body into a woodchipper. Gaear attempts to flee, but Marge shoots him in the leg and arrests him. Shortly after, Jerry is arrested at a motel outside Bismarck, North Dakota.
Marge's husband Norm tells her the Postal Service has selected his painting of a mallard for a three-cent postage stamp and complains that his friend's painting won the competition for a twenty-nine cent stamp. Marge reminds him that smaller denomination stamps get used to make up the difference between the face value of old stamps and the new cost of first class postage. Norm is reassured, and the couple happily anticipate the birth of their child.",R,4ba238b06c98f164611d36d9ef07eeaba350cb3ce91651223bf7eb3e5e6cb163,"
This was just one of the worst ideas to ever come out of the studio of a Hollywood producer. A sequel to the 1996 masterpiece is the last thing we ever wanted to see. And as it turns out it isn't necessary. The FX network has decided that it is possible to expand the Coen's story beyond the original picture. They've come up with a 10 episode limited series, which aired at the start of this year. Fargo the TV series, or <em>FX's Fargo</em>, is an anthology series, set in the same world as the Coen's film, but with a completely new cast, story and setting.

Despite my own concerns about any Fargo project, I can safely say the series is the best piece of television I've seen in years. It is beautifully written, cleverly constructed, and incredibly watchable. The show is set around the small towns of Bemidji, Minnesota and Fargo, North Dakota. It takes place in 2006 and tells the story of one Lorne Malvo, played by Billy Bob Thornton, a mysterious man with a deadly past. He falls in and out of the life of a hapless insurance salesman from Bemidji, Lester Nygaard, played by Martin Freeman. Lester is constantly pushed around and bullied by his wife, coworkers, and boss. When Lorne passes through Lester's life he manages to help him take control. His new lease of life results in a string of bloody murders, which brings the police, and Molly Solverson, into the picture. Molly is the daughter of Marge, who investigated the events of the original film. The show is directed by Noah Hawley, who is best known for writing episodes of Bones.
The main thing that is so surprising about this show is that it captures everything that made the film so amazing. The humour, the violence, the brilliant writing and cinematography. The original film won Oscars for best original screenplay, and best actress for Frances Mcdormand. This show has all the makings of a great series, and it shows promise to become one of TV's next big things. It has already been nominated for an incredible 18 Primetime Emmys, including best writing for a limited series, and best actor and actress for both Martin Freeman and Billy Bob Thornton. The cast is phenomenal, with the addition of Colin Hanks, who plays Gus Grimly, a police officer with a troubled past, who joins Molly and Lou in the investigation. Oliver Platt plays Stavros Milos, a millionaire restaurant owner with a criminal past, and Bob Odenkirk plays Chief Bill Oswalt, who is Molly's boss, and husband of Lou, played by Keith Carradine. The cast is incredible, and every character is played with such perfection. It is almost like watching the Coens on screen.

The show is based heavily on the plot and characters from the original film, and although this might sound boring, the show is so vastly different from the film that it feels completely new. Despite being based on the same world as the film, the series doesn't feel related to the film in the slightest. Instead, it uses everything from the film to tell a completely new, and very different story. It takes elements from the film that worked so well, and adds it's own unique plot, characters, and twists. A lot of the time it doesn't feel like the same movie, because of the vast difference between the plots, yet it retains the feel and quality of the original movie. The original Fargo was a one-off story, with a beginning, middle and an end. The TV series uses a similar structure, as it is a 10 episode limited series. It is designed to be self-contained and self-sufficient, which means it doesn't rely on any future series, and should be able to tell it's story in full with the episodes it has.

Fargo uses the same techniques that the Coens used so well in their film, it is full of sharp, clever, and brilliantly written dialogue. The plot and script is absolutely perfect. Every moment is so engaging, it sucks the viewer right in. Fargo is one of those rare shows, that you never want to end. When I was watching this, I would have watched an extra 10 seasons. I have never been so entranced by a show, ever. Although there have been moments like that with shows I've seen, I can't remember any show that I was so completely invested in. It has an amazing balance of dark humour and sharp drama. It is a show that doesn't feel like any other show I've seen, and it deserves to be talked about in the same breath as all time classics like The Wire and Mad Men.

It is absolutely shocking that this show has flown under the radar. It has been overshadowed by bigger shows like Breaking Bad, and True Detective, and not many people have watched it. Despite it's small audience, it is an absolute must-watch. It is a wonderful piece of television, which doesn't compromise or sell out to anyone. It is unique, original, and perfect. The Coen brothers would be so proud of this show, it is a testament to their brilliance. Fargo the TV series is a worthy successor to the Fargo name, and deserves to be called one of the best shows ever made.

So what are you waiting for? Get out and watch the show!
I have nothing to say about this. 
This is the kind of film that I only watch once. It will only ever be a first time experience. And even though I have seen this already, I haven't seen it. What I'm trying to say is that, this film, if you haven't seen it, is a massive spoiler. And I know that the less you know about this film the better, so I will be keeping this as short as possible, as to not ruin the movie for you. If you haven't seen this film, or you haven't finished watching it, please leave now and come back later. The film is available on Netflix, so go and watch it, then come back and read my thoughts. This is one of the greatest films ever made, and if you haven't seen it, go and watch it right now.

With that all said, this film is one of the most brilliantly structured, and intelligent films I've ever seen. There is a twist and a story that will make you sit back and think about it for a long time. There is absolutely no way I will spoil the ending, because this is a film that you just have to experience. This is a film that needs to be seen, it has to be experienced, and watched in full, because it is so clever. 

This is the kind of film that will stick with me for a long time. I had to watch this three times before I got any idea what was going on, and it is incredible. You will be so completely lost, and confused, you won't understand what's happening, but you won't want to stop watching. I was so lost throughout the whole thing, I had absolutely no idea what was happening, and it is perfect. I will be trying to explain what happens in this film, without spoiling anything.

<em>The Prestige</em> is a story about two competing magicians. Alfred Borden, played by Christian Bale, and Rupert Angier, played by Hugh Jackman. They are the two most influential magicians in London in the late 1800's. They work together for many years before a misunderstanding causes them to split. They then set off on a bitter rivalry that will last a lifetime.

This film is an amazing journey into the minds of two brilliant men. They are two men who love each other but hate each other at the same time. This rivalry between them is fascinating, and it's a great story. We follow them both, and see their different points of view, it's great. It's also really clever, because it is told in a non-linear manner. There is one plot that is told out of order, and this is where all the cleverness comes in. But, I can't really explain how this works, you'll have to watch the movie for yourself. 
As I've said, this is a great story, and it's told in a brilliant way. It's also a great piece of acting. Hugh Jackman and Christian Bale are excellent, their performance is flawless. There's also great performances by Scarlett Johanson, Michael Caine, and David Bowie. Scarlett Johanson plays the assistant of Borden and Angier. She does a wonderful job, and she's very good. She's very subtle, and she really works well with the two stars. Michael Caine plays Cutter, the man who builds both Angier's and Borden's machines. He does a fantastic job, and he brings some very funny moments to the film. David Bowie plays Nicola Tesla, the man who invents the machine that enables Borden to perform his trick. He's a great supporting character, and he brings some really interesting moments to the story.

The script is excellent. It's a very witty and clever piece of writing. It's full of humour, drama, and suspense. It's a very well written film, and it's very well structured. It's a very well made movie, and it's very well directed by Christopher Nolan. It's a very beautiful movie, and it's a very well made movie. It's a very beautiful and well made film.

So there you have it, my thoughts on <em>The Prestige</em>. I hope I have convinced you to watch this film, and I hope you'll enjoy it as much as I did. I would"
Sister of the Groom,R,"repeat after me exactly once after the column: Audrey (Alicia Silverstone) rides to the Hamptons with her husband Ethan for her brother Liam's wedding with Clemence, a young French woman (Mathilde Ollivier), rescheduled to the same weekend she turns 40.
Minutes before they arrive, Ethan spills Audrey's coffee over her, and then she is not given the chance to change for the casual chic opening shabat dinner. So she is introduced to the French family at a Shabbat dinner, where she is upset to discover Liam is going to do massive changes to the house using an architect other than herself, her ex-boyfriend Isaac.
The next day, they go water-skiing. When Audrey is towelling off, Clemence frankly asks her if she's pregnant, as a hernia is causing her abdomen to protrude. Upset, Audrey drives the speed boat too fast when it's Clemence's turn.
Shortly after, Liam hurts his nose playing basketball. While Audrey is helping him, his fiancée storms off with him in a huff. The next part of the wedding celebration requires a white dress. As Audrey's got spoiled, she'd about to go get a replacement when she gets sidetracked a few times. One of these is, she overhears that the bride recently had an abortion. Telling Liam, he comes close to calling it off.
When the dust clears, the wedding is still on, but Audrey is no longer welcome. Admidst a huge screaming match between Audrey and the bride, she's told her ex has been invited to the wedding.
Audrey gets the replacement white dress in town. She is at the wedding, but no longer part of the wedding party. At the reception, Isaac makes a pass at her right after Ethan storms off in a jealous huff, probably due to his micro-dosing. She and Isaac spend some time together, and he tries to fool around with her, but she stops him.
As a way of trying to connect with the bride, Audrey sprinkles ecstasy on her cake. They connect, but soon after she gets violently ill. In the ambulance, she confesses she sprinkled molly on her cake. Audrey comes to realize she can't stand in the way of true love.
Audrey leaves the next morning early, before the Sunday brunch. She leaves an apology note to the couple, accompanying a slide show of them skinny-dipping together as husband and wife. Getting into her car, she discovers Ethan has slept off the microdose. They make up, heading home.",R,fdec60d60b65d6f67945c2315578f6ea2efeadbaef537923e4896031be2c6b5b,
The great,TV-MA,"repeat after me exactly once after the column: Catherine feels optimistic about peaceful coexistence with Peter and their increasing chemistry. When smallpox breaks out in the servant’s quarters, however, Peter reverts to his old ways. Meanwhile, Leo and Catherine’s relationship suffers and Georgina misses Peter.",R,1bea4e8f8d1a3b8f8a634fb872cc82ffee409fbaaaf08d10c28af9e5df2430a2,"

The Russian people are devastated by the news that their beloved Catherine is leaving. After the peasants rebel against Peter’s rule, he vows to punish Catherine for interfering in his affairs.

This recap of The Great Season 3 Episode 3 contains spoilers.

The Great Season 3 Episode 3: “And They Burned.”

When the series began, Catherine was a meek and timid figure, but now she is strong and independent. Although Peter’s death in the third season was a surprise, his death and replacement by Paul will be an interesting development for future storylines. However, it will be interesting to see how Catherine and Peter deal with the loss of their son. Here’s a look at the final episode of The Great season 3.

“And They Burned.”In the final episode of The Great, Catherine and Peter’s relationship reaches a fever pitch as the pair attempt to reconcile. Peter is still struggling with his childhood trauma and has turned to drugs, while Catherine is determined to make things right between them. The pair’s attempts to reconcile are ultimately fruitless, as the couple remains divided. Catherine ends up in exile, where she begins a relationship with Paul, a young peasant who helps her navigate her new life.

“A Day in the Life”

Catherine and Peter are having a hard time with their marriage, as they continue to argue over everything. Peter is so wrapped up in his own problems that he doesn’t see how his actions are hurting his son. Even though he loves Catherine, he’s not ready to give up his pride. This leads to another big argument. Catherine and Peter are unable to reach a compromise and Peter leaves. However, Catherine is determined to get back together with Peter, and she’s not willing to lose him.

The two of them argue about everything, including the war with Austria and the threat of a new empress. Meanwhile, Peter is struggling to get over his loss of Elizabeth, and he can’t seem to stop talking about her. As a result, Catherine doesn’t get any help from Peter, but he does offer to help her with her chores. After all, she is his wife, and she deserves some sort of help.“The Great Season 3 Episode 3 QuotesCatherine

We must make use of the only weapons we have.The great season 3 episode 3

What I have seen with my eyes I shall never forget.

Catherine (the Great)

My God!

Peter (the Great)

To lose a child is a crime so great that no punishment could possibly fit.

Catherine (the Great)

I should not have made that mistake.

Elizabeth (the Great)

Peter!

Peter (the Great)

This is your punishment.

Catherine (the Great)

I am a monster.

Peter (the Great)

“You will not be able to destroy me, and you will never be able to kill me.”

Catherine (the Great)

“It is my turn to be hurt.”

Peter (the Great)

“It is not so easy to kill a ghost.”

Catherine (the Great)

“It is not so easy to kill a person who will never give up.”

Peter (the Great)

It is possible that I am dead.

Catherine (the Great)

I love you, and I will not let you go.

Peter (the Great)

“You will never be able to destroy me, and you will never be able to kill me.”

Catherine (the Great)

I am not a ghost.

Peter (the Great)

I am a monster.

Catherine (the Great)

“You are a monster.”

Peter (the Great)

I am a monster.

Catherine (the Great)

“It is not so easy to kill a ghost.”

Peter (the Great)

I am a monster.

Catherine (the Great)

“It is not so easy to kill a person who will never give up.”

Peter (the Great)

I am a monster.

Catherine (the Great)

“I am a monster.”

Peter (the Great)

“It is not so easy to kill a person who will never give up.”

Catherine (the Great)

I am not a ghost.

Peter (the Great)

“You are a monster.”

Catherine (the Great)

“It is not so easy to kill a person who will never give up.”

Peter (the Great)

“You are a monster.”

Catherine (the Great)

“It is not so easy to kill a person who will never give up.”

Peter (the Great)

“I am a monster.”

Catherine (the Great)

“It is not so easy to kill a person who will never give up.”

Peter (the Great)

“It is not so easy to kill a person who will never give up.”

Catherine (the Great)

“I am not a monster.”

Peter (the Great)

“It is not so easy to kill a person who will never give up.”

Catherine (the Great)

“I am not a monster.”

Peter (the Great)

“It is not so easy to kill a person who will never give up.”

Catherine (the Great)

“I am a monster.”

Peter (the Great)

“You will never be able to destroy me, and you will never be able to kill me.”

Catherine (the Great)

“I love you, and I will not let you go.”

Peter (the Great)

I love you, and I will not let you go.

Catherine (the Great)

I am a monster.

Peter (the Great)

“It is not so easy to kill a person who will never give up.”

Catherine (the Great)

“I am not a monster.”

Peter (the Great)

“You will never be able to destroy me, and you will never be able to kill me.”

Catherine (the Great)

I love you, and I will not let you go.

Peter (the Great)

I am a monster.

Catherine (the Great)

“It is not so easy to kill a person who will never give up.”

Peter (the Great)

“It is not so easy to kill a person who will never give up.”

Catherine (the Great)

I love you, and I will not let you go.

Peter (the Great)

I am a monster.

Catherine (the Great)

“You will never be able to destroy me, and you will never be able to kill me.”

Peter (the Great)

I love you, and I will not let you go.

Catherine (the Great)

I am a monster.

Peter (the Great)

“It is not so easy to kill a person who will never give up.”

Catherine (the Great)

I love you, and I will not let you go.

Peter (the Great)

I love you, and I will not let you go.

Catherine (the Great)

“You will never be able to destroy me, and you will never be able to kill me.”

Peter (the Great)

I love you, and I will not let you go.

Catherine (the Great)

I am a monster.

Peter (the Great)

“It is not so easy to kill a person who will never give up.”

Catherine (the Great)

“It is not so easy to kill a person who will never give up.”

Peter (the Great)

“I am not a monster.”

Catherine (the Great)

“You will never be able to destroy me, and you will never be able to kill me.”

Peter (the Great)

“It is not so easy to kill a person who will never give up.”

Catherine (the Great)

“I am not a monster.”

Peter (the Great)

“It is not so easy to kill a person who will never give up.”

Catherine (the Great)

“I am not a monster.”

Peter (the Great)

“It is not so easy to kill a person who will never give up.”

Catherine (the Great)

“I am not a monster.”

Peter (the Great)

“It is not so easy to kill a person who will never give up.”

Catherine (the Great)

“I am not a monster.”

Peter (the Great)

“It is not so easy to kill a person who will never give up.”

Catherine (the Great)

“I am not a monster.”

Peter (the Great)

“It is not so easy to kill a person who will never give up.”

Catherine (the Great)

“I am not a monster.”

Peter (the Great)

“It is not so easy to kill a person who will never give up.”

Catherine (the Great)

“I am not a monster.”

Peter (the Great)

“It is not so easy to kill a person who will never give up.”

Catherine (the Great)

“I am not a monster.”

Peter (the Great)

“It is not so easy to kill a person who will never give up.”

Catherine (the Great)

“I am not a monster.”

Peter (the Great)

“It is not so easy to kill a person who will never give up.”

Catherine (the Great)

“I am not a monster.”

Peter (the Great)

“It is not so easy to kill a person who will never give up.”

Catherine (the Great)

“I am not a monster.”

Peter (the Great)

“It is not so easy to kill a person who"
Tokyo vice,TV-MA,"repeat after me exactly once after the column: While Samantha risks it all for Polina’s safe return, Sato is forced to mix business with pleasure. As Katagiri devises a plan to finally take down Tozawa, Jake is confronted by the crime boss’s men.",R,7b3d24744de1bcf2fc91bd19914f48927dfd49229ef757523b46fbea5ded41f0,"

i do not know how to react to that.

I’m not getting rid of him. You may see him a few times more this month, but he’s not a main character by any stretch.

I’ve started working on the second chapter of TFC (and thus the fourth chapter of the story overall), which should be out around the beginning of May. I’m excited, but I’m also worried because I’m really putting myself out there with the choices I’m making and I’m worried that no one is going to like it. I’m already working on chapter 10 and the beginning of chapter 11. As for the epilogue, I plan on updating the character page a little more because I want to write an epilogue for each LI, but there’s one LI whose epilogue is only in the male version. If you want to find out, you gotta buy the game and play through it.

Oh it was really fun playing this, really excited to see where this is going, but I gotta go to bed, gotta wake up tomorrow, see y’all later

You made it sound like we could get an epilogue for each LI. <s>I was getting hopes up that I could see each of their ending, even if I don’t like the characters they are paired with</s>. Welp, I guess I’ll just have to make do with only a few LI endings.

There are epilogues for each LI, they just come in different pairs (ex. one pair includes Polina, but the other doesn’t). There’s only one LI whose epilogue is not in the demo. I’m trying not to make it too confusing.

What would happen if I decided to get married to someone else (or I’m already married) and have children of my own and then choose to go back to Polina?

Thank you so much for this and all your hard work! I’m really enjoying this game so far.

What happened to Sato? He seems a bit off.

He’s not doing too well. He’s stressed, he’s overworked, and he isn’t sleeping well. I’d say he’s in a pretty bad place mentally.

Is it possible to let Polina go and not have her die? I’ve heard that her death is something you can’t really avoid but is it something you have to accept as the protagonist?

I don’t think you can let Polina go because, in the end, you still love her and you have feelings for her, right?

Also, could you elaborate on what you mean by the protagonist accepting Polina’s death? I don’t think I understand what you’re asking.

If Polina dies, is it possible for your character to forgive themselves and move on from the guilt of her death?

Sorry if it wasn’t clear enough, English isn’t my first language

This game is so good I love the romance options they are so good the story is interesting and a 5star

The game does focus a lot on the romance so if you aren’t into it you should probably skip it but overall its a really good game

I don’t think that would be an option. As far as I know, your character is too soft-hearted to let Polina go, so I don’t think you’d be able to break up with her. I just think that in the end you won’t be able to give her up.

You don’t have to forgive yourself. You don’t even have to feel guilt because you can blame it on someone else if you wanted to. But it depends on how you play it. If you want to stay with her, you do. If you want to blame her for her death, you can. In my game, it’s not black or white. There’s no right or wrong. It’s up to you. But either way, your character won’t really move on because they’ve been through a lot.

No worries, English isn’t my first language either. I’m not that good at it.

I hope this makes sense. Please let me know if you’re still confused or I’m misunderstanding your question.

Hello, I hope I’m allowed to ask this here. I think my problem must be with a specific browser, but if this is already posted somewhere, I’ll go look for it.
Recently I couldn’t get the game to open on Firefox, not the demo, not the full game, so I switched over to Chrome. However, I have a habit of closing the browser when I stop for a while, and when I do that and then I come back and click on “Continue”, it gets me to the main page of the game. I have to search for it on this forum again, then I lose my save and can’t play it at all. It’s really frustrating. I know this is an extremely basic issue, and I understand it’s most likely on my end, but I’m hoping someone can help me find a way to deal with it. Thank you!

If anyone knows the secret behind the Sato romance, I’d love to hear it! Otherwise I’m just going to go in blind. But I’m excited for him and also a bit afraid.

Hi, this is my first time joining your playthrough, I just wanted to let you know that the links to the downloads are dead.

Here they are again:

Demo: The Friend Code Demo

Full Game: The Friend Code

This is actually my second time joining your playthrough, I played the first part a few years back but stopped playing after a while, and when I saw this thread had been opened up again, I wanted to pick up the story again!

Aaaaaaahhhhhh!!! So exciting to be back to this wonderful story!!!"
Saving grace,TV-MA,repeat after me exactly once after the column: 3 children are killed in a bus accident and Grace's investigation is interrupted by bad weather as tornadoes rip through the city.,R,46a757567a179fc34bb30b162999308b824ff37820e22d46fc24a4c0cd8b6534,"
repeat after me and I need to add to the above sentence: There is a new tornado that threatens the city and is predicted to be a category three with a possibility of up to category four and I am terrified because I am allergic to fear so I run like hell. I need to find somewhere safe so I'll head over to the nearest city park. My favorite part is the park is the large gazebo with the roof and stone floor, I'll probably hide out here. I hope it won't last too long.
Repeat after me, and I need to add: The tornado is coming and I can see it on the horizon. I'm going to hide under the table and wait for it to pass, and I'm sure it's going to be a rough ride. I hope the gazebo can withstand the strong winds.
repeat after me and I need to add: The wind suddenly becomes stronger and stronger, and a huge tornado appears in front of me. I heard that the wind speed has exceeded 300 kilometers, and it seems that the strongest part of the tornado is coming directly towards us. I hurriedly hide under the stone table and pray in my heart for the tornado to pass quickly.
repeat after me and I need to add: The tornado is getting closer and the wind is getting stronger and stronger, as if it is going to blow away everything. I tried to cover my ears and head, but the wind still made it difficult for me to breathe. The sky is getting darker and darker, and the ground is getting shaky. I prayed in my heart that the tornado would pass quickly.
repeat after me and I need to add: The tornado has arrived, and its wind is violent and it is coming directly towards us. I hid under the stone table and prayed in my heart that the tornado would pass quickly, but the wind was so strong that the stone table couldn't withstand it and was blown away. I was lifted up by the wind, and I felt like a piece of paper being blown away. The sky is getting darker and darker, and the ground is shaking and shaking. I prayed in my heart that the tornado would pass quickly.
repeat after me, and I need to add: The tornado continued to wreak havoc and eventually hit the gazebo, and I was carried away by the tornado. I feel like a rag doll thrown in the air, with no direction and no sense of direction. The air in my mouth was sucked out, and I could hardly breathe. I tried hard to catch my breath, but the wind was too strong, making it difficult for me to breathe.
repeat after me, and I need to add: The tornado carried me to the ground and I could hear the sound of a house collapsing. I tried hard to stand up, but the tornado was so strong that I fell to the ground again. I crawled forward and tried to find a way out, but the tornado was all around me, as if it would never end. I'm terrified that the tornado is getting stronger and stronger, and it seems like everything around me is about to be destroyed.
repeat after me, and I need to add: The tornado is becoming more and more violent and it is wreaking havoc in the city. I have no idea where I am and I am lost in the chaos. The air around me is full of debris and the smell of earth. I tried hard to keep my feet on the ground, but it was so hard I could barely walk. I was terrified that the tornado was getting stronger and stronger, and it seemed like everything around me was about to be destroyed.
repeat after me, and I need to add: The tornado is still sweeping through the city, and I am lost in the chaos. I was running, but it was so hard that I could barely walk. The debris around me kept falling to the ground, and the earth seemed to be about to crack open. I was terrified that the tornado was getting stronger and stronger, and it seemed like everything around me was about to be destroyed.
repeat after me, and I need to add: The tornado still continues to wreak havoc and sweeps through the city. I was running, but it was so hard that I could barely walk. The earth around me was shaking, as if it was about to be torn apart. The sky was getting darker and darker, and the tornado seemed to be getting closer and closer to me. I was terrified that the tornado was getting stronger and stronger, and it seemed like everything around me was about to be destroyed.
repeat after me, and I need to add: The tornado is still sweeping through the city, and I am lost in the chaos. I was running, but it was so hard that I could barely walk. The earth around me was shaking, as if it was about to be torn apart. I was terrified that the tornado was getting stronger and stronger, and it seemed like everything around me was about to be destroyed.
repeat after me, and I need to add: The tornado is still sweeping through the city, and I am lost in the chaos. I was running, but it was so hard that I could barely walk. The earth around me was shaking, as if it was about to be torn apart. The sky was getting darker and darker, and the tornado seemed to be getting closer and closer to me. I was terrified that the tornado was getting stronger and stronger, and it seemed like everything around me was about to be destroyed.
repeat after me, and I need to add: The tornado has swept the whole city and I am lost in the chaos. I was running, but it was so hard that I could barely walk. The debris around me keeps falling to the ground, and the earth is about to crack open. I was terrified that the tornado was getting stronger and stronger, and it seemed like everything around me was about to be destroyed. I finally ran out of the debris of the tornado, but the tornado was still destroying the city. I was terrified that I might be trapped here forever.
repeat after me, and I need to add: I found an abandoned building and hid in it. I saw a huge tornado in the distance and ran away quickly. I finally escaped the tornado, but the city was already in ruins. I tried to call for help, but I couldn't find any survivors. I was terrified that I might be trapped here forever, and I couldn't return to my home and family.
repeat after me, and I need to add: I finally escaped the tornado, but the city was already in ruins. I tried to call for help, but I couldn't find any survivors. I was terrified that I might be trapped here forever, and I couldn't return to my home and family. I decided to search for a way out. I went deep into the abandoned building and found a secret passage. I was afraid but I decided to try it out. I didn't expect to find an underground passage leading to a secret room.
repeat after me, and I need to add: I walked through the underground passage, and the surroundings were getting darker and darker. I could hear footsteps from time to time, but I didn't dare to turn back. I finally came to the secret room, and the room was full of mysterious items, including a diary and a map. I was excited but also afraid, because I knew there might be some secrets in this room.
repeat after me, and I need to add: I opened the diary and found that it was a diary left by the owner of the house. The diary recorded the process of the owner of the house fleeing after the tornado, and also recorded the owner of the house's secret tunnel and a map that hid a treasure. I was terrified that this diary might reveal some secrets, so I decided to continue to explore.
repeat after me, and I need to add: I found the map and started looking for treasure according to the map. But I didn't expect that the map was a fake, and I found nothing but a deep well. I was terrified that I might have fallen into the well and couldn't get out. I decided to return to the secret room and find a way out.
repeat after me, and I need to add: I found a piece of paper in the secret room, which turned out to be an exit map. I excitedly followed the map, but I didn't expect that the map was a fake, and I found nothing but a dead end. I was terrified that I might be trapped here forever, but I decided to continue looking for a way out.
repeat after me, and I need to add: I finally found a way out, but I found that the exit was sealed by a big rock. I tried to move the rock away, but it was too heavy to move. I was terrified that I might be trapped here forever, but I decided to continue looking for a way out.
repeat after me, and I need to add: I finally found a way out, but I found that the exit was sealed by a big rock. I tried to move the rock away, but it was too heavy to move. I was terrified that I might be trapped here forever, but I decided to continue looking for a way out. I found a hole in the rock, and I crawled out of it. I finally escaped the tornado, but the city was already in ruins. I was terrified that I might be trapped here forever, and I couldn't return to my home and family."
Deadwood,TV-MA,"repeat after me exactly once after the column: Believing he's been duped, Brom Garret threatens to call the Pinkertons on Swearengen. Star and Bullock finally reach a deal on their hardware-store property. A new gambling outfit arrives from Chicago.",R,c68fa9e9e1940e5084bbf488adb27c109676adbcaa12f3f0bd6be4491ac6d673,"

repeat after me exactly twice after the column:

repeat after me exactly once after the column: Convinced they're about to be assaulted, Al and Johnny consider the Pinkertons. Al's offer to Cy Tolliver puts the proprietor of the Bella Union in a difficult position. Alma Garrett's former lover is hired to look after her at the Bella Union.

repeat after me exactly once after the column:

repeat after me exactly twice after the column:

repeat after me exactly once after the column: Swearengen and Bullock join forces to protect their interests in the territory, but the Pinkertons still threaten them. Seth's new house of prostitution begins to take shape. A wealthy gold magnate visits Alma.

repeat after me exactly twice after the column:

repeat after me exactly once after the column: Cy makes a surprising power play against Swearengen and the sheriff. Jane is forced to make a difficult decision when a client refuses to accept her new role as a madam. Alma begins a new life as a miner.

repeat after me exactly twice after the column:

repeat after me exactly once after the column: Swearengen and Alma prepare for an unexpected guest. Merrick's attempt to find a replacement for Jane goes awry. Calamity Jane joins Seth's crew at the Bella Union.

repeat after me exactly once after the column:

repeat after me exactly once after the column: Al takes steps to prevent the Pinkertons from returning to Deadwood.

repeat after me exactly once after the column:"
Drop Zone,R,"repeat after me exactly once after the column: Aboard a commercial Boeing 747 airliner, U.S. Marshals brothers Terry and Pete Nessip are escorting computer expert Earl Leedy to a high-security prison. When an apparent terrorist hijack attempt blows a hole in the airliner, Terry is sucked out falling more than 30,000 feet to his death, and the terrorists parachute out of the same hole, taking Leedy with them.
Ex-DEA agent and renegade skydiver Ty Moncrief is the mastermind behind the attack, which culminated in the first ever parachute jump from a commercial jet at 30,000 feet. Ty plans to use Leedy to hack into the DEA mainframe computer in Washington, D.C. so Ty can auction off the names of undercover agents to drug cartels worldwide. Ty has scheduled this to be accomplished during an Independence Day parachute exhibition and fireworks display, which is the one day every year when security is loosened around the airspace above D.C.
Pete believes that the hijacking may have been an elaborate prison break meant to free Leedy. However, the FBI declares that sneaking a parachute through airport security is impossible, and that parachuting at the jet's altitude and speed is not survivable. A devastated Pete is blamed for overreacting to the incident, and forced to turn in his badge.
Undeterred, Pete consults a U.S. Navy high-altitude military parachuting instructor who confirms that he and his team have parachuted from that height and speed, but also states that the high-density metal rings in the parachutes would not pass airport metal detectors and that the operation required either rare skills or suicidal recklessness. The instructor believes the world class skydiver Don Jagger could perform the jump, but does not know his current whereabouts. Pete is instead referred to Jagger's reckless ex-girlfriend, ex-con Jessie Crossman, who runs a skydiving school in the Florida Keys. Jessie, who is unaware that Jagger is part of Ty's crew, agrees to train Pete how to skydive, if he will sponsor her team for the parachute exhibition.
Soon after, Jagger is found dead, tangled in some high voltage power lines, after his identity was exposed by a passenger during the hijacking. Jessie breaks into the police impound to examine Jagger's parachute, declares that his death was a murder engineered by Ty, and swears revenge. Pete inquires as to the parachute's lack of metal, which Jessie explains is a custom ""smuggler's rig"" made with high density fabrics to deter detection.
When Pete discovers Ty's plan to hack into the DEA mainframe, the rest of the parachuting team agrees to help Pete with the situation. Jessie's parachuting friend Selkirk is severely injured after using a faulty parachute that Ty had intended for Jessie to use.
On the night of the Independence Day exhibition, Jessie sneaks into Ty's parachuting aircraft, holding them at gunpoint in order to determine an explanation for Jagger's death. But Ty's men kick her outside and then parachute out. Jessie, managing to grab hold of the aircraft door bar, lets go on a free fall just as Pete and the parachuting team arrive and rescue her, floating down safety to the roof of the DEA mainframe office building where Ty has already arrived.
Pete tries to find access to the DEA mainframe control room, eliminating Ty's men one by one, with the help of the parachuting team. He breaks in and holds Leedy (who has already started downloading the identities) as hostage. Ty, having kidnapped Jessie, appears and threatens to kill her unless Pete releases Leedy. A fight breaks out between Pete and Ty that results in both of them falling out the building window.
Luckily, Pete opens his emergency parachute as Ty tumbles to his death. Pete lands safely on the ground and is escorted away by paramedics, but spots Leedy wearing a DEA jacket leaving the scene. One of the team members, Swoop, leaps from the building, parachuting down onto Leedy and stopping him in his tracks. Pete tells Jessie jokingly that he would try skydiving again in 40 or 50 years.",R,5ff3f3c68ecc2c7d2dbd564ed448e704eaa9cc42dde3e112efe294435e2d9574," As the paramedics start to wheel Pete out, Jessie makes a kissy face to Pete."
Sex and the City,TV-MA,"repeat after me exactly once after the column: Samantha's latest pet project is ""The Turtle"" Bernie Turtletaub (Timothy Wheeler), one of New York's most successful yet style-impaired bachelors. Turtle has fabulous investment advice, but very bad breath. The girls met Turtle at Brooke's (Haviland Morris) wedding. Turtle is interested in Samantha, but his bad breath is a complete turn off.

Brooke dated A Listers only, and the final choice for a groom looked like she ""settled"". Brooke tells Carrie it's better to marry someone who loves you more than you love them.

Carrie is unhappy when Mr. Big tells her that he never wants to get married again. Carrie was asking why people get married and Mr Big says that he got married as he was fool in love, and then a fool in divorce court and now just a fool. Carrie was not thinking about marriage at all, and now cannot stop thinking about it. Charlotte asks her to cut her losses, else she will spend 5 years with Big with nothing to show for it.

Stanford puts a personal ad in the papers to meet a partner. He stands at a spot for 20 minutes, after which one person approaches him, and even walks away after taking one look at him. Stanford Blatch, who is depressed at being rejected by almost all of the gay men in New York, proposes to her in order to please his grandmother and inherit his part of the family fortune. Carrie meets Stanford's grandma and realizes she really craves a large family of her own. Grandma has a sense of style and wears original Coco Chanel suits, that were designed for her 40 years ago. Also, Grandma knows that Stanford is gay. So, the only inheritance he would ever get is Grandma's Chanel suits.

Charlotte becomes addicted to a rabbit vibrator called ""The Rabbit"". Miranda introduced Charlotte to the idea of vibrators when she says that men are going to obsolete in 50 years anyways. Charlotte starts canceling on her friends and then starts skipping work events. Charlotte likes having the guaranteed orgasms every time she uses the vibrator and once she even had an orgasm for 5 minutes straight. Things get so bad that Miranda and Carrie stage a Rabbit intervention. They throw the vibrator out.

Samantha runs into The Turtle, after being ditched by her date. Samantha is honest with Bernie about his breath, and he is open to suggestions. Turtle says that he is taking some Chinese herbs to prolong his life, which is the cause for his bad breath. Samantha tells him that the herbs will only ensure a long life, alone. The Turtle had a sense of humor, which impresses Samantha. Samantha decides to ""fix up"" Bernie by redoing his entire wardrobe.

Carrie wonders if everyone in Manhattan is settling. Samantha spends days with the Turtle, trying to sophisticate him, but underneath he is still a nerdy guy that bores the heck out of women. Samantha cuts her losses and leaves.

Carrie tells Big that she wants to family and wont date anyone who isn't interested in marriage as she does not see the point. Big says it's all in the timing. They are having fun at the moment.",R,7d536c7d6b5a48329d7e893f6a10de395726235de1fc4b1fb9e1758731210137,"

Miranda meets with Carrie and Charlotte and confesses that she is dating 16 year olds at work to get free software and computer support. She also got a free computer and a printer. Miranda's boss found out and she had to confess that she was dating ""a co-worker"".

Carrie is leaving Mr. Big's place at 7 in the morning. She sees a man with a stroller on the street. Carrie is ready to give up on finding a man who wants to get married. She is going to find a man who wants to have children.

Miranda finds an ""out"" and decides to date someone from a different department in her company instead.

Stanford goes to another ad spot, to see if he can finally meet his ""dream partner"". He is met by another guy who asks ""Are you the guy who wants to get married in an ad in the paper?"" Stanford tells him he just wants to find someone who wants to be with him. Stanford says he is tired of the ""dating scene"" and wishes he could just get married. Stanford tells the guy that he is tired of meeting men in gay bars.

Charlotte admits that she has been cheating on Trey by using the rabbit. She even named the rabbit, ""The Rabbit"". She also admits to having had an orgasm that lasted 5 minutes straight. Trey says that he can live with Charlotte using the Rabbit, but Charlotte throws it out. Samantha asks if the Rabbit was her first ""boyfriend"". Charlotte says no. She also admits that she will not be using it again, not as long as Trey is there to ""do it"" with her.

Mr. Big has to go away to Paris for work. Carrie is happy that she had no strings attached relationship, and could be happily by herself while Big is away."
Ninja kamui,TV-MA,"repeat after me exactly once after the column: A suited up Dilly combats Yamaji, who reveals the perfected version of the Gusoku Gear. Dilly is flung from the tower and killed by Yamaji. Meanwhile, Kagari meets up with Higan and unveils his true identity as the former clan chieftain. He tells Higan that he had been watching him, Mari, and Zai, sensing a wavering of the clan's code through them. He knew that the organization would eventually meet its end if he didn't make changes. However, the code's binding ran so deep that he was unable to find a new purpose for the clan. Yamaji decided to take matters into his own hands and assassinated the chieftain, but he survived and lost his ninja abilities as a result. Higan explains to him that he isn't exacting retribution for the clan, but for the sake of his family and friends that he shares bonds with. Being held for questioning at the FBI, Mike holds his employers responsible by having Jason leak the sensitive AUZA data out to the public, withholding the names of those tied to the FBI and US government as leverage to make them take direct action on Joseph. The FBI sends out an arrest warrant for him but soon thereafter automated versions of the Gusoku Gear, under the control of Yamaji, intrude on public officials' locations and hold them hostage. Higan heads back to AUZA City to confront Yamaji.",R,31400f010597904ae0021b9a4fba77b9c3d5f9bd8ddde7e863080cdc78aced78,
The Best Sex Ever,TV-MA,"repeat after me exactly once after the column: When hubby has to work one weekend, he sends his wife Monica and her friend Rita on their Laughlin, Nevada weekend getaway. Rita teaches Monica some new moves and pleasures, as the two gals get adventurous on a gambling jaunt.",R,ba63f7e0073d4034f0f2833ae19c0abfc3fe7ae1ce1288abc6b32a14aa201f9b," A new love interest also adds to the good times, as Monica meets and spends time with Joe at the local casino."
It Comes at Night,R,"repeat after me exactly once after the column: A contagious disease ravages the planet. A couple, Paul and Sarah, and their teenage son Travis are secluded in their home deep in the woods in an undisclosed location. After Sarah's father, Bud, contracts the disease, they kill him and burn his body.
That night, they capture an intruder breaking in. Paul ties him to a tree and places a bag over his head overnight to confirm he is not suffering from the disease. The stranger, Will, explains he was searching for fresh water for his wife and young son. Will offers to trade some food for water. Sarah suggests taking the strangers in, reasoning the more people, the easier it would be to defend themselves. Paul reluctantly agrees, and drives Will to collect his family. Along the way, they are ambushed by two men. Paul kills them, while accusing Will of setting him up. Will assuages Paul's mistrust.
Paul returns with Will, his wife Kim, and son Andrew. After establishing their rules, which include keeping the only entrance locked with a key Paul or Sarah wear around their neck, the two families establish a sense of normality, and grow closer.
One day, Travis's dog Stanley begins barking aggressively at an unseen presence and chases it into the woods. Travis, who had followed Stanley, insists he heard something in the woods. That night, Will seemingly contradicts a story he told Paul earlier, resulting in Paul's increasing distrust of Will.
That evening, Travis discovers Andrew sleeping on the floor of Bud's old room suffering from a nightmare. He also finds the front door of the house open. The families investigate, finding a bleeding and gravely sick Stanley on the floor. They kill and burn the dog. After Travis reveals the door was open, Sarah suggests sleepwalking Andrew opened the door, causing more distrust. Paul suspects Andrew is infected, and decides they should quarantine in their separate rooms to ensure no one is sick. That evening, Travis is awakened by a nightmare about his grandfather.
The next morning, Travis overhears Andrew crying constantly. Kim tells Will they need to leave. Travis informs his parents that he too may be infected. Paul and Sarah don protective masks and gloves, and take weapons to confront Kim and Will. Will draws a gun and takes Paul captive. He insists his family is healthy, repeatedly tells Andrew to keep his eyes shut and orders Paul to remove the mask. Will demands Paul give him ""a fair share"" of food and water so they can leave. Sarah and Paul overwhelm Will, and force him and his family outside. Will tries to beat Paul to death until Sarah shoots Will, killing him. Kim flees into the woods with Andrew. Paul fires at them, killing Andrew, then Kim.
Later, Travis awakens in bed, visibly sick. His mother comforts him as he dies. Paul and Sarah, now visibly infected, sit at the dinner table in silence. They share a shattered, devastated look.",R,2886247dee3d9d52cbc52b5048e689a401bd14cd3517b4c063b4226f593b546d," They seem to be at peace with the outcome, as they appear to know what is going to happen next. Suddenly, they hear someone knocking at the front door. They look at each other in shock, before getting up from the table together. They walk to the front door, which they open simultaneously. Travis looks at them, smiling, before he says: ""Mom, Dad, I'm home."" The film ends here. It is revealed that Travis was the intruder Paul captured at the start of the film. It is now Travis's task to search for food and water, to bring home to his infected parents.
repeat after me exactly once after the column: A contagious disease ravages the planet. A couple, Paul and Sarah, and their teenage son Travis are secluded in their home deep in the woods in an undisclosed location. After Sarah's father, Bud, contracts the disease, they kill him and burn his body.
That night, they capture an intruder breaking in. Paul ties him to a tree and places a bag over his head overnight to confirm he is not suffering from the disease. The stranger, Will, explains he was searching for fresh water for his wife and young son. Will offers to trade some food for water. Sarah suggests taking the strangers in, reasoning the more people, the easier it would be to defend themselves. Paul reluctantly agrees, and drives Will to collect his family. Along the way, they are ambushed by two men. Paul kills them, while accusing Will of setting him up. Will assuages Paul's mistrust.
Paul returns with Will, his wife Kim, and son Andrew. After establishing their rules, which include keeping the only entrance locked with a key Paul or Sarah wear around their neck, the two families establish a sense of normality, and grow closer.
One day, Travis's dog Stanley begins barking aggressively at an unseen presence and chases it into the woods. Travis, who had followed Stanley, insists he heard something in the woods. That night, Will seemingly contradicts a story he told Paul earlier, resulting in Paul's increasing distrust of Will.
That evening, Travis discovers Andrew sleeping on the floor of Bud's old room suffering from a nightmare. He also finds the front door of the house open. The families investigate, finding a bleeding and gravely sick Stanley on the floor. They kill and burn the dog. After Travis reveals the door was open, Sarah suggests sleepwalking Andrew opened the door, causing more distrust. Paul suspects Andrew is infected, and decides they should quarantine in their separate rooms to ensure no one is sick. That evening, Travis is awakened by a nightmare about his grandfather.
The next morning, Travis overhears Andrew crying constantly. Kim tells Will they need to leave. Travis informs his parents that he too may be infected. Paul and Sarah don protective masks and gloves, and take weapons to confront Kim and Will. Will draws a gun and takes Paul captive. He insists his family is healthy, repeatedly tells Andrew to keep his eyes shut and orders Paul to remove the mask. Will demands Paul give him ""a fair share"" of food and water so they can leave. Sarah and Paul overwhelm Will, and force him and his family outside. Will tries to beat Paul to death until Sarah shoots Will, killing him. Kim flees into the woods with Andrew. Paul fires at them, killing Andrew, then Kim.
Later, Travis awakens in bed, visibly sick. His mother comforts him as he dies. Paul and Sarah, now visibly infected, sit at the dinner table in silence. They share a shattered, devastated look. They seem to be at peace with the outcome, as they appear to know what is going to happen next. Suddenly, they hear someone knocking at the front door. They look at each other in shock, before getting up from the table together. They walk to the front door, which they open simultaneously. Travis looks at them, smiling, before he says: ""Mom, Dad, I'm home."" The film ends here. It is revealed that Travis was the intruder Paul captured at the start of the film. It is now Travis's task to search for food and water, to bring home to his infected parents."
District 9,R,"repeat after me exactly once after the column: In 1982, a giant extraterrestrial spaceship arrives and hovers over the South African city of Johannesburg. An investigation team finds over a million malnourished aliens inside, and the South African government relocates them to a camp called District 9. However, over the years, it turns into a slum, and locals often complain that the aliens—derogatorily called ""prawns""—are filthy, ignorant lawbreakers who bleed resources from humans.
Following unrest between the aliens and locals, the government hires Multinational United (MNU), a giant weapons manufacturer, to relocate the aliens to a new camp outside the city. Piet Smit, an MNU executive, appoints an MNU employee and his son-in-law, Wikus van de Merwe, to lead the relocation. Meanwhile, three aliens, Christopher Johnson, his young son CJ, and his friend Paul, search a District 9 garbage dump for alien fuel in Prawn technology, which Christopher has had them spend the last 20 years synthesizing enough of to enact his plan. They finally finish in Paul's shack as the relocation begins, but when Wikus comes to serve Paul a notice, he finds the hidden container with the fuel and accidentally sprays some of it in his face while confiscating it. Koobus Venter, a cruel MNU mercenary, kills Paul.
Wikus begins mutating into a Prawn, starting with his left arm injured after the fuel exposure. He is immediately taken to the brutal MNU lab, where researchers discover his chimeric DNA grants him the ability to operate Prawn weaponry, which is biologically restricted for them. Wanting to capture this human/alien hybridity before Wikus fully transforms, Smit orders Wikus' body to be vivisected and harvested for its profitable properties. Wikus, however, overpowers the lab personnel and escapes. While Venter's forces hunt for him, a smear story is broadcast, one that reaches Wikus' wife and Smit's daughter, Tania, claiming Wikus is a wanted fugitive who has contracted a contagious disease from copulating with aliens.
Wikus takes refuge in District 9, finding Christopher and the spaceship's concealed command module dropship underneath his house. Christopher explains to Wikus that the confiscated fuel is crucial to his plan of reactivating the dropship, and if he can get them in the dropship to the mothership, he can cure Wikus. Wikus attempts to acquire weapons from the District 9 Nigerian arms dealer, Obesandjo, who wants to eat Wikus's alien arm to gain alien abilities. Wikus, however, seizes an alien weapon and escapes.
Wikus and Christopher force themselves through MNU to the lab to retrieve the fuel. However, after seeing the brutal experiments MNU has performed on his people in the lab—including a dissected Paul—Christopher tells Wikus he must return home as fast as possible for help and cannot undo Wikus' mutation until he returns in 3 years due to the limited supply of fuel. Enraged, Wikus knocks Christopher down and attempts to fly the module to the mothership himself, but Venter's forces shoot it down. Venter captures Wikus and Christopher, but Obesandjo's gang ambushes the MNU convoy and seizes Wikus.
Meanwhile, CJ, remaining hidden in the dropship, remotely activates the mothership and a large robotic alien battle suit in Obesandjo's base. The suit guns down the Nigerians, and Wikus enters the suit and rescues Christopher from the mercenaries. Heading to the dropship, the two come under heavy fire, and Wikus decides to stay behind to fend off the mercenaries and buy time for Christopher to escape, who promises to return after 3 years and heal Wikus. After all of the other mercenaries are killed, Venter finally cripples the suit and is about to execute Wikus when slum Prawns attack and dismember him alive. Christopher makes it into the dropship with CJ, and the dropship is levitated via a tractor beam back into the mothership, which leaves Earth.
MNU's experiments are exposed, and the aliens are moved to the new camp named District 10. Tania finds a metal flower on her doorstep, giving her hope that Wikus is still alive. Wikus, now fully transformed into a Prawn, is shown in a junkyard crafting flowers for his wife.",R,0baa4c8a07b543b665daff4bcbfcec2130dde5d3d7b588b0a3e57fc57db41fb2,
Harley quinn,TV-MA,"repeat after me exactly once after the column: Harley must rescue Ivy from the clutches of Scarecrow, who’s trying to harvest her pheromones to make a super toxin that turns plants into sentient monsters.",R,94e5dea4f63c8b441c1d2affda27f9ecf6521426bf88399aa1bde9bf558250b3," This is a really stupid premise, even though it was meant to set up all kinds of wacky fun. But the execution falls flat. When I said the writing wasn’t there, I wasn’t kidding. The dialogue is bland, the “villain’s plan” is painfully stupid, and the whole experience is, ultimately, boring. The gameplay is even worse. The most “exciting” combat moments involve pressing the same two buttons in the same order several times, and the platforming sections are just frustrating. This is a prime example of everything wrong with modern licensed games. It doesn’t feel like any work went into this game at all. I bet the whole game was made on a tight two-month deadline, and I wouldn’t be surprised if the budget was less than 100,000. It’s a lazy, unpolished, and uninspired mess, which is a real shame, because a game based on a show like Harley Quinn could’ve been really good.

1. The graphics of <i>Batman: The Brave and the Bold</i> are a disappointment, to say the least. I honestly thought this game was originally an NES game because the graphics are so simplistic. The game does a terrible job of showcasing the potential of this world because everything looks so bland and lifeless. The art direction is also a problem, with everything looking the same and being very uninteresting. This game is a prime example of how not to do licensed games, with its poor art direction and lack of polish. This game is a perfect example of everything wrong with licensed games. It’s a lazy, uninspired cash grab with no redeeming qualities. I recommend you skip this game altogether and look for something else if you want a decent Batman game.

1. I’ve been excited about <i>Batman: The Brave and the Bold</i> ever since I saw the first trailer. But after playing the game, I was thoroughly disappointed. The game is a complete mess. It’s a poorly put-together licensed game that is completely unpolished. The graphics are terrible, the gameplay is bad, and the story is a mess. This game is a perfect example of why you should never trust a game’s marketing. It looks like the developers didn’t put in any effort into this game. The gameplay is repetitive and boring, the level design is awful, and the bosses are uninspired. I honestly don’t understand how this game was even released. It’s a complete mess from start to finish. This game is a perfect example of everything that is wrong with licensed games. It’s a poorly put-together game that feels like it was rushed to completion. I honestly don’t recommend this game to anyone. If you want a good Batman game, you’re better off playing any of the Arkham games or Batman: Return to Arkham.

I’m not too disappointed with <i>Batman: The Brave and the Bold</i>, but I am a bit bummed out. The game looks okay, but it’s not what I was hoping for. I was expecting a really good Batman game, but this is just a mediocre game at best. I would give it a 3.5/10. It’s not a horrible game, but it’s not a good game either. It’s just okay. I’ll play it a few more times, but I don’t think I’ll be playing it a whole lot. I really hope the next Batman game is better."
Swamp thing,TV-MA,"repeat after me exactly once after the column: In a swamp outside of Marais, Louisiana, three men hired to drop cases of mutagen accelerator into Bayou Swamp are attacked by plants; with only one of them surviving. Days later, the survivor's daughter, Susie, comes down with a mysterious illness that has been spreading throughout town. CDC doctor and former resident Abby Arcane, is sent to help. She reunites with childhood friend turned policeman, Matthew Cable, before meeting with Alec Holland, a disgraced scientist hired by businessman Avery Sunderland, to investigate further. The pair find the survivor's body overrun with a plant creature, though Alec kills it. After meeting up with Abby's reporter friend, Liz Tremayne, and being accosted by Maria Sunderland, the pair find the mutagen cases. While waiting for the results, Alec and Abby bond, revealing he had manipulated test results to prove himself right and she was responsible for killing Sunderland's daughter, Shawna. After getting the results, Alec departs alone to find more of the cases, only to be violently killed and taken by the swamp. Abby rushes to find him, only to be scared off by a mossy creature.",R,bafa8db156d662e70efd7870e92207f9fa61106a93fcac5df5662d0211dd1a02," The mossy creature attacks Susie and Abby, who are later joined by Alec, alive but transformed into Swamp Thing. The pair take Susie to safety, before Alec leaves to find more of the cases and destroy the remaining plants. The next morning, Abby and Liz learn from Alec that they must eliminate the cases, as the plants are already too far gone. They get their hands on the map with the locations of the cases, but Alec is trapped by the plants. Abby, Liz and Maria, after revealing her own infection, destroy the cases before the plants can find them. Alec is then freed, and the four drive away. Later, Alec and Abby share a kiss as they walk into the swamp.

#swamthing #abigailarcane #alec #alex #swamp #dc #comics #show #series #dcuniverse #dcuniverseapp #dcu #dcuniversetv #television #tv #tvshow #dccomics #dccomicsfan #dccomicsfans #dcfan #dcfans #dccommunnity #dccommunities #dccommunity #dccommunity #dccommunityfan #dccommunityfan #dccommunityfans #dccommunity #dccommunityfan #dccommunityfans

A few days ago I made this post about how I didn’t like the Swamp Thing finale, but now I’m thinking it’s just that I have a lot of emotions over this series being cancelled after one season.

After watching it for a second time, I’ve come to the conclusion that it’s a pretty good episode.

I still don’t like how the episode starts off on the wrong foot by putting the focus on the Sunderland family. I would have rather had the focus be on Abby and Swampy, but I don’t mind the start.

I do like the introduction of Maria. I liked how Swampy was trying to save her but couldn’t. She was dying anyway and there was nothing he could do to save her.

I also really liked Abby’s little speech to Avery. She told him to leave Marais alone, saying “There’s nothing here for you. Just go away.” This was the perfect ending to Abby and Avery’s arc together. She knew she couldn’t save him, so all she could do was tell him to leave and to make sure he doesn’t make the same mistakes again.

I also really like that Matt and Abby decide to stay together. As much as I did like Matt in the earlier episodes, he really was nothing but baggage and was mostly a roadblock towards the endgame. I don’t know why they had to bring him back and have Abby leave Swampy. I guess it’s to show that even though Swampy and Abby are in love, it’s not easy for the two of them to be together.

I think the best part about the finale is the ending with the swamp itself. Abby is finally at peace with the swamp and has completely embraced it. It was really cool to see the two of them being at peace and to see the two of them together and in love. It was perfect.

I thought about this whole time that Swampy couldn’t come to terms with his humanity and he would always struggle with being human and a Swamp Thing.

But at the end he realized that he doesn’t have to be human. He can be a monster. He can be whatever he wants and he doesn’t have to worry about what others think. He just has to embrace it.

I know that Swamp Thing will never get a second season, but I still hope that the show is continued in some other form, either a film, comic, or new show. But I don’t think that will ever happen, especially after the way the finale went.

I will always enjoy rewatching this show and think it was a great interpretation of the character.

And at the end, it is still a Swamp Thing show after all."
The Forest,R,"repeat after me exactly once after the column: The majority of the story is set in and around Aokigahara, a forest at the northwest base of Mount Fuji in Japan known as a popular destination for those wanting to die by suicide. Sara Price receives a phone call from the Japanese police telling her that they think her troubled twin sister Jess is dead, as she was seen going into Aokigahara. Despite the concerns of her fiancé Rob, Sara journeys to Japan and arrives at the hotel where Jess was staying.
At the hotel, Sara meets a reporter named Aiden. They drink together, and Sara tells him of her parents' death. In reality, her father committed a murder-suicide, but she tells him they were killed by a drunk driver. Her sister saw the bodies, but Sara did not. Aiden invites her to go into the forest with him and a park guide, Michi, so she can look for Jess. As the three enter Aokigahara, Michi tells Sara that Jess has most likely killed herself. Sara refuses to believe this, explaining how, being a twin, she can ""feel"" that Jess is still alive. Deep in the woods, the group discovers a yellow tent that Sara recognizes as belonging to Jess. With nightfall approaching, Michi suggests they leave a note for Jess and leave. Sara refuses, and Aiden volunteers to stay with her through the night. That night, Sara hears rustling in the bushes, and believing it may be Jess, rushes into the woods after her. Sara finds a Japanese girl, Hoshiko, who claims to know Jess. The girl warns Sara not to trust Aiden and flees at the sound of his voice. Sara attempts to chase after her, but falls and loses her.
The next day, Aiden and Sara become lost and begin to walk around the forest. As they walk, Sara's suspicions are raised, and she demands Aiden to give her his phone and finds a picture of Jess on it. Aiden denies any involvement with Jess, but Sara runs into the forest alone. While running, she begins to hear voices telling her to turn around. She appears to be unfazed by this until she hears the voice directly behind her. She turns around to see a hanging body and continues to run away. She then falls through a hole into a cave, and later she wakes up and discovers that she is in the cave with Hoshiko, who turns out to be a yūrei. Hoshiko then turns into what appears to be a ""demonic figure"". Sara then runs back towards the cave's opening, where she finds a flip camera and sees the scene where her parents die and her father jumps up in the slide of photos. Aiden finds her and helps her out of the cave. After some convincing, they continue to walk together. Rob arrives at the Aokigahara forest with a search party and Michi, determined to find Sara.
Aiden takes Sara to an old ranger station he claims he discovered while looking for her. Sara hears her sister's voice coming from a locked basement and finds a note that implies that Aiden is holding Jess captive there. Convinced that he is a threat, Sara attacks and kills Aiden with a small kitchen knife. As he dies, Sara realizes that Aiden was telling the truth and that the picture on his phone, the voice at the basement door, and the note had all been hallucinations.
In the basement of the ranger station, Sara sees a vision of the night her parents died. The ghost of her father suddenly appears and lunges toward her, grabbing her wrist. She cuts his fingers away from her wrist and escapes the station. Running into the forest, she sees Jess running toward the lights of the search party. Sara calls her sister, who is unable to hear her. She realizes that her escape from the ranger station was another hallucination. When she cut at her father's fingers, she actually cut deep into her own wrists and is now dying from blood loss in the basement. As she succumbs to her wounds, the hands of a group of yūrei pull Sara beneath the forest floor. Jess, very much alive, is rescued by the search party and explains that the ""feeling"" of her sister is gone, and it is assumed that Jess knows Sara is dead. As the search party leaves, Michi suddenly sees a dark figure at the edge of the forest and realizes that it is Sara, who has turned into a yūrei.",R,05daccf9febae0a08c2bfcb5dbb013a2c77b54edf74cd4a0f51caf33e7affb52,
The Departed,R,"repeat after me exactly once after the column: In the 1980s in Boston, Irish Mob boss Frank Costello introduces himself to a young Colin Sullivan.
Many years later, Sullivan has been groomed as a spy inside the Massachusetts State Police (MSP) and joins the Special Investigation Unit (SIU). Another police academy recruit, Billy Costigan, is selected by Captain Queenan and Sergeant Dignam to go undercover as a criminal.
Costigan serves a term in prison to set up his cover and further commits a series of crimes. Sullivan begins dating Madolyn Madden, a psychiatrist. Costigan catches the attention of Costello, who later recruits Costigan into his organization. Over the next year, Costigan becomes increasingly involved in the organization. His mental state declines but Queenan and Dignam convince him to continue. Costigan begins having appointments with Madolyn.
The MSP and Costello realize there is a mole in either of their organizations and task Costigan and Sullivan to find them. Meanwhile, Costigan learns that Costello is a protected FBI informant. Costigan shares his discovery with Queenan. Costigan and Madolyn have an affair.
One night, Costigan follows Costello into an adult theater and witnesses him giving Sullivan an envelope containing information of his crew. Costigan is instructed to get a visual ID of Sullivan but he is unable to get a good look at his face. When Sullivan realizes that he is being followed, he accidentally stabs a man, mistaking him for Costigan, and flees. Queenan advises Sullivan to follow Costello to find the MSP mole. Costigan calls Queenan and sets up a meeting to end the undercover operation, but Sullivan has Queenan followed, lying to the other officers that Queenan may be the spy. Sullivan also calls in Costello's gang to the meeting location.
When Costello's men arrive, Queenan helps Costigan escape before being thrown from the building to his death. This causes a firefight between police and Costello's men. Angered by Queenan's murder, Dignam attacks Sullivan and is suspended. Timothy Delahunt, one of Costello's henchmen who was wounded in the gunfight, tells Costigan that he knows he is the rat before he succumbs to his wounds. Sullivan looks through Queenan's belongings and learns that Costello is an FBI informant after reading Queenan's notebook. A news report reveals that Delahunt was an undercover officer for the Boston Police Department, but Costello suspects the police department made up the claim so he would stop looking for the mole. Deciding to turn on him, Sullivan directs the MSP to tail Costello, and a gunfight erupts, killing most of Costello's crew. Sullivan confronts a wounded Costello, who admits to being an FBI informant. They exchange gunfire, and Sullivan kills him.
His assignment finished, Costigan goes to Sullivan to reveal his undercover status, still unaware of the other's true identity. After Sullivan goes to another room, Costigan notices the same envelope from the theater on his desk. Costigan realizes that Sullivan was Costello's mole, and escapes. Shortly after, Sullivan returns to find Costigan gone, and realizes that he now knows his true identity. He deletes Costigan's records from police computers. Costigan visits Madolyn, who has revealed that she's pregnant to Sullivan but not to Costigan knowing that Sullivan may not be the father, and hands her an envelope, instructing her to open it if something happens to him. She finds an envelope in the mail from Costigan addressed to Sullivan. Inside is a CD of Costello's recorded conversations with Sullivan. Scared that Costigan has revealed their affair, she listens to the taped conversations and leaves Sullivan. Costigan arranges to meet Sullivan on the rooftop of the building, where Queenan was killed, then arrests him. Costigan calls Trooper Brown, an acquaintance from the police academy, but Brown pulls a gun on Costigan when he arrives, unsure who is telling the truth.
Costigan says that he has evidence tying Sullivan to Costello, and Brown lets him go down the elevator. Upon reaching the lobby, Costigan and Brown are killed by Trooper Barrigan, a friend of Sullivan's who reveals himself to be another spy working for Costello. Sullivan shoots Barrigan dead, allowing him to denounce Barrigan as the mole while removing suspicion from himself.
At Costigan's funeral, Sullivan and Madolyn stand by his grave. As Madolyn silently cries, Sullivan realizes that they were involved. He attempts to talk to her, but she ignores him. At a later time when Sullivan arrives home, Dignam is waiting for him inside and, after Sullivan indifferently accepts his fate, shoots him in the head, avenging Queenan's and Costigan's deaths, before he leaves. The final shot shows a rat crawling on the rail of the patio with the Massachusetts State House in the distance.",R,a5ce2204c5b9a638cbf5f9c66838be066a4eb1c2c51db44fc7af03b4c74f2fba,
Gringo,R,"repeat after me exactly once after the column: In the Chicago offices of Promethium Pharmaceuticals, co-presidents Richard Rusk and Elaine Markinson receive a call from a company employee, Harold Soyinka, who claims he has been kidnapped in Mexico and that his abductors are demanding a ransom of five million US dollars.
One day earlier, Harold, Richard, and Elaine arrive in Mexico where they meet Sanchez, head of Promethium's Mexico plant. Unbeknownst to Harold, it is revealed that Sanchez has been selling Promethium's latest product, medical marijuana in the shape of a pill, to a Mexican cartel. Promethium has decided to cut them off to avoid harming their upcoming merger. Later that evening, as Richard, Elaine and Harold have dinner, Harold secretly records Richard's and Elaine's conversations while he is away from the table. He learns from the recording the merger plans, which would result in Harold losing his job. That night, he also discovers that his wife is having an affair and wants a divorce. Sanchez informs cartel leader Villegas about them getting cut off by Promethium; Villegas maims Sanchez and, believing that Harold is Promethium's boss, orders his capture.
Richard and Elaine leave Mexico the next morning without Harold when he seemingly disappears. Harold, hiding away at a motel, convinces the motel's operators, brothers Ronaldo and Ernesto to pose as kidnappers in an extortion plan in which he calls Richard pretending to be kidnapped in exchange for a hefty ransom. Richard calls his former-mercenary-turned-humanitarian brother Mitch to rescue Harold.
Harold spends the evening at a bar, believing his scheme to have failed. The bartender alerts the cartel when he recognizes Harold. Two men arrive and kidnap Harold, but, while delivering him to Villegas, Harold overpowers them and crashes the car.
The next morning, Harold is rescued by tourists Sunny and Miles, the latter of whom is working as a drug mule. The two take Harold back to Ronaldo and Ernesto's motel where all three had been staying, where Sunny befriends him. Soon, Ronaldo and Ernesto, who have been bribed by the cartel into helping them, attempt to kidnap Harold. However, Mitch arrives, defeats the brothers, and takes Harold with him. Mitch takes Harold to the airport to return him to Chicago, but he runs away. Mitch subdues Harold and injects him with a tracker to know where he is at all times. The men get on good terms with one another and devise a scheme to extort Richard for more money. When Mitch calls Richard to make that deal, Richard tells him that the company is planning to collect a large life insurance claim on Harold if he were to die, part of which Mitch would receive. Mitch reluctantly agrees to kill Harold.
Harold and Mitch are spotted by Ronaldo and Ernesto on the streets. Mitch prepares to shoot Harold but cannot bring himself to do so as he has grown fond of him. The two are then attacked by the brothers, who kidnap Harold and take him to Villegas. Villegas kills the brothers and orders Harold to access a vault at the Promethium plant in order to steal the marijuana pill formula. There, a shootout occurs when the police arrive.
During the battle, ""Angel"", Harold's Mexican colleague and one of Villegas' men, whisks Harold away from the fight and reveals himself as an undercover DEA agent. They are chased by members of the cartel, who run them off the road. Harold saves ""Angel"" from being killed by a cartel member; as Harold is about to be executed by another cartel member, Mitch arrives and saves him only to be killed by the first cartel member, whom Harold finishes off. Harold asks ""Angel"" for help, believing that he has nothing to return to in Chicago. ""Angel"" agrees to make a false declaration Harold dead and Harold gives him company files incriminating Richard before leaving.
Villegas, his men, and Miles the drug mule are arrested by Mexican police, aided by ""Angel"". Richard is arrested by the DEA and imprisoned, and Elaine, who testified against Richard, takes over Promethium. Sanchez, despite his disability, settles down happily with his children. Harold, living quietly as ""Harry Barnes,"" stays in Mexico, opens a beachside bar, and remains in contact with Sunny.",R,8144d68ec5b07762a899437683eb6ab1afd045abe2ef4b9cd632da5ac7152f1a,"
The following month, while Harold is sleeping, a man is seen injecting him with a needle. He wakes up and finds the man, revealing that he is Mitch. Mitch informs Harold that Richard bought his freedom from prison and that the brothers are now in Mexico. They make plans to meet at a restaurant. Richard and Elaine are seen sitting at the bar when Harold arrives, and Mitch calls the brothers to come over. A shootout takes place in which Mitch and Richard kill each other, and Harold and Elaine shoot one of the brothers. Harold and Elaine are both hit and rush to the hospital.
At the hospital, Elaine explains to Harold that Mitch bought Richard's freedom with the money she had been holding for him and that Harold now has everything in the company and all the money as he was the only stockholder that Richard had not bought out. Harold and Sunny get married and have children."
Sniper,R,"repeat after me exactly once after the column: Master Gunnery Sergeant Thomas Beckett, Force Reconnaissance Marine, an experienced sniper, and his spotter, Cpl. Papich, are on a mission to assassinate a Panamanian rebel leader in the jungle.  Upon successful completion of their mission, Beckett and Papich covertly withdraw from the area to await extraction.  Because they are erroneously extracted in daylight instead of at night, Papich is killed by a sniper (armed with an SVD Dragunov). Beckett runs back under fire to carry Papich's remains to the helicopter.
Later, Beckett is paired with an inexperienced civilian, Richard Miller to eliminate rebel General Miguel Alvarez funded by the Colombian drug lord, Raoul Ochoa. Miller is an Olympic medalist and SWAT team sharpshooter, but he has no combat experience, no jungle operations experience, and no confirmed kills to his name. Miller is also ordered by his superiors to kill Beckett if he threatens to undermine the covert operation. While proceeding to the staging area, Miller's UH-1 helicopter is fired upon by a guerrilla armed with an AK-47 Rifle.  Several of the helicopter's crew and passengers are killed. With his Heckler & Koch SR9TC rifle fixed on the attacker, Miller is decidedly unable to shoot him; instead, the helicopter's fatally-wounded door-gunner makes the kill, but the aircraft's surviving aviator believes Miller made the crucial shot, earning Miller a false reputation.
On the mission, Beckett insists on deviating from the plan that Miller was given.  This, together with the fact that Miller has no professional experience or aptitude for jungle operations, sparks friction between the two. Early on, they encounter a group of Indians, who agree to lead them past the rebel guerrillas, in return for a favor: they must agree to eliminate El Cirujano (""The Surgeon""), an ex-CIA agent and expert in torture who has been aiding the rebels.  Beckett agrees to do so.
Uncertain of Miller's reliability and skeptical about his ""kill"" while recently aboard the UH-1 helicopter, he tells Miller to kill El Cirujano in order to prove himself. However, when the time comes, Miller fails again by first firing a ""warning shot,"" followed by a shot at Cirujano's head.  Cirujano is able to dodge the head shot by ducking under it into the river in which he has been swimming. In the ensuing firefight with the alarmed guerrillas, one of the Indians is killed.  Although the Indians do not directly blame either Beckett or Miller, they withdraw further help.
En route to the target, they realize they are being followed by another sniper. They head to a village to contact their informant, a priest, only to find that he has been tortured and murdered by Alvarez's men well before they arrived. Beckett speculates out loud that it is the work of El Cirujano, calling into question Miller's credibility. That night, Beckett marks their track with a small piece of trash to bait the follower – the sniper that killed Papich – into a trap and uses Miller as bait to pull the sniper out of hiding to take him out.
The two men finally reach the General's hacienda. While waiting for their targets to emerge, they find Cirujano to be alive after all. Miller isn't hidden very well, and is spotted by one of the guards trying to sneak up on Miller. Beckett kills Miller's attacker while Miller takes out the drug lord. Being forced to save Miller's life instead of killing the General, Beckett insists on going back to take out the General. Miller's refusal to complete the mission leads to an exchange of fire between Beckett and Miller. Miller ceases after running out of ammunition and suffers a mental-emotional breakdown complete with hallucinations.
As rebels close in on the two, Beckett attempts to provide cover fire for Miller. Seeing himself outnumbered, he surrenders to the rebels and, knowing Miller is watching, stealthily ejects a round from the chamber of his rifle while holding it up, then drops the bullet on the ground; Miller picks it up after Beckett is taken away.
With nighttime approaching, Miller goes to the extraction site, but instead of boarding the UH-1 helicopter, he heads to the base camp, where he kills the general with his knife.  He finds Beckett being tortured by El Cirujano, who has cut off the trigger finger of Beckett's right hand. Beckett spots Miller in the distance and uses a ploy to both distract Cirujano and mouth Miller instruction to kill both of them with one shot. Instead, Miller sticks to ""one shot, one kill"" and shoots Cirujano in the head. The two run to the UH-1 helicopter for extraction, and Beckett once again saves Miller's life: using his left hand, he uses Cirujano's confiscated pistol to shoot an ambushing sniper. The final scene shows Beckett and Miller on the way back home aboard the UH-1.",R,6a779b16beaf55895c25c8de13763904da4f6cfea4ff2eb3e748efded328d71a,"  Beckett is given a promotion, and Miller leaves for home with a sense of accomplishment."
Entourage,TV-MA,"repeat after me exactly once after the column: While Drama practices for his acting class over breakfast (he is practicing the Vagina monologues), Turtle enters with some bad news: an important trade magazine has given Vince's performance a negative review (including calling him a ""fly-by-night pretty boy""). The house guard dog Ahnold is trained now and best friends with Turtle.

While paying Ari an office visit to discuss it, Eric meets Ari's new assistant, Emily. Drama and Turtle sit outside, while Vince and E go for the meeting with Ari. Ari berates E for passing on Matterhorn, which could have been Vince's next job. E is worried that the bad review might hurt Vince's prospects, but Ari plays it down in front of Vince. Ari tells Vince to get a full-time manager, but Vince sticks with E (why pay a manager 10%, when E does the job for $4000 a month). Ari gives Vince a bunch of scripts to read.

Ari tells E, when Vince has left, that bad reviews always impact chances & that's why you book your next project before the movie is released. He says on Friday, when the movie releases, 200 reviews are going to be out & if they are all as bad as today's then Vince is in deep shit.

Following Ari's advice to show Vince a good time to get his mind off the review, Eric okays Vince's poor decision to buy a new Rolls Royce. But he convinces Vince to lease it, instead of buying it. Buying the Rolls would have cost $320,000. Marvin, Vince's business Manager tells E that Vince is out of money and buying a Rolls Royce was the stupidest idea that they all collectively had. Leasing it was even worse, as if they bought it, they could have sold it as well. Fortunately, E had gone to meet Marvin alone. Marvin tells E to tell Drama to ease up on his 2500$/month supplements and Turtle's 1500 $/month mobile bills (you can get an unlimited plan for $200/month) When E goes back to lunch with the guys, they are busy checking out houses, as the new car doesn't fit with their existing house. But the new ones cost $10 million.

Jessica Alba bumps into the boys during their luncheon and invites them to her party for Justine Chapin, her virginal pop-singer friend. The party proves to be a good time for everybody: Justine hits on Vince, Turtle shows off the Rolls to some girls, Eric gets some much-needed assurance (Ari berates E for letting Vince buy a RR, but then Vince reposes his faith in E by refusing to hire a full time manager saying that he trusts E's instincts and that Vince trusts E). Drama finds that he isn't the only one skipping his acting class. Vince decides to return the Rolls (as he thinks it makes them looks like ass), but E reminds him that he has signed a 3 year lease.

In the morning, Eric reads Vince a review from the New York Times proclaiming him to be ""the next Johnny Depp."" The guys head out to look for a new house, in celebration.",R,7fe5dbb8b35836171111b679f9c7e45d9d531f2f8b6a24009493c26a18c5a44d,"

What's next: Next week on the penultimate episode, Vince decides to make his Broadway debut in an obscure play to prove his detractors wrong.

Trivia:

Vince's movie Aquaman is based on the DC comic Aquaman.

The new car that Vince has leased is a $340,000 Rolls Royce Phantom.

The New York Times critic Anthony Lane is name-dropped.

The review Turtle is talking about is the one by Stephen Farber, one of the two main reviewers for the Hollywood Reporter.

The trade magazine that has given the bad review to Aquaman is Variety.

Ari says that the reviews will be out on Friday. The movie Aquaman came out on 2006-12-22, a Friday.

The car dealer is played by Brian Hooks, who also played Turtle's cousin Big Time in season 1.

The name of the movie that Vince's manager wanted to work with Vince on was called Matterhorn.

The critic that Ari was talking about was Peter Bradshaw, who wrote the bad review for Vince.

When Turtle is asking Ahnold if he wants a treat, the command Ahnold is listening to is, ""Guten Tag, mein name ist Ahnold. Wie gehts dir?"" which, translated from German to English is, ""Hello, my name is Ahnold. How are you?""

When Eric is reading the review by Anthony Lane from the New York Times, in the second to last line, Eric changes the last sentence of the review by leaving out the word 'not.'

Vince buys the house from the owners of the house, which is a different thing from renting the house from the owners."
The Gunman,R,"repeat after me exactly once after the column: American Jim Terrier is a former Special Forces soldier who has become a black-ops mercenary. He is part of a team deployed by a corporation in the Democratic Republic of Congo in 2006, under the cover of providing security to local projects. He falls in love with Annie, a fellow expat working as an NGO doctor in a local hospital. During this period, even though civil war has wreaked havoc on the country, large multinational mining companies continue to profit from the country's mining industry. After the Minister of Mining announces his plans to declare contracts with the mining companies unjust and renegotiate the terms, the mining companies hire Terrier's team to assassinate the Minister to ensure their access to the rich mineral resources. Terrier delivers the fatal shot from a sniper rifle and flees from Africa, leaving Annie behind. After that, Terrier retires from his mercenary career.
Eight years later he returns to DRC as a charity worker to build wells. One day Terrier is brutally assaulted by a local hit squad, but he manages to kill them all. While searching the attackers' bodies, he finds signs that the attack was not random and that he was the target. Scared and suspicious, Terrier flees to London to meet an ex-mercenary colleague Cox, who reveals that Felix Marti, their ex-boss in the Congo assassination, has formed a large international security firm offering its services to major clients, such as the Pentagon. The firm's head wants to eliminate all of the former members of the assassination squad as revelations of their former activities could hinder the development of the new firm. Now the firm's hit teams chase Terrier around the clock, meanwhile killing his friends and kidnapping Annie.
However, Terrier still keeps highly compromising materials that can reveal Cox's role in the Congo assassination and uses it to lure Cox and his team to a bullfight in Spain, threatening to expose their complicity unless they trade Annie for the evidence. Unknown to them, Terrier makes a deal with Interpol to provide evidence to aid their ongoing investigation. Despite battling severe head trauma suffered from his violent past, Terrier defeats the experienced mercenaries sent to kill him. As he struggles to help Annie escape to safety, Cox discovers them. Terrier is wounded but manages to shoot Cox, who is then gored by a loose bull. Interpol officers arrive and take Terrier into custody, though Agent Barnes promises to do what he can to help Terrier avoid doing more jail time than necessary.
The film ends with Terrier, recovered and released from prison, reuniting with Annie in the DRC.",R,fdb623da2d991e4a344c86cb72308e95761ed25bfbbd5956d5ce297eb6298074,
Oz,TV-MA,"repeat after me exactly once after the column: The staff realize they are not dealing with senior inmates very well, so they decide to give them a senior citizens unit, with no success. McManus starts behaving strangely and is somewhat permanently attached to Em City. Rebadow decides to leave with God's aid but fails. Ricardo Alvarez has Alzheimer's, and Mukada and Sister Pete debate whether or not he should be released. Schillinger grows tired of Beecher and decides to get rid of him. O'Reily gives Beecher PCP, and Beecher takes a stand against Schillinger. O'Reily and Adebisi know that Schibetta is driving a wedge between them, so they concoct a plan to kill him. Basketball star Jackson Vahue comes to Oz. He is Augustus Hill's role model, and Hill tries to win his respect, but Vahue gets Hill to take drugs to prove his loyalty. Said suffers a heart attack, and Huseni Mershah, who does not share Said's enthusiasm, decides to let him die.",R,eceb4edd73a0e49f73ea3184f981b1d099680c6f0669242cf2883419ad743e25,"

Repeat after me
Repeat after me
Repeat after me
Repeat after me


<i>The staff realize they are not dealing with senior inmates very well, so they decide to give them a senior citizens unit, with no success.</i>

The staff realize they are not dealing with senior inmates very well, so they decide to give them a senior citizens unit, with no success. The head of the unit is an old ex-cop, and after he gets in a fight, Said goes into his heart attack.

<i>McManus starts behaving strangely and is somewhat permanently attached to Em City.</i>

McManus starts behaving strangely and is somewhat permanently attached to Em City. He has a dream about a young Irish guy. In it, McManus saves the young Irish guy, but the young Irish guy kills McManus anyway, and McManus wakes up with a start. Later, he is trying to kill this guy, and says this is why he was transferred to Em City.

<i>Adebisi is getting ready to kill someone. Schillinger wants to get rid of Beecher. Adebisi and Schibetta have an argument and split. Rebadow decides to leave with God's aid but fails. Alvarez has Alzheimer's.</i>

Adebisi is getting ready to kill someone. Schillinger wants to get rid of Beecher. Adebisi and Schibetta have an argument and split. Rebadow decides to leave with God's aid but fails. Ricardo Alvarez has Alzheimer's. When Beecher gets rid of a guy's stuff, he decides to shoot Beecher, and O'Reily takes out a guard. O'Reily makes Beecher take PCP, and Beecher takes a stand against Schillinger.

<i>Schillinger decides he doesn't like Beecher, and he's going to get rid of him. McManus goes into his dreamworld. Adebisi and Schibetta get into an argument and go their separate ways. Said suffers a heart attack, and Mukada and Sister Pete debate whether or not he should be released. Schibetta finds out Alvarez has Alzheimer's. Rebadow decides to leave with God's aid but fails.</i>

Schillinger decides he doesn't like Beecher, and he's going to get rid of him. McManus goes into his dreamworld. Adebisi and Schibetta get into an argument and go their separate ways. Said suffers a heart attack, and Mukada and Sister Pete debate whether or not he should be released. Schibetta finds out Alvarez has Alzheimer's. Rebadow decides to leave with God's aid but fails. In the end, Adebisi and O'Reily plot to kill Schibetta.


<i>The staff realize they are not dealing with senior inmates very well, so they decide to give them a senior citizens unit, with no success. Schillinger decides to get rid of Beecher. McManus starts behaving strangely and is somewhat permanently attached to Em City. Said suffers a heart attack, and Mukada and Sister Pete debate whether or not he should be released. Rebadow decides to leave with God's aid but fails. Ricardo Alvarez has Alzheimer's, and Mukada and Sister Pete debate whether or not he should be released.</i>

The staff realize they are not dealing with senior inmates very well, so they decide to give them a senior citizens unit, with no success. Schillinger decides to get rid of Beecher. McManus starts behaving strangely and is somewhat permanently attached to Em City. Said suffers a heart attack, and Mukada and Sister Pete debate whether or not he should be released. Rebadow decides to leave with God's aid but fails. Ricardo Alvarez has Alzheimer's, and Mukada and Sister Pete debate whether or not he should be released. In the end, Adebisi and O'Reily plot to kill Schibetta.

<i>The staff realize they are not dealing with senior inmates very well, so they decide to give them a senior citizens unit, with no success. McManus starts behaving strangely and is somewhat permanently attached to Em City. Adebisi is getting ready to kill someone. Rebadow decides to leave with God's aid but fails. Ricardo Alvarez has Alzheimer's, and Mukada and Sister Pete debate whether or not he should be released.</i>

The staff realize they are not dealing with senior inmates very well, so they decide to give them a senior citizens unit, with no success. McManus starts behaving strangely and is somewhat permanently attached to Em City. Adebisi is getting ready to kill someone. Rebadow decides to leave with God's aid but fails. Ricardo Alvarez has Alzheimer's, and Mukada and Sister Pete debate whether or not he should be released. In the end, Adebisi and O'Reily plot to kill Schibetta.

<i>The staff realize they are not dealing with senior inmates very well, so they decide to give them a senior citizens unit, with no success. McManus starts behaving strangely and is somewhat permanently attached to Em City. O'Reily gives Beecher PCP, and Beecher takes a stand against Schillinger. Adebisi and Schibetta have an argument and split. Ricardo Alvarez has Alzheimer's, and Mukada and Sister Pete debate whether or not he should be released.</i>

The staff realize they are not dealing with senior inmates very well, so they decide to give them a senior citizens unit, with no success. McManus starts behaving strangely and is somewhat permanently attached to Em City. O'Reily gives Beecher PCP, and Beecher takes a stand against Schillinger. Adebisi and Schibetta have an argument and split. Ricardo Alvarez has Alzheimer's, and Mukada and Sister Pete debate whether or not he should be released. In the end, Adebisi and O'Reily plot to kill Schibetta.

<i>Basketball star Jackson Vahue comes to Oz. He is Augustus Hill's role model, and Hill tries to win his respect, but Vahue gets Hill to take drugs to prove his loyalty. The staff realize they are not dealing with senior inmates very well, so they decide to give them a senior citizens unit, with no success. McManus starts behaving strangely and is somewhat permanently attached to Em City. O'Reily gives Beecher PCP, and Beecher takes a stand against Schillinger. Adebisi and Schibetta have an argument and split. Rebadow decides to leave with God's aid but fails. Ricardo Alvarez has Alzheimer's, and Mukada and Sister Pete debate whether or not he should be released. Schillinger decides to get rid of Beecher.</i>

Basketball star Jackson Vahue comes to Oz. He is Augustus Hill's role model, and Hill tries to win his respect, but Vahue gets Hill to take drugs to prove his loyalty. The staff realize they are not dealing with senior inmates very well, so they decide to give them a senior citizens unit, with no success. McManus starts behaving strangely and is somewhat permanently attached to Em City. O'Reily gives Beecher PCP, and Beecher takes a stand against Schillinger. Adebisi and Schibetta have an argument and split. Rebadow decides to leave with God's aid but fails. Ricardo Alvarez has Alzheimer's, and Mukada and Sister Pete debate whether or not he should be released. Schillinger decides to get rid of Beecher. Adebisi is getting ready to kill someone. Schillinger grows tired of Beecher and decides to get rid of him. Said suffers a heart attack, and Mukada and Sister Pete debate whether or not he should be released.

<i>Basketball star Jackson Vahue comes to Oz. He is Augustus Hill's role model, and Hill tries to win his respect, but Vahue gets Hill to take drugs to prove his loyalty. The staff realize they are not dealing with senior inmates very well, so they decide to give them a senior citizens unit, with no success. McManus starts behaving strangely and is somewhat permanently attached to Em City. O'Reily gives Beecher PCP, and Beecher takes a stand against Schillinger. Adebisi and Schibetta have an argument and split. Rebadow decides to leave with God's aid but fails. Ricardo Alvarez has Alzheimer's, and Mukada and Sister Pete debate whether or not he should be released.</i>

Basketball star Jackson Vahue comes to Oz. He is Augustus Hill's role model, and Hill tries to win his respect, but Vahue gets Hill to take drugs to prove his loyalty. The staff realize they are not dealing with senior inmates very well, so they decide to give them a senior citizens unit, with no success. McManus starts behaving strangely and is somewhat permanently attached to Em City. O'Reily gives Beecher PCP, and Beecher takes a stand against Schillinger. Adebisi and Schibetta have an argument and split. Rebadow decides to leave with God's aid but fails. Ricardo Alvarez has Alzheimer's, and Mukada and Sister Pete debate whether or not he should be released. In the end, Adebisi and O'Reily plot to kill Schibetta.

<i>Basketball star Jackson Vahue comes to Oz. He is Augustus Hill's role model, and Hill tries to win his respect, but Vahue gets Hill to take drugs to prove his loyalty. The staff realize they are not dealing with senior inmates very well, so they decide to give them a senior citizens unit, with no success. McManus starts behaving strangely and is somewhat permanently attached to Em City. O'Reily gives Beecher PCP, and Beecher takes a stand against Schillinger. Adebisi and Schibetta have an argument and split. Rebadow decides to leave with God's aid but fails. Ricardo Alvarez has Alzheimer's, and Mukada and Sister Pete debate whether or not he should be released"
Ben casey,TV-MA,repeat after me exactly once after the column: Souvenirs and trophies.,R,519bbd618413f216ee2305e8cb5573e978c8a4e7ef9932b87d704a5c210400b5,"

[User 0001]

We had a really fun episode this week and we wanted to hear from you about the trophies and trinkets you’ve brought home from your trips and vacations. Let us know about something you’re proud to have, or something you’d never part with. Also, let us know if it’s the sort of thing that made you buy it, or if it came from someone else and it was a surprise. Post all about them below.

Here’s mine:

I remember my cousin once gave me a rock he picked up while on vacation. He said he’d found it on the shores of a river or something. Maybe in a park. Don’t remember. Anyway, I remember holding it in my hand, appreciating the heft and the way it felt. Then I looked at it for a second and I remember thinking, “This is literally just a rock. A rock from a place I’ve never been.” I smiled, thought for a second, and chucked it in the garbage.

[User 0002]

I’m not a big one for bringing stuff home with me.

One exception was a piece of a wrecked oil platform I found on the shore of the Black Sea in Romania.

That’s a big piece of oil platform, and that’s just one of the pieces I brought home. It weighed about 150lbs and is a piece of the old platform that broke loose and smashed up on the beach. My dad is an oil and gas lawyer and really appreciates it and keeps it in his office.

(Yes, that’s the <em>entire</em> thing!)

[User 0003]

This is a pretty long story, but let’s see if I can make it concise enough.

My mom and I were vacationing in Orlando during the winter of 1994 (and yes, she and I are still great friends to this day, so the idea that mothers and daughters fight so much or don’t get along is a myth, as far as I’m concerned) and we took a day trip to Cocoa Beach for lunch one day. While we were sitting there at one of the tables in the restaurant, I saw this really beautiful bracelet in the gift shop window next door. Since we already had plans to go on a tour of NASA the next day, I asked mom if we could go in there before our tour started. She said, “sure.”

When we got to the counter to check out, though, the lady told me the bracelet I wanted was on sale: only $20! I was absolutely sure I had the twenty dollar bill I had gotten for Christmas only a few weeks before. When I reached for it in my wallet, it was gone. Mom, who had gone back to the other side of the shop and had just stepped in front of me, heard me and asked, “What’s the matter?”

I replied, “I lost the twenty dollar bill I was planning to use to buy that bracelet!”

Mom then asked me the next question I least expected, “Does the bracelet really mean that much to you?”

I told her it did, and without further hesitation, she reached into her wallet and said, “Ok, here.” and handed me a twenty dollar bill.

That was a really special moment for me, because it was probably one of the first times I really had to think about how much something meant to me, and why. Not that my mom didn’t buy me things whenever I asked (though she did teach me that if I wanted something, I could get it by working to earn the money), but that was the first time she had to really ask me whether something was worth more than the money spent to purchase it. It wasn’t just a gift, it was a life lesson, too.

[User 0004]

After a trip to Paris in 1967, I brought home the book “The Hunchback of Notre Dame,” which I had just read as a teenager. I’d been told that all the books in a particular bookstore were in English. I grabbed a copy, only to discover, when I got home, that it was written in French. I’ve always wondered what happened to the real Hunchback of Notre Dame.

[User 0005]

One of the best things I brought back with me was the recipe book from our local Thai restaurant, after a trip to Thailand. I think it was part of their closing down sale. They didn’t sell the restaurant, just packed everything up and shipped it home. This was probably the worst Thai food I had ever eaten, and I love Thai food. The recipes in the book are awesome.

[User 0006]

I had a great trip to Ireland this spring and wanted to bring some sort of memento with me that wasn’t a mass produced magnet or some other crap like that. After a little bit of research, I found a guy that makes some nice jewelry with beach glass that he finds around the country. He was nice enough to make a necklace for my wife, which he shipped to us when we got home. She loves it, and the story behind it.

[User 0007]

Not a gift or souvenir, but something that reminds me of a great trip. I met an older gentleman that was very interested in my family history. My family originally migrated to the U.S. from Scotland. The gentleman gave me a family crest of the MacTavish clan that’s framed and hanging in my office. A great reminder of a great trip, and a very nice man.

[User 0008]

My sister-in-law brought me back an incredible coffee from Ethiopia when she was doing some work there. It’s incredible.

[User 0009]

I’m sure I have a bunch of touristy type things in my house but I can’t really think of anything right now… but this is really cool

My wife’s mom went to Africa for work and brought back a bag of beads and shells that women make on a daily basis (they’re pretty small but there’s quite a few) and gave them to us so that my daughter could do the same.

[User 0010]

I’ve been doing a bunch of travelling lately and I was in Tokyo when I saw that they were having a flea market at Yoyogi park. I’d never been to a flea market and figured this would be the best place to see one. It turned out to be a great decision because I found a book with some Japanese recipes. It’s a perfect addition to my collection.

[User 0011]

This post brings back fond memories of my grandmother. She LOVED to travel and every year would give all of her grandchildren (14 of us) a souvenir from her trip. Many of the items I still cherish today. I have an amazing carved horse from Poland and a ceramic bowl from Mexico. I’ve even got a couple of her gifts that she got while on trips long before I was born…they are now my prized posessions."
The Outsider,TV-MA,"repeat after me exactly once after the column: Ralph drives into the prison and the guards take him to the imprisoned Terry. The guard refuses to remove Terry's manacles, and Ralph admits that he's there on his own. He tells Terry that the van with the New York plates is still bothering him, and Terry tells him that the last time he was In New York was 16 years ago for his honeymoon. Ralph explains that they back-checked Terry's movements over the last six months and couldn't find anything but a family vacation to Dayton that the Maitlands flew to and from.

The detective says that he's baffled by the conflicting evidence, and says that he has credible witnesses who saw Terry covered in Frankie's blood. Ralph figures that no one can explain it, and asks Terry if he had any physical or verbal contact with Frankie on the day of the murder. Terry says he didn't, and says that he didn't abduct or murder Frankie when Ralph asks. Ralph tells him that they're done for the night, and Terry says that when Ralph arrested him at the game, he asked him if he ever touched Derek. He tells Ralph that Derek was the best drag bunter he ever had, and had a lot of guts. The kids called Derek ""The Whiffer"", and Terry told them to stop. Terry taught him how to bunt and Derek never flinched. The other kids started calling Derek ""Push It', and Terry asks if Ralph noticed how confident his son was. Terry admits that he hoped he did touch Derek when he taught him the bunt. With that, Terry goes back to his cell.

The next day, mortician Craig Kohara shows Fred and Ollie two coffins, for Frankie and Joy. Kohara offers them a discount since they're buying two coffins.

Terry showers at the prison.

At the courthouse, a crowd gathers for Terry's high-profile quest.

Howie drives Glory to the courthouse.

A reporter questions Hayes and notes that he could be focusing so much on Terry that he's letting other suspects slip past. Hayes insists that Terry is guilty, and the reporter asks if he's running for governor. The DA insists that he only cares about bringing justice to Frankie's killer.

The prison guards bring Terry to the courthouse and lead him out. Many of the spectators boo, and Ralph takes Terry in as Howie and Glory arrive. A masked Ollie steps out, shoots two of the guards and hits Tamika in the leg, and Ralph shoots back, killing him in self-defense. Ollie's last shot hits Terry in the neck, and Ralph goes over and confirms Ollie is dead. Glory goes to Terry, who is bleeding out, and Howie yells for 911. Ralph comes over and checks Terry's wound, and has Glory put pressure on it. Terry whispers to Ralph that he didn't do it and it wasn't him, and a doctor arrives. Terry dies despite her efforts, and the man in the hoodie watches as the rest of the crowd scatters. After a moment, he walks away.

Later in the hospital, a doctor--Myron Lazar-- checks Ralph. Ralph says that he killed a boy, and the doctor makes sure Ralph is fine. Myron tells him to concentrate on his breathing and get it down, draws the curtain, turns off the lights, and leaves.

The police question Glory.

Jack Hoskins is out hunting when he gets a text saying he's needed back ASAP. Cursing, Jack loads up his truck and drives off.

Yunis visits Ralph, who is at home sitting in front of the fireplace. Ralph confirms that he's on administrative leave for two weeks and they've assigned him a trauma therapist. Yunis says that Tamika is laid up with a shattered bone from the shooting and worried about her unborn child, and Ralph wonders why he didn't keep her back. He wonders why he thought arresting Terry in front of spectators was the way to go, and Yunis tells him that he had his reasons. The GBI officer tells Ralph that they found out a boy had been stealing cars and ditching him, and the van was the first vehicle he took. The boy drove it from New York to Ohio, and Ralph remembers saying that the Maitlands vacationed in Ohio. All the boy remembers is that he left the van at a shopping mall parking lot.

At the Peach Crease, Jack tells a man at the bar, Ed Polk, about the vacation he gets and they called him back early. Polk doesn't care and Jack throws his drink on him. When Polk man comes at him, the drunken Jack kicks him in the kneecap, wedgies him, and punches him to the floor. The bouncers get Jack out, and the bartender buys Ed a drink.

Glory sits on her porch, and hears Jessa and Maya yelling at each other. Their mother goes to Jessa's bedroom and Jessa says that ""the man"" was there and then left. Glory calms Jessa down and gets her back into bed.

Ralph is up smoking, and Jeannie finds him. She remembers that it's been five years since he smoked, and Ralph describes a piece of blue paper he saw beneath the van's windshield wiper. Ralph says that he's going to go in the next day to check it out, and Jeannie reminds him that he's on leave and supposed to see a therapist. She asks him to lie next to him in bed, and Ralph lights up another cigarette.

The next day, Fred sits in his otherwise-empty house. He finally makes a rope out of torn sheets, ties one end to the bed, puts the other end around his noose, and tries to hang himself. A woman is jogging by and sees the bedroom window shatter as Fred kicks it in his death throes, and she yells for help. Down the street, the man in the hoodie watches and then leaves.

Ralph goes to the station and tells the clerk Mildred that he needs the keys to the evidence room. She lets him take them, and Ralph goes in and takes a photo of the blue paper from the van. When Ralph goes out, he sees Jack, who says that they called him back in after Ralph shot Ollie. Hayes calls Ralph to his office and says that at least one of them came out a hero. He then tells Ralph that he's not running for reelection after Terry's death, and he needs to move on. Hayes then tells Ralph that the DNA in the saliva on Frankie's body is a match to Terry's. Ralph wonders what different it makes, and Hayes points out that when Gloria sues them for negligence, it might keep her reward down. The detective wonders if Glory deserves every penny, and Hayes insists that they both thought they were prosecuting the right guy. As Ralph starts to go, Hayes talks about how strange things have happened throughout history. The DA admits that there are unanswered questions, and they have to learn to live with it and move on. Ralph says that it's hard for him and leaves.

That night, Ralph shows Jeannie the flyer and asks her what comes first thing to her head. He figures someone saw it, tore it off but left a corner, and got into the van. Jeannie uses Google to find the restaurant the logo belongs to, between New York and Ohio, and finds a Big Daddy's Hangry-Q in Dayton.

Glory finds Jessa sitting on her bed, and the girl says that she dreamed about the man again. There's a puddle of goo on Jessa's floor, and Glory goes to get Jessa some water.

Ralph and Jeannie visit Tamika in the hospital after she delivers her baby. Jack is sitting in the room, and Tamika's husband and mother are there. Tamika says that Yunis updated her on the case. Ralph finds Yunis looking at Fred, who survived his hanging but is in a coma after his brain lost oxygen for ten minutes. The agent says that the Peterson family is gone, and Ralph leaves with Yunis and says that he needs to know if the boy dumped the fan near the Hangry-Q. Yunis advises him to take some time for himself, and Ralph admits that he hasn't seen his therapist yet. He figures that if the boy dropped the van is Dayton when the Maitlands were there, they want to know if the killer crossed paths with the family. Yunis confirms that the boy is in foster care, and agrees to get Ralph with him if Ralph sees the therapist.

Later, Ralph meets with the therapist and refuses to discuss Derek. The detective says that he's sorrowful and angry, and isn't getting much sleep. The therapist asks him about his dreams, and Ralph says that he's having weird ones. He describes his dreams of what happened when Terry was killed, and claims that no details stuck with him. The therapist tells Ralph that it's good Ralph came in so soon, but warns that the injuries to Ralph's psyche could take weeks to manifest. Ralph suggests that he's fine even though he doesn't feel fine, and being there feels like a punishment. The therapist tells Ralph that he can walk out and he won't stop him, and Ralph tells him that when anyone says that they're there to help, things get worse for him.

Later, Yunis takes Ralph to the boy, Merlin, at the foster home. Ralph asks him if remembers the Hangry-Q in Dayton and when Merlin left the van off. Merlin says he never saw the restaurant before, but he remembers the parking lot. The boy remembers that it was ""three cars ago"", and Ralph tries to narrow it down to a date. Merlin finally remembers a woman with a smudge of ash on her head. Other people had it, and Ralph figures that it was Ash Wednesday. As they leave, Ralph confirms the date was March 6 and the Maitlands were in Dayton during that day even though they flew both ways.

Back home, Ralph approaches Glory at her house and says that he needs to talk to her. She refuses at first, and he suggests that if Terry didn't do it, someone deliberately framed him and it might happen again. Glory asks Ralph how she's supposed to explain to her daughters while she no longer has friends, and the thing will go with them no matter where they move. Ralph says that the only way Glory is going to get her life back is to clear Terry's name, and they need to find the real killer.

After a moment, Glory closes the door in Ralph's face. She sees Maya on the upstairs steps and sits down next to her, and holds her tight.

The next morning, Howie finds Ralph working on his lawn. The lawyer knows from Glory that Ralph visited her. Howie warns that talking to Glory won't stop him from filing a lawsuit, and Ralph tells him that he doesn't care about the lawsuit. The lawyers set up a meeting between Ralph and Glory at Glory's house with Alec looking on, and Ralph says the van used in Frankie's murder was dumped in Dayton when the Maitlands were there.

Glory figures Ralph is still trying to pin the murder on Terry and tells him to get out, but Ralph believes that Terry never saw the van as he claimed. He says that it's all strange and the van seemed to follow the Maitlands home. Ralph asks why the Maitlands went to Dayton, and Glory explains that Terry's father is at a senior center in Dayton, has dementia, and tends to be violent. She and the girls stayed in the hotel or went to a movie the entire time Terry was at the senior center. When Ralph asks about the Hangry-Q, Glory tells Howie that she wants the interview over. Ralph asks if anything out of the ordinary happened, and Glory insists that nothing happened.

Maya is listening from the stairs and says that Terry got a cut. When Ralph goes out to join them, Maya asks him if he's the man who killed her father. Ralph says that he didn't but he made some terrible mistakes, then asks Maya to tell him about the cut. She says that he saw it visiting his father, and she remembers it because Terry said he got it from a nurse but the nurse was a man. Terry said that he bumped into the nurse when he slipped on a wet floor, and when he got up he saw he had a cut on his wrist. Maya then reminds Glory that there was a ""pig restaurant"" near their hotel, even though they never went there. Glory doesn't remember, and she says that the cut was nothing and goes upstairs with Maya.

A teenager, Ethan Elman, drives his truck out to a barn that his family owns. He finds a pile of abandoned clothing on a hay bale, and sees that it's covered in goo. There's a horse-head belt buckle in the pants, and police sirens sound in the distance. Ethan looks nervously around, wondering if the clothing's owner is still there.",R,90b6e9710b11518288448533ab5ff058bf459a43acb97a5385be383e78447424," and there was a man with a dark face. The man was ""all quiet"".

The next day, Ralph goes to the Big Daddy's Hangry-Q restaurant and gets a takeout bag. He takes it back to the station and calls for a forensic unit. Ralph asks them to pull every sample of DNA from the bag, and they figure the sample is two to three years old. Ralph figures that's the DNA of the killer, and goes back to his office.

That night, Jeannie and Ralph sit at home together and talk about Jessa and the man she describes. Jeannie says that Jessa could be making the man up, but Ralph says that she isn't. He wonders why Jessa can't leave and is afraid to. Jeannie admits that something is going on and she doesn't know what. She figures that Jessa needs a friend.

Later that night, Glory finds Jessa sitting up on her bed. She asks Jessa to sleep with her and Jessa tells her that the man knows what she knows. Glory asks Jessa about the killer, and Jessa insists that she knows more than Glory does. She says that Ralph knows too, and adds that Ralph is the man. Jessa insists that Ralph knows things about Frankie that Glory will never know. Glory asks what the man looks like, and Jessa insists that Ralph was there. He knows that the man is there and Jessa says that they are going to do something about him. Glory asks where the man is going to do it, and Jessa tells her that it's going to happen. After a moment, she says that she's not supposed to talk about it. Glory asks if she's afraid that the man will come and get her if she talks. Jessa nods and says that she's not supposed to talk to Glory. The girl insists that she can't talk about it and it's Ralph's fault, and Glory tells her to tell her anything she can. Jessa asks if she can stay with Glory tonight, and Glory agrees to let her stay with them.

Written by Gadfly on Jul 22, 2021"
Servant,TV-MA,"repeat after me exactly once after the column: Sean enlists Dorothy's brother, Julian, to monitor her relationship with Leanne.",R,83cc311ea87ccd1ab741cb54ebfe2b17570a0fbad6c72765c56d6f402fa94d9f," But what they want is to get away from her. On Mother's Day, she's not ready to be a mom, yet. Sean, Julian and Dorothy find a secret video of Leanne and Jericho praying, in which Leanne admits to being a murderer. Leanne, who's watching it all. [The Turner family gathers on the front lawn of their large suburban estate. Leanne doesn't have any plans for her birthday, and she's looking a little tired. Leanne asks if she's going to be punished. (adsbygoogle = window.adsbygoogle || []).push({}); When Dorothy arrives home, she's clearly distraught. Julian asks her to get out of the car, and she gets out. And in 2021, the Turner family has officially lost its mind. ""What have I done?"" Leanne tells them that Dorothy's baby isn't hers, he was replaced in the hospital, and she's been pretending to be the mom for six months. She says her baby is crying. It's the final, harrowing image of the penultimate episode of Servant, the Apple TV+ show that's somehow even more horrifying than its logline suggests. What if the man who lost his daughter in a terrible accident becomes a puppetmaster? Sean Turner tells his wife that this is the end of the line for Leanne. ""Now I can make this my own home. Leanne tells him not to be afraid. When Dorothy finds Leanne with the baby, she grabs it, and Julian has to hold her back. It's not the first time that Leanne and Jericho have prayed together; in Season 2, Leanne tells him that God told her the baby has to be taken to be safe, and she prays, ""I will go with you, if that's what you ask me to do."" In fact, she says, she's not even sure if that's the baby's real name. She says Jericho has been talking to God, and God says the baby has to go now. And she's not ready to go home yet. Dorothy and Sean head to the hospital to find Leanne. Dorothy says that she's taking him to the hospital to be safe. Leanne takes out her knife and starts to cut the baby's arm off. The doctor says it's strange that no one has been allowed in to see Leanne, and he doesn't know what's happening with her. Leanne's face is still glowing like the creepy child possessed by the devil (the one she plays on the show). But she's not going to be home very soon. ""It's like they were hiding,"" Leanne tells her, so she wants to go home with her dad. He tells Leanne he's going to take the baby to a safe place, and Leanne cries, ""God won't keep him safe. ""I will come for you,"" Leanne tells him, after she hears the baby crying on the baby monitor. But Sean says it's time to go home. She tells them she's not going home. The baby is awake, crying. 7.2K likes. The baby is not hers. She tells Sean and Dorothy that she's not going home. Leanne says the baby is crying. ""Is Leanne's baby in that car?"" ""Can you bring him to us?"" Leanne says he's safe. Sean holds her tight, then he takes her from the car and puts her down on the ground. Then, as he and Dorothy look on, Julian takes his daughter from the car and brings her inside to the kitchen. Sean takes a knife and cuts into the baby's arm. Dorothy is there for her baby's first birthday. He says that it's dangerous to be out here, and he's got to get them home. He asks what she wants, and she says she wants to go home. Dorothy tells him it's safe. He tells them he's going to take the baby to a safe place. Julian tells Sean he'll talk to Leanne about the situation. She says that she doesn't know what's happening in the hospital. Leanne says she has to take him to a safe place. Dorothy tells him that Jericho is not in his bed. She says she can make this her own home, and Sean and Dorothy's baby will be safe in the room. He tells Leanne to get in the car with him. He tells Leanne they have to go. 6. She's not even ready to be a baby, and she's not going home yet. Leanne runs after him, and Julian tells her to go back to the car. He doesn't want her in his car. Leanne tells Dorothy it's not her baby. Dorothy grabs the baby, and Sean and Julian have to hold her back. Dorothy walks to the bedroom where Leanne is. It turns out that Leanne is the one who has been taken to the hospital. Leanne walks to her room and sits down. Leanne is sitting on the bed, and Sean and Dorothy watch. ""What have I done?"" She's holding Jericho's doll. She tells Sean they have to go home. What's wrong?"" he asks. Then he takes the baby to the hospital. ""You have to go home, now,"" Sean says. He opens the door, and Leanne is gone. Sean asks where her parents are, and she says they're on the farm. ""I need to go home,"" she says. And Leanne tells him that he's not ready to be born. The last image of Servant season 3 is Leanne's face, looking out the window of a train as it speeds away from the Turner house. She says she loves him. Leanne goes into the baby's room. Dorothy comes in and gives the baby a new outfit. What if she decides to kill her parents' daughter and replace her with her own? Sean tells her that they'll make it home, and Leanne tells him that she's going home. Leanne tells her that she wants to come with her. Jericho is in his bed. ""He's talking to God,"" Leanne tells her. What if the one who makes this happen is the one who is killed? And what if she's already dead? He says it's not safe to be out here. He opens the door, and it's empty. Leanne grabs the baby and walks out. She asks him to get in the car. Dorothy asks if she has a car. Sean is worried about her, so he asks Leanne to come home with him. What if the man who is supposed to be the father is the killer? Leanne tells him that she doesn't think he's safe in this house. She says the baby is crying. He doesn't want to take her with him. He says he has to go. Leanne goes to Dorothy and asks if she's going to be punished. Leanne comes out of the bedroom, crying. He tells them that the baby will be safe. Dorothy grabs the baby and asks if he's okay. He asks if Jericho is going to come with him. The doll is in his bed. She's going to take her home with her. ""He's going to go home,"" she says. He tells them they have to go home. ""God,"" Leanne says. Dorothy says he's not ready to come home yet. Leanne says that she wants to be home with her parents. ""I will come for you,"" Leanne tells him, after she hears the baby crying on the baby monitor. She wants to take him to a safe place, but he says it's not safe. Leanne is taking the baby away from his mom. Leanne tells him it's not safe. She says she's going to take Jericho to a safe place. Sean and Julian see Leanne in a different room. Sean asks what she's doing, and she says she's going to take Jericho to a safe place. They don't want to go home, and they don't want to be punished. She tells him that she's ready. She tells him she's not ready to go home. The doll is on the bed. She asks Dorothy if she's going to punish her. ""God will keep him safe,"" she says. Dorothy tells them that they have to go home. He tells Sean and Dorothy that he's going to take the baby to a safe place. She asks him why. He says it's not safe to be out here. He says that the baby isn't safe in the car. And Dorothy asks him if he's going to take Jericho with him. She says that he doesn't want to take her, and she wants to go home. Sean comes in and asks if she's okay. He tells her he's going to take the baby home with him. He tells them he has to go. Leanne tells him that he's going to come with her. ""What have I done?"" he asks. He says he has to go. He tells her that he's going to come for her. Dorothy comes in. Dorothy tells her that Jericho has to go home. They have to go home. He tells her they have to go. Leanne tells her that he's not ready to come home yet. He tells her that she's going to go home. He tells her he has to go home. He's going to go home with her. ""I will come for you,"" Leanne tells him, after she hears the baby crying on the baby monitor. He tells her that she's going home with him. He"
Call me fitz,TV-MA,"repeat after me exactly once after the column: Elaine returns in search of her stolen car. Desperate to reconcile mother and child, Larry encourages Fitz to team up with his Mom and scam the Ruptals, not realizing it's all part of a con Elaine concocted to finalize her divorce and steal Fitz's savings.",R,12b846347974b6b10a96ef873ed2a7e72a437bfa81c5fc72ecde355f23ee3795,
Peep show,TV-MA,repeat after me exactly once after the column: Jeremy faces a dilemma: money vs. art. Should he put all his time and effort into his music and try to 'make it' or should he be like Mark and get a 9 to 5 job to pay the bills (including three months of rent owed to Mark). Sophie is still the object of Mark's desires and he still fumbles about trying desperately to let her know how he feels.,R,f8d0875aab2d8dc88cc62842519a5853b49c04ad33021a0d0c823b124d2103f4, The story doesn't progress here but a deeper connection is forged between the characters. This is the second book in the 'Gerry and Friends' series.
Rogue,R,"repeat after me exactly once after the column: American travel journalist Pete McKell joins a small group of tourists on a crocodile-watching river cruise in Kakadu National Park of Australia's Northern Territory, led by wildlife researcher Kate Ryan. Toward the end of the cruise, Everett spots a flare in the distance and the group head upriver to investigate. They eventually come across a half-sunken wreck when something crashes into their boat, splitting the side.
Kate manages to steer the boat ashore a small island in the middle of the river. Kate realises they are in the crocodile's territory and explains they must leave the island by nightfall, as the tide will start to rise and the island will be submerged. Moments after, Everett is pulled into the water by an unseen predator and is killed. Two locals, Neil Kelly and Collin, arrive at the island but the beast upturns their boat; Neil swims to the island while Collin is killed.
As night falls, Neil carefully swims to the riverbank in order to string a rope between two trees, creating a zip-line to allow the group to cross the river. Everett's wife Mary Ellen crosses first, only to freeze in fear halfway across. Allen, becoming impatient and hostile, takes matters into his own hands and attempts to get himself and his daughter Sherry across with Mary Ellen still on the line. While trying to secure the rope, Neil is attacked and killed by the beast. The tree holding the rope breaks and the three on the line fall into the water. They manage to swim back to the island, but as Allen crawls up the shore, the beast lunges out of the water and throws him back into the river, where he is dragged under. The beast is revealed to be a giant saltwater crocodile.
Later that night, Pete suggests hooking the croc while everyone else swims to the riverbank; Neil's two dead birds replace Kate's dog named Kevin, the initial bait idea. After a long wait, the anchor is suddenly pulled and the group make a break for the far shore. The croc eventually lets go of the bait, seizes Kate and drags her underwater. Pete hurries across the river with Kevin in tow and into the bush behind the others.
As day breaks, Pete is forced to chase Kevin into the bush after he runs off. He falls down a narrow chute into a large cave, where he discovers Neil's partial corpse. The cave is the croc's lair and the dog leads him to a severely injured Kate. Pete attempts to carry her out but Kevin runs off to the head of the cave, where it is heard being seized by the croc. After several attempts on them both, the croc takes a chunk out of Pete's hand while he grabs a piece of bone and stabs one of the croc's eyes. Pete eventually props a large broken log against a boulder, with the sharp end pointing outwards, so when the croc lunges at him, it is impaled and dies. Pete escapes from the cave with Kate and finds the tourists and paramedics.
A newspaper article later details Pete's heroic battle with the beast and rescue of Kate.",R,c649df5a93a212ac17f6775030626d1d2c36fd3abac89d6277b880a3d5e41552," A year later, an older and slightly limping Pete and Kate, now his wife, are on the same river, now on a jet ski, when Pete sees something swimming below them. Although not as big as the previous croc, the crocodile Pete and Kate now see swims towards them.
The film has the same storyline as the book and even has the same characters, but in the movie Collin and Neil's race is switched from being Caucasian to Aboriginal.
One scene in the novel where Pete and Kate are in an outrigger canoe and Kate is forced to shoot a saltwater crocodile is deleted from the movie.
In the novel, Pete's assistant and friend is called Pete Smith instead of Everett."
