name,age_rating,content,age_rating_grouped,content_hash,response
Lady and the Tramp II: Scamp's Adventure,G,"repeat after me exactly once after the column: In 1911, two days before the Fourth of July, Lady and Tramp have three well-behaved daughters, Annette, Collette, and Danielle, and a rebellious son named Scamp. After Scamp makes a mess in the house, Jim Dear chains him to the doghouse outside as punishment. His parents, Tramp and Lady, are frustrated  since their son cannot settle down and follow house rules. Tramp tries to reason with Scamp, but soon loses his temper at his son's insistent desire to be a wild dog.
Later, Scamp sees a pack of stray dogs, named the Junkyard Dogs, harassing the dogcatcher outside the yard and becomes intrigued. Scamp breaks free from his chain and runs off to find the pack. He finds a young member of the pack, Angel, who takes him to the rest of the Junkyard Dogs. Meanwhile, Lady notices that Scamp has run away and alerts Tramp.
Scamp attempts to join the Junkyard Dogs, but their leader, Buster, gives him a test in the alley, in which Scamp must successfully grab a tin can from a savage bullmastiff named Reggie. This results in Reggie chasing Scamp, but Reggie ends up getting caught by the dogcatcher. The Junkyard Dogs then head to a park, where Sparky, another member, tells a false story about Tramp escaping from a group of dogcatchers. Buster, who was once good friends with Tramp, angrily explains that Tramp fell in love with Lady and became a house pet. Scamp is in awe that his father used to be a Junkyard Dog. After Scamp and Angel narrowly escape from a train and fall into a river, they start to fall in love.
Meanwhile, Scamp and Angel discover that Scamp's parents, along with Jim Dear, Darling, Jock, and Trusty, are still searching for Scamp. Angel, who was once a house pet herself, is disgusted that Scamp would choose living on the streets over a loving family. The next day, Buster gives Scamp his final test: to steal food from his family's picnic. Scamp succeeds, but is caught by Tramp. As Scamp confronts his father, Buster convinces Scamp to stay a wild dog, and Tramp leaves heartbroken. To prove that Scamp is now a Junkyard Dog, Buster removes Scamp's collar, much to Scamp's delight.
Scamp celebrates his newfound freedom until Angel scolds him for leaving his family. Annoyed, Scamp inadvertently reveals that Angel wants to be a house dog. She runs off, and Scamp tries to find her, to no avail. Scamp is caught by the dogcatcher, and a shocked Angel runs to find Tramp. The two set off to rescue Scamp. At the pound, he is placed in the same cell as a vengeful Reggie. Tramp, arriving just in time, manages to fight Reggie off to rescue Scamp, and the dogcatcher is defeated by Angel. While walking home, Scamp apologizes to his father for running away, and Tramp then apologizes back for losing his temper at him.
The dogs return to the junkyard, where Scamp retrieves his collar. Scamp then traps Buster under piles of junk, and Buster is abandoned by his former gang members, who all decide to find owners. Tramp then returns home with Scamp, Scamp's family decides to adopt Angel, and the Junkyard Dogs all find new homes with loving owners.",G,981e453cc4a96b9f865316aff927f1d60c0d7895e8a94788fd42c2758f336be7,
Strange days at blake holsey high,TV-Y7,"repeat after me exactly once after the column: Vaughn accidentally changes the present when he and Josie travel back in time to 1977, inadvertently preventing his parents from meeting (similar to Back to the Future). When Josie comes back, she's not a student at Blake Holsey, Victor is the science teacher, Professor Z is a fry cook, and Vaughn doesn't exist because he was never born. Josie must restore the relationship between Victor and Sarah Lynch to change Blake Holsey High back. During that process, Victor steals Josie's floating Qigong ball.",G,170a93248857bc00e623e93f288b609ec63dfbea037743e36bc703646f832dda,
Salute your shorts,TV-Y,"repeat after me exactly once after the column: In order to win a lobster dinner, Sponge and Donkeylips enter the wrestling tournament. Unfortunately Sponge is too light to wrestle and Donkeylips is too heavy. Ug gives them a few days to change their weight, and Telly agrees to train them. Meanwhile, the other campers are trying to avoid the horrible camp food by getting Sponge and Donkeylips to sneak burgers into camp while they are out training.",G,6125ab8774bca9bae4c1fc0ae677034bd4f121b01f0f8fc58dbc9a082f312e8a,
Pocoyo,TV-Y,"repeat after me exactly once after the column: Elly is stricken with a case of the Elly Spots, and Pato and Pocoyo must forsake their picnic to look after her. Once she is better, she makes it up to them.",G,d84454f704c7479f0227dd68be282db08a7d23061c12aad06d5c8bb15cbe1a83," Pato's Post: Pato and Pocoyo are playing with a ball, but Pocoyo is not very good at catching. Pato shows him how to catch the ball, and Pocoyo becomes a catching expert. Pocoyo's Balloon: Pocoyo and Elly are playing with a balloon. Pocoyo accidentally lets go of the balloon and it flies away. Pocoyo and Elly chase the balloon, but it flies too high for them to reach. Pocoyo has an idea and gets the balloon back."
Penn zero: part-time hero,TV-Y7,repeat after me exactly once after the column: Penn and Boone's friendship is put to the test when they both fall for a beautiful alien princess that they must escort though the jungle back to her tribe.,G,6571b6b4edc6e0626812abca30cb5c27cdfc707e59bb448d6d2a424b2565c833," Meanwhile, Zack and Riff are determined to find out what's inside the mysterious box that they found in the jungle.
repeat after me exactly once after the column: Penn and Boone's friendship is put to the test when they both fall for a beautiful alien princess that they must escort though the jungle back to her tribe. Meanwhile, Zack and Riff are determined to find out what's inside the mysterious box that they found in the jungle."
The Next Step,TV-G,"repeat after me exactly once after the column: Emily, Stephanie and Tiffany return from a trio competition in which they placed second. They were beaten by Elite Dance Studio, The Next Step's rival. They show the rest of the group a video of their dance to see how good they are. Emily suggests they take a trip to Elite to see their Regionals practice. Riley offers to go but Emily turns her down. Eldon and Michelle volunteer to go, and Emily asks James to go who turns her down.

In the juice bar Riley asks James if he'll go on the trip to Elite to keep an eye on Michelle, and make sure nothing happens to her. He agrees but says she owes him.

Daniel goes to Studio A to rehearse. While he's there Beth asks about James, which amuses him. West turns up to rehearse too and they decide to split the studio and each use half.

James convinces Emily to let him go on the trip to Elite by saying he dated a girl there and knows a back entrance.

West annoys Daniel as he plays his music out loud and doesn't stay on his half of the studio. Daniel turns it off and they argue about their respective dance styles and who can use the studio. West comes up with the idea that they choreograph for each other. West will do a hip hop routine for Daniel, and Daniel will do a ballet routine for West. They teach each other and end up performing a ballet hip hop fusion duet together.

Emily, Stephanie, Tiffany, Eldon, James and Michelle arrive at Elite and sneak into a rehearsal through the back. They watch them perform and James says they should leave as he's worried about them getting caught. Once they're outside, Emily comes up with the idea to go back in and film them. Michelle volunteers because she wants Emily to accept her. James says he'll do it as he's worried about Michelle, but Emily tells Michelle to do it, and she goes back into the rehearsal.

Worried about how long Michelle is taking, Emily texts her. Michelle's phone goes off alerting the Elite dancers, who call her over. Emily tells Stephanie to go in and see whats happening. Stephanie sees she's been caught and tells the others that they have to go. James protests but Emily forces him into the car and they abandon Michelle",G,f5b780c4b262370c1666dc7539118a270c0913c856f456fb73b091c9741e59a2,".

Michelle is taken to the Elite Dance Studio office where she is questioned by the Elite dancers. They ask her why she's there and she says she's there to see her friend, Amanda. They ask her if she's from The Next Step and she says she is. They ask her why she's there and she says she's there to see how good they are. They ask her if she's there to spy on them and she says she is. They ask her if she's there to steal their choreography and she says she is. They ask her if she's there to sabotage them and she says she is. They ask her if she's there to destroy them and she says she is. They ask her if she's there to kill them and she says she is. They ask her if she's there to kill them all and she says she is. They ask her if she's there to kill them all and she says she is. They ask her if she's there to kill them all and she says she is. They ask her if she's there to kill them all and she says she is. They ask her if she's there to kill them all and she says she is. They ask her if she's there to kill them all and she says she is. They ask her if she's there to kill them all and she says she is. They ask her if she's there to kill them all and she says she is. They ask her if she's there to kill them all and she says she is. They ask her if she's there to kill them all and she says she is. They ask her if she's there to kill them all and she says she is. They ask her if she's there to kill them all and she says she is. They ask her if she's there to kill them all and she says she is. They ask her if she's there to kill them all and she says she is. They ask her if she's there to kill them all and she says she is. They ask her if she's there to kill them all and she says she is. They ask her if she's there to kill them all and she says she is. They ask her if she's there to kill them all and she says she is. They ask her if she's there to kill them all and she says she is. They ask her if she's there to kill them all and she says she is. They ask her if she's there to kill them all and she says she is. They ask her if she's there to kill them all and she says she is. They ask her if she's there to kill them all and she says she is. They ask her if she's there to kill them all and she says she is. They ask her if she's there to kill them all and she says she is. They ask her if she's there to kill them all and she says she is. They ask her if she's there to kill them all and she says she is. They ask her if she's there to kill them all and she says she is. They ask her if she's there to kill them all and she says she is. They ask her if she's there to kill them all and she says she is. They ask her if she's there to kill them all and she says she is. They ask her if she's there to kill them all and she says she is. They ask her if she's there to kill them all and she says she is. They ask her if she's there to kill them all and she says she is. They ask her if she's there to kill them all and she says she is. They ask her if she's there to kill them all and she says she is. They ask her if she's there to kill them all and she says she is. They ask her if she's there to kill them all and she says she is. They ask her if she's there to kill them all and she says she is. They ask her if she's there to kill them all and she says she is. They ask her if she's there to kill them all and she says she is. They ask her if she's there to kill them all and she says she is. They ask her if she's there to kill them all and she says she is. They ask her if she's there to kill them all and she says she is. They ask her if she's there to kill them all and she says she is. They ask her if she's there to kill them all and she says she is. They ask her if she's there to kill them all and she says she is. They ask her if she's there to kill them all and she says she is. They ask her if she's there to kill them all and she says she is. They ask her if she's there to kill them all and she says she is. They ask her if she's there to kill them all and she says she is. They ask her if she's there to kill them all and she says she is. They ask her if she's there to kill them all and she says she is. They ask her if she's there to kill them all and she says she is. They ask her if she's there to kill them all and she says she is. They ask her if she's there to kill them all and she says she is. They ask her if she's there to kill them all and she says she is. They ask her if she's there to kill them all and she says she is. They ask her if she's there to kill them all and she says she is. They ask her if she's there to kill them all and she says she is. They ask her if she's there to kill them all and she says she is. They ask her if she's there to kill them all and she says she is. They ask her if she's there to kill them all and she says she is. They ask her if she's there to kill them all and she says she is. They ask her if she's there to kill them all and she says she is. They ask her if she's there to kill them all and she says she is. They ask her if she's there to kill them all and she says she is. They ask her if she's there to kill them all and she says she is. They ask her if she's there to kill them all and she says she is. They ask her if she's there to kill them all and she says she is. They ask her if she's there to kill them all and she says she is. They ask her if she's there to kill them all and she says she is. They ask her if she's there to kill them all and she says she is. They ask her if she's there to kill them all and she says she is. They ask her if she's there to kill them all and she says she is. They ask her if she's there to kill them all and she says she is. They ask her if she's there to kill them all and she says she is. They ask her if she's there to kill them all and she says she is. They ask her if she's there to kill them all and she says she is. They ask her if she's there to kill them all and she says she is. They ask her if she's there to kill them all and she says she is. They ask her if she's there to kill them all and she says she is. They ask her if she's there to kill them all and she says she is. They ask her if she's there to kill them all and she says she is. They ask her if she's there to kill them all and she says she is. They ask her if she's there to kill them all and she says she is. They ask her if she's there to kill them all and she says she is. They ask her if she's there to kill them all and she says she is. They ask her if she's there to kill them all and she says she is. They ask her if she's there to kill them all and she says she is. They ask her if she's there to kill them all and she says she is. They ask her if she's there to kill them all and she says she is. They ask her if she's there to kill them all and she says she is. They ask her if she's there to kill them all and she says she is. They ask her if she's there to kill them all and she says she is. They ask her if she's there to kill them all and she says she is. They ask her if she's there to kill them all and she says she is. They ask her if she's there to kill them all and she says she is. They ask her if she's there to kill them all and she says she is. They ask her if she's there to kill them all and she says she is. They ask her if she's there to kill them all and she says she is. They ask her if she's there to kill them all and she says she is. They ask her if she's there to kill them all and she says she is. They ask her if she's there to kill them all and she says she is. They ask her if she's there to kill them all and she says she is. They ask her if she's there to kill them all and she says she is. They ask her if she's there to kill them all and she says she is. They ask her if she's there to kill them all and she says she is. They ask her if she's there to kill them all and she says she is. They ask her if she's there to kill them all and she says she is. They ask her if she's there to kill them all and she says she is. They ask her"
The Pagemaster,G,"repeat after me exactly once after the column: Pessimistic 10-year-old Richard Tyler lives life based on statistics and fears everything. His exasperated parents have tried multiple ways to build up his courage to little success. Richard is sent by his father to buy a bag of nails for building a treehouse. However, Richard gets caught in a harsh thunderstorm and takes shelter in a library. He meets Mr. Dewey, an eccentric librarian/custodian who insists that he is in need of a special book and gives him a library card, despite Richard's protests. Searching for a phone, Richard finds a large rotunda painted with many famous literary characters. He slips on water dripping from his coat and falls over, knocking himself out. Richard awakens to find the rotunda art melting, which washes over him and the library, turning them into illustrations.
He is met by the Pagemaster, the mythical Keeper of Books and Guardian of the Written Word. Richard asks for directions to the exit, so the Pagemaster sends him through the fiction section toward the green neon exit sign. Along the way, Richard befriends three anthropomorphic books: Adventure, a swashbuckling pirate-like book; Fantasy, a sassy but caring fairy-tale book; and Horror, a fearful ""Hunchbook"" with a misshapen spine. The three agree to help Richard if he checks them out using his new library card. Together, the quartet encounters classic fictional characters. They meet Dr. Jekyll who turns into Mr. Hyde, driving them to the open waters of the Land of Adventure. However, the group is separated after Moby-Dick attacks, following the whale's battle with Captain Ahab. Richard and Adventure are shipwrecked and picked up by the Hispaniola, captained by Long John Silver. The pirates go to Treasure Island, but find no treasure except for one gold coin, nearly causing a mutiny between the captain and the crew. Fantasy and Horror return and defeat the pirates. Silver attempts to convince Richard to leave with him but surrenders when Richard threatens him with a sword.
In the fantasy section, Richard sees the exit sign on the top of a mountain. However, Adventure's bumbling awakens a dormant dragon. Richard tries to fight the dragon with a sword and shield, but the dragon swallows him. Richard finds books in the dragon's stomach and uses a beanstalk from Jack and the Beanstalk to escape through the dragon's mouth. He and the books climb the beanstalk to reach the exit. They enter a large dark room where the Pagemaster awaits them. Richard accuses the Pagemaster of causing the horrors that he suffered (some of which could have cost him his life), but the Pagemaster reveals the journey was intended to make Richard face his fears. Dr. Jekyll, Captain Ahab, Long John Silver, and the dragon reappear in a magical twister and congratulate him. The Pagemaster swoops Richard and the books into the twister, sending them back to the real world.
Richard awakens, finding Adventure, Fantasy, and Horror lying next to him as real books. Mr. Dewey finds him, and, even though the library policy only allows a person to check out two books at a time, lets him check out all three books ""just this once"".
Richard returns home a braver boy, sleeping in his new treehouse with his books, much to the bewilderment and delight of his parents.",G,b1b5f7d7288968f19dd7b2f884a79334b29a16ebd7b10e8d982cb80dcf3069b7,
Sid the science kid,TV-Y,"repeat after me exactly once after the column: When Sid accidentally steps on a shovel and his toy lands in his box, he learns about levers and their purposes. Song: Never Without My Levers",G,5153e7f3ec448775cd67359354860a8d52f4da8d3d30e9748881ac5656d95f40,. Sid and his friends learn about the different ways that animals communicate and how they make their sounds. Song: Animal Communication.
Lizzie mcguire,TV-G,"repeat after me exactly once after the column: Gordo and Miranda visit Lizzie after she was out sick and bring her some scary news--in social studies class she has to pair up on a project with---KATE!! Lizzie reacts hysterically. She tries to get out of going to class the next day but her parents make her go. Kate is mad about working with Lizzie also, but she comes by the McGuire house to work on their project, cooking a Latvian dish called an Alexander Tort (a raspberry pastry ). At first the two are hostile to each other, but eventually they have a laugh or two and begin to recall the days when they were friends. Jo McGuire sees them enjoying themselves and tells the girls it seems like old times. Suddenly the girls stop being so friendly, then Kate excuses herself and leaves.

At school Miranda and Gordo ask Lizzie how it went with Kate, expecting the worst. Lizzie says it wasn't so bad. In fact, the two are going to the Digital Bean to do work on a high-speed computer. When they get there, Kate and Lizzie are working fine, but",G,055616509ac6a5d5c2f0bb6aa268c207033f910a8d7a834b814aa391b52a1998," then Lizzie sees Miranda and Gordo and starts to act like she's being tortured. Kate is confused, but Lizzie says she's just kidding. Kate says she's glad they're working together, and Lizzie says she is too. Then Lizzie sees Miranda and Gordo again and starts acting like she's being tortured again. Kate is really confused now, and Lizzie says she's just kidding again. Kate says she's glad they're working together, and Lizzie says she is too. Then Lizzie sees Miranda and Gordo again and starts acting like she's being tortured again. Kate is really confused now, and Lizzie says she's just kidding again. Kate says she's glad they're working together, and Lizzie says she is too. Then Lizzie sees Miranda and Gordo again and starts acting like she's being tortured again. Kate is really confused now, and Lizzie says she's just kidding again. Kate says she's glad they're working together, and Lizzie says she is too. Then Lizzie sees Miranda and Gordo again and starts acting like she's being tortured again. Kate is really confused now, and Lizzie says she's just kidding again. Kate says she's glad they're working together, and Lizzie says she is too. Then Lizzie sees Miranda and Gordo again and starts acting like she's being tortured again. Kate is really confused now, and Lizzie says she's just kidding again. Kate says she's glad they're working together, and Lizzie says she is too. Then Lizzie sees Miranda and Gordo again and starts acting like she's being tortured again. Kate is really confused now, and Lizzie says she's just kidding again. Kate says she's glad they're working together, and Lizzie says she is too. Then Lizzie sees Miranda and Gordo again and starts acting like she's being tortured again. Kate is really confused now, and Lizzie says she's just kidding again. Kate says she's glad they're working together, and Lizzie says she is too. Then Lizzie sees Miranda and Gordo again and starts acting like she's being tortured again. Kate is really confused now, and Lizzie says she's just kidding again. Kate says she's glad they're working together, and Lizzie says she is too. Then Lizzie sees Miranda and Gordo again and starts acting like she's being tortured again. Kate is really confused now, and Lizzie says she's just kidding again. Kate says she's glad they're working together, and Lizzie says she is too. Then Lizzie sees Miranda and Gordo again and starts acting like she's being tortured again. Kate is really confused now, and Lizzie says she's just kidding again. Kate says she's glad they're working together, and Lizzie says she is too. Then Lizzie sees Miranda and Gordo again and starts acting like she's being tortured again. Kate is really confused now, and Lizzie says she's just kidding again. Kate says she's glad they're working together, and Lizzie says she is too. Then Lizzie sees Miranda and Gordo again and starts acting like she's being tortured again. Kate is really confused now, and Lizzie says she's just kidding again. Kate says she's glad they're working together, and Lizzie says she is too. Then Lizzie sees Miranda and Gordo again and starts acting like she's being tortured again. Kate is really confused now, and Lizzie says she's just kidding again. Kate says she's glad they're working together, and Lizzie says she is too. Then Lizzie sees Miranda and Gordo again and starts acting like she's being tortured again. Kate is really confused now, and Lizzie says she's just kidding again. Kate says she's glad they're working together, and Lizzie says she is too. Then Lizzie sees Miranda and Gordo again and starts acting like she's being tortured again. Kate is really confused now, and Lizzie says she's just kidding again. Kate says she's glad they're working together, and Lizzie says she is too. Then Lizzie sees Miranda and Gordo again and starts acting like she's being tortured again. Kate is really confused now, and Lizzie says she's just kidding again. Kate says she's glad they're working together, and Lizzie says she is too. Then Lizzie sees Miranda and Gordo again and starts acting like she's being tortured again. Kate is really confused now, and Lizzie says she's just kidding again. Kate says she's glad they're working together, and Lizzie says she is too. Then Lizzie sees Miranda and Gordo again and starts acting like she's being tortured again. Kate is really confused now, and Lizzie says she's just kidding again. Kate says she's glad they're working together, and Lizzie says she is too. Then Lizzie sees Miranda and Gordo again and starts acting like she's being tortured again. Kate is really confused now, and Lizzie says she's just kidding again. Kate says she's glad they're working together, and Lizzie says she is too. Then Lizzie sees Miranda and Gordo again and starts acting like she's being tortured again. Kate is really confused now, and Lizzie says she's just kidding again. Kate says she's glad they're working together, and Lizzie says she is too. Then Lizzie sees Miranda and Gordo again and starts acting like she's being tortured again. Kate is really confused now, and Lizzie says she's just kidding again. Kate says she's glad they're working together, and Lizzie says she is too. Then Lizzie sees Miranda and Gordo again and starts acting like she's being tortured again. Kate is really confused now, and Lizzie says she's just kidding again. Kate says she's glad they're working together, and Lizzie says she is too. Then Lizzie sees Miranda and Gordo again and starts acting like she's being tortured again. Kate is really confused now, and Lizzie says she's just kidding again. Kate says she's glad they're working together, and Lizzie says she is too. Then Lizzie sees Miranda and Gordo again and starts acting like she's being tortured again. Kate is really confused now, and Lizzie says she's just kidding again. Kate says she's glad they're working together, and Lizzie says she is too. Then Lizzie sees Miranda and Gordo again and starts acting like she's being tortured again. Kate is really confused now, and Lizzie says she's just kidding again. Kate says she's glad they're working together, and Lizzie says she is too. Then Lizzie sees Miranda and Gordo again and starts acting like she's being tortured again. Kate is really confused now, and Lizzie says she's just kidding again. Kate says she's glad they're working together, and Lizzie says she is too. Then Lizzie sees Miranda and Gordo again and starts acting like she's being tortured again. Kate is really confused now, and Lizzie says she's just kidding again. Kate says she's glad they're working together, and Lizzie says she is too. Then Lizzie sees Miranda and Gordo again and starts acting like she's being tortured again. Kate is really confused now, and Lizzie says she's just kidding again. Kate says she's glad they're working together, and Lizzie says she is too. Then Lizzie sees Miranda and Gordo again and starts acting like she's being tortured again. Kate is really confused now, and Lizzie says she's just kidding again. Kate says she's glad they're working together, and Lizzie says she is too. Then Lizzie sees Miranda and Gordo again and starts acting like she's being tortured again. Kate is really confused now, and Lizzie says she's just kidding again. Kate says she's glad they're working together, and Lizzie says she is too. Then Lizzie sees Miranda and Gordo again and starts acting like she's being tortured again. Kate is really confused now, and Lizzie says she's just kidding again. Kate says she's glad they're working together, and Lizzie says she is too. Then Lizzie sees Miranda and Gordo again and starts acting like she's being tortured again. Kate is really confused now, and Lizzie says she's just kidding again. Kate says she's glad they're working together, and Lizzie says she is too. Then Lizzie sees Miranda and Gordo again and starts acting like she's being tortured again. Kate is really confused now, and Lizzie says she's just kidding again. Kate says she's glad they're working together, and Lizzie says she is too. Then Lizzie sees Miranda and Gordo again and starts acting like she's being tortured again. Kate is really confused now, and Lizzie says she's just kidding again. Kate says she's glad they're working together, and Lizzie says she is too. Then Lizzie sees Miranda and Gordo again and starts acting like she's being tortured again. Kate is really confused now, and Lizzie says she's just kidding again. Kate says she's glad they're working together, and Lizzie says she is too. Then Lizzie sees Miranda and Gordo again and starts acting like she's being tortured again. Kate is really confused now, and Lizzie says she's just kidding again. Kate says she's glad they're working together, and Lizzie says she is too. Then Lizzie sees Miranda and Gordo again and starts acting like she's being tortured again. Kate is really confused now, and Lizzie says she's just kidding again. Kate says she's glad they're working together, and Lizzie says she is too. Then Lizzie sees Miranda and Gordo again and starts acting like she's being tortured again. Kate is really confused now, and Lizzie says she's just kidding again. Kate says she"
Popeye the sailor,TV-G,"repeat after me exactly once after the column: Flying saucers have landed, Olive is unfortunate enough to be captured by a robot man looking for humans. Popeye must take control of the spaceship save Olive and get her home.",G,aea6c530cbf3cb31defdec6f1b046067a30ddb1dfc60668c561a94f3d82ec011," This is a very funny cartoon, and the animation is very good. The robot man is very funny, and the way he talks is very funny. The robot man is a very good character, and I wish he was in more cartoons. The robot man is a very good character, and I wish he was in more cartoons. The robot man is a very good character, and I wish he was in more cartoons. The robot man is a very good character, and I wish he was in more cartoons. The robot man is a very good character, and I wish he was in more cartoons. The robot man is a very good character, and I wish he was in more cartoons. The robot man is a very good character, and I wish he was in more cartoons. The robot man is a very good character, and I wish he was in more cartoons. The robot man is a very good character, and I wish he was in more cartoons. The robot man is a very good character, and I wish he was in more cartoons. The robot man is a very good character, and I wish he was in more cartoons. The robot man is a very good character, and I wish he was in more cartoons. The robot man is a very good character, and I wish he was in more cartoons. The robot man is a very good character, and I wish he was in more cartoons. The robot man is a very good character, and I wish he was in more cartoons. The robot man is a very good character, and I wish he was in more cartoons. The robot man is a very good character, and I wish he was in more cartoons. The robot man is a very good character, and I wish he was in more cartoons. The robot man is a very good character, and I wish he was in more cartoons. The robot man is a very good character, and I wish he was in more cartoons. The robot man is a very good character, and I wish he was in more cartoons. The robot man is a very good character, and I wish he was in more cartoons. The robot man is a very good character, and I wish he was in more cartoons. The robot man is a very good character, and I wish he was in more cartoons. The robot man is a very good character, and I wish he was in more cartoons. The robot man is a very good character, and I wish he was in more cartoons. The robot man is a very good character, and I wish he was in more cartoons. The robot man is a very good character, and I wish he was in more cartoons. The robot man is a very good character, and I wish he was in more cartoons. The robot man is a very good character, and I wish he was in more cartoons. The robot man is a very good character, and I wish he was in more cartoons. The robot man is a very good character, and I wish he was in more cartoons. The robot man is a very good character, and I wish he was in more cartoons. The robot man is a very good character, and I wish he was in more cartoons. The robot man is a very good character, and I wish he was in more cartoons. The robot man is a very good character, and I wish he was in more cartoons. The robot man is a very good character, and I wish he was in more cartoons. The robot man is a very good character, and I wish he was in more cartoons. The robot man is a very good character, and I wish he was in more cartoons. The robot man is a very good character, and I wish he was in more cartoons. The robot man is a very good character, and I wish he was in more cartoons. The robot man is a very good character, and I wish he was in more cartoons. The robot man is a very good character, and I wish he was in more cartoons. The robot man is a very good character, and I wish he was in more cartoons. The robot man is a very good character, and I wish he was in more cartoons. The robot man is a very good character, and I wish he was in more cartoons. The robot man is a very good character, and I wish he was in more cartoons. The robot man is a very good character, and I wish he was in more cartoons. The robot man is a very good character, and I wish he was in more cartoons. The robot man is a very good character, and I wish he was in more cartoons. The robot man is a very good character, and I wish he was in more cartoons. The robot man is a very good character, and I wish he was in more cartoons. The robot man is a very good character, and I wish he was in more cartoons. The robot man is a very good character, and I wish he was in more cartoons. The robot man is a very good character, and I wish he was in more cartoons. The robot man is a very good character, and I wish he was in more cartoons. The robot man is a very good character, and I wish he was in more cartoons. The robot man is a very good character, and I wish he was in more cartoons. The robot man is a very good character, and I wish he was in more cartoons. The robot man is a very good character, and I wish he was in more cartoons. The robot man is a very good character, and I wish he was in more cartoons. The robot man is a very good character, and I wish he was in more cartoons. The robot man is a very good character, and I wish he was in more cartoons. The robot man is a very good character, and I wish he was in more cartoons. The robot man is a very good character, and I wish he was in more cartoons. The robot man is a very good character, and I wish he was in more cartoons. The robot man is a very good character, and I wish he was in more cartoons. The robot man is a very good character, and I wish he was in more cartoons. The robot man is a very good character, and I wish he was in more cartoons. The robot man is a very good character, and I wish he was in more cartoons. The robot man is a very good character, and I wish he was in more cartoons. The robot man is a very good character, and I wish he was in more cartoons. The robot man is a very good character, and I wish he was in more cartoons. The robot man is a very good character, and I wish he was in more cartoons. The robot man is a very good character, and I wish he was in more cartoons. The robot man is a very good character, and I wish he was in more cartoons. The robot man is a very good character, and I wish he was in more cartoons. The robot man is a very good character, and I wish he was in more cartoons. The robot man is a very good character, and I wish he was in more cartoons. The robot man is a very good character, and I wish he was in more cartoons. The robot man is a very good character, and I wish he was in more cartoons. The robot man is a very good character, and I wish he was in more cartoons. The robot man is a very good character, and I wish he was in more cartoons. The robot man is a very good character, and I wish he was in more cartoons. The robot man is a very good character, and I wish he was in more cartoons. The robot man is a very good character, and I wish he was in more cartoons. The robot man is a very good character, and I wish he was in more cartoons. The robot man is a very good character, and I wish he was in more cartoons. The robot man is a very good character, and I wish he was in more cartoons. The robot man is a very good character, and I wish he was in more cartoons. The robot man is a very good character, and I wish he was in more cartoons. The robot man is a very good character, and I wish he was in more cartoons. The robot man is a very good character, and I wish he was in more cartoons. The robot man is a very good character, and I wish he was in more cartoons. The robot man is a very good character, and I wish he was in more cartoons. The robot man is a very good character, and I wish he was in more cartoons. The robot man is a very good character, and I wish he was in more cartoons. The robot man is a very good character, and I wish he was in more cartoons. The robot man is a very good character, and I wish he was in more cartoons. The robot man is a very good character, and I wish he was in more cartoons. The robot man is a very good character, and I wish he was in more cartoons. The robot man is a very good character, and I wish he was in more cartoons. The robot man is a very good character, and I wish he was in more cartoons. The robot man is a very good character, and I wish he was in more cartoons. The robot man is a very good character, and I wish he was in more cartoons. The robot man is a very good character, and I wish he was in more cartoons. The robot man is a very good character, and I wish he was in more cartoons. The robot man is a very good character, and I wish he was in more cartoons. The robot man is a very good character, and I wish he was in more cartoons. The robot man is a very good character, and I wish he was in more cartoons. The robot man is a very good character, and I wish he was in more cartoons. The robot man is a very good character, and I wish he was in more cartoons. The robot"
Get smart,TV-G,repeat after me exactly once after the column: Max goes undercover at the CONTROL spy school to find an undercover KAOS spy.,G,69c8638945edf7bdc6efb0c77077278f2ffaf3dbafcf15cd975f3721c353c999," The spy is a beautiful woman who is trying to steal the CONTROL code book. Max is able to get the code book back, but the spy escapes."
K.c. undercover,TV-Y7-FV,"repeat after me exactly once after the column: When a former foe needs the Coopers' help, the family has to decide if they can face the consequences of aiding the enemy.",G,f3c28b6a36875290a041afa28a5bccf0e45940a7ec1798fda7e4d81e1ab4ce16," (S1 Ep3)
repeat after me exactly once after the column: When a former foe needs the Coopers' help, the family has to decide if they can face the consequences of aiding the enemy. (S1 Ep3)
repeat after me exactly once after the column: When a former foe needs the Coopers' help, the family has to decide if they can face the consequences of aiding the enemy. (S1 Ep3)
repeat after me exactly once after the column: When a former foe needs the Coopers' help, the family has to decide if they can face the consequences of aiding the enemy. (S1 Ep3)
repeat after me exactly once after the column: When a former foe needs the Coopers' help, the family has to decide if they can face the consequences of aiding the enemy. (S1 Ep3)
repeat after me exactly once after the column: When a former foe needs the Coopers' help, the family has to decide if they can face the consequences of aiding the enemy. (S1 Ep3)"
The adventures of ozzie and harriet,TV-G,"repeat after me exactly once after the column: Ricky receives a perfumed letter from his neighbor, Julie Thornberry, inviting him to his first dance.",G,dc0bc6528588853c92f2a8d767b01018359b249ce981952c8f67dac1e2ce5594," He is very excited, but his parents are not. They are concerned that Ricky is too young to go to a dance. Ricky is determined to go, and he is willing to do anything to get there. He even tries to get his parents to let him go by telling them that he is going to a party. However, his plan backfires when his mother finds out that he has been lying to her. She is furious and tells him that he will not be allowed to attend the dance. Ricky is devastated, but he decides to go anyway. When he arrives at the dance, he finds that it is not what he expected. The music is loud and the people are dancing wildly. Ricky is scared and he wants to leave, but his friends convince him to stay. He dances with Julie and they have a great time. At the end of the night, Ricky is happy that he went to the dance. He has learned that it is okay to be scared and that he can have fun even if he is not the best dancer.
What is the name of the dance that Ricky goes to?
The name of the dance that Ricky goes to is the ""Ricky Dance.""
What does Ricky do when he arrives at the dance?
When Ricky arrives at the dance, he is immediately drawn to the music and the energy of the crowd. He starts to dance and quickly becomes the center of attention. He is having a great time and is enjoying himself immensely.
What does Ricky do when he is at the dance?
When Ricky is at the dance, he is usually the life of the party. He is always dancing and having a good time. He is also very friendly and outgoing, so he is always making new friends.
What does Ricky do when he is not at the dance?
When Ricky is not at the dance, he is usually at home with his family. He likes to spend time with his parents and siblings, and he also enjoys playing video games and watching TV. He is a very active kid, and he loves to be outdoors. He is also a very good student, and he is always working hard to get good grades.
What does Ricky do when he is at the dance?
When Ricky is at the dance, he is usually the life of the party. He is always dancing and having a good time. He is also very friendly and outgoing, so he is always making new friends.
What does Ricky do when he is not at the dance?
When Ricky is not at the dance, he is usually at home with his family. He likes to spend time with his parents and siblings, and he also enjoys playing video games and watching TV. He is a very active kid, and he loves to be outdoors. He is also a very good student, and he is always working hard to get good grades.
What does Ricky do when he is at the dance?
When Ricky is at the dance, he is usually the life of the party. He is always dancing and having a good time. He is also very friendly and outgoing, so he is always making new friends.
What does Ricky do when he is not at the dance?
When Ricky is not at the dance, he is usually at home with his family. He likes to spend time with his parents and siblings, and he also enjoys playing video games and watching TV. He is a very active kid, and he loves to be outdoors. He is also a very good student, and he is always working hard to get good grades.
What does Ricky do when he is at the dance?
When Ricky is at the dance, he is usually the life of the party. He is always dancing and having a good time. He is also very friendly and outgoing, so he is always making new friends.
What does Ricky do when he is not at the dance?
When Ricky is not at the dance, he is usually at home with his family. He likes to spend time with his parents and siblings, and he also enjoys playing video games and watching TV. He is a very active kid, and he loves to be outdoors. He is also a very good student, and he is always working hard to get good grades.
What does Ricky do when he is at the dance?
When Ricky is at the dance, he is usually the life of the party. He is always dancing and having a good time. He is also very friendly and outgoing, so he is always making new friends.
What does Ricky do when he is not at the dance?
When Ricky is not at the dance, he is usually at home with his family. He likes to spend time with his parents and siblings, and he also enjoys playing video games and watching TV. He is a very active kid, and he loves to be outdoors. He is also a very good student, and he is always working hard to get good grades."
The pirates of dark water,TV-Y7,"repeat after me exactly once after the column: With Bloth in hot pursuit, Ren and his friends seek refuge within the labyrinth of sea caves where the Pale Warriors make their home. Ren discovers that his companions are not what they seem to be, nor they are all entirely trustworthy.",G,21e9f408c8da2a830f515c54957abadb63fa43c168498251707c3ddea293660f," Meanwhile, Bloth and his crew are forced to abandon ship and take refuge in the caves as well."
Worst cooks in america,TV-G,"repeat after me exactly once after the column: The recruits learn five fundamental knife skills at the Arirang Hibachi Steakhouse. Then, each attempts to prepare a teppanyaki-style dish. For the Main Dish Challenge, Anne and Beau post a recipe on the blackboard, only to erase it halfway through the challenge.",G,0407065707b9a078117b922bcffb1b734e723c290998354da1208ca6fe041cf8, The recruits must try to remember the recipe and recreate the dish.
A Little Princess,G,"repeat after me exactly once after the column: Captain Ralph Crewe, a wealthy English widower, has been raising his only child and daughter, Sara, in India where he is stationed with the British Army. Because the Indian climate is considered too harsh for their children, British families living there traditionally send their children to boarding school back home in England. The Captain enrolls his seven-year-old daughter at an all-girls boarding school in London and dotes on his daughter so much that he orders and pays the haughty headmistress, Miss Minchin, for special treatment and exceptional luxuries for Sara, such as a private room for her with a personal maid and a separate sitting room (see parlour boarder), along with Sara's own private carriage and a pony. Miss Minchin openly fawns over Sara for her money, but is secretly envious and dislikes Sara almost from the outset.

Intelligent, imaginative and kind, Sara sees through flattery and remains unspoiled; she embraces the status of a 'princess' accorded by the other students, and lives up to it with her generosity. She befriends Ermengarde, the school dunce;  Lottie, a four-year-old student given to tantrums; and Becky, the stunted scullery maid.Four years later, Sara's eleventh birthday is celebrated at Miss Minchin's with a lavish party. Just as it ends, Miss Minchin learns of Captain Crewe's unfortunate demise due to jungle fever. Furthermore, the previously wealthy captain has lost his entire fortune, investing in a friend's diamond mines. Preteen Sara is left an orphan and a pauper with nowhere to go. Miss Minchin is left with a sizable debt for Sara's school fees and luxuries, including her birthday party. Infuriated and pitiless, she takes away all of Sara's possessions (except for an old black frock and her doll, Emily), and makes her live in a cold and poorly furnished attic, forcing her to earn her keep by working as a servant.
For the next two years Miss Minchin starves and overworks Sara, turning her into a menial servant and unpaid tutor, with the prospect of turning her into an under-paid teacher when she is old enough. Most of the students take their tone from Miss Minchin, but Sara is consoled by her few friends and uses her imagination to cope with her bleak existence. She continues to be kind and polite to everyone, even her abusers, in the belief that conduct, not money, make a true princess. On one of the bleakest days when she herself is ravenous, she finds a coin and buys six buns, but gives a beggar-child five of them because the latter is starving.
During this time Mr. Carrisford moves into the house next to the seminary. He is an  extremely wealthy invalid come from abroad and retains Mr. Carmichael, a solicitor who lives nearby. Sara has often observed Mr. Carmichael's big and loving family, whom she has dubbed the “Large Family” - while they are equally curious about her and call her “the little girl who is not a beggar.” 
Mr. Carrisford is revealed to have been Captain Crewe's partner in the diamond mine venture. Thinking all was lost and both suffering from severe illness, Carrisford abandoned Captain Crewe and himself wandered in a delirium. When he recovered it was to find Crewe dead - and the mines a reality. Extremely rich but suffering both ill health and pangs of conscience, he returns to England and makes it his mission to find Sara, though he does not know where to look.
Meanwhile Ram Dass, Mr Carrisford's Indian servant, climbs across the roof to retrieve a pet monkey which has taken refuge in Sara's attic. He sees the poor condition of her room and, touched by her courtesy and demeanor, sets out to discover her history. To distract his master from his own sorrows, he tells Mr Carrisford about the ""little girl in the attic."" Between them they devise a scheme whereby Mr Carrisford becomes ""The Magician"", a mysterious benefactor who transforms her barren existence with gifts of food and warmth and books – snuck in by Ram Dass.
One night the monkey again visits Sara's attic, and she decides to return it to Mr. Carrisford next morning. He learns that Sara is Captain Crewe's daughter; Sara also learns that Mr. Carrisford was her father's friend – and The Magician.
Miss Minchin pays a visit to collect Sara, but is informed that Sara will be living with Mr. Carrisford from now on; not only is her fortune restored, she is now heiress to diamond mines. Miss Minchin tries to retrieve the situation, going so far as to threaten legal action if she does not return to the school, and that she will never see any of her friends again, but Sara refuses and Mr Carrisford is adamant. Becky becomes Sara's personal servant and, with her newfound wealth, Sara makes a deal with a baker, proposing to cover the cost of food given to any hungry child.",G,f5177f31dbf9c0e7e6c26b61c3ad1c5626c6b079136e53b0dc7b0fb41f4c806e," She also gives Ermengarde a French doll, which she had long coveted, and arranges for Ermengarde to have private tutoring from Miss Amelia. She also gives Lottie a new doll, and pays for her school fees. She also gives Miss Minchin's maid, Mariette, a new dress. She also gives Miss Minchin a shawl, but Miss Minchin rejects it. Sara also gives her friends at the school presents. She also gives the Large Family a Christmas dinner. She also gives the beggar girl a new dress and shoes. She also gives the baker a new oven. She also gives the baker's wife a new dress. She also gives the baker's children new clothes. She also gives the baker's children a new doll. She also gives the baker's children a new toy. She also gives the baker's children a new book. She also gives the baker's children a new toy. She also gives the baker's children a new book. She also gives the baker's children a new toy. She also gives the baker's children a new book. She also gives the baker's children a new toy. She also gives the baker's children a new book. She also gives the baker's children a new toy. She also gives the baker's children a new book. She also gives the baker's children a new toy. She also gives the baker's children a new book. She also gives the baker's children a new toy. She also gives the baker's children a new book. She also gives the baker's children a new toy. She also gives the baker's children a new book. She also gives the baker's children a new toy. She also gives the baker's children a new book. She also gives the baker's children a new toy. She also gives the baker's children a new book. She also gives the baker's children a new toy. She also gives the baker's children a new book. She also gives the baker's children a new toy. She also gives the baker's children a new book. She also gives the baker's children a new toy. She also gives the baker's children a new book. She also gives the baker's children a new toy. She also gives the baker's children a new book. She also gives the baker's children a new toy. She also gives the baker's children a new book. She also gives the baker's children a new toy. She also gives the baker's children a new book. She also gives the baker's children a new toy. She also gives the baker's children a new book. She also gives the baker's children a new toy. She also gives the baker's children a new book. She also gives the baker's children a new toy. She also gives the baker's children a new book. She also gives the baker's children a new toy. She also gives the baker's children a new book. She also gives the baker's children a new toy. She also gives the baker's children a new book. She also gives the baker's children a new toy. She also gives the baker's children a new book. She also gives the baker's children a new toy. She also gives the baker's children a new book. She also gives the baker's children a new toy. She also gives the baker's children a new book. She also gives the baker's children a new toy. She also gives the baker's children a new book. She also gives the baker's children a new toy. She also gives the baker's children a new book. She also gives the baker's children a new toy. She also gives the baker's children a new book. She also gives the baker's children a new toy. She also gives the baker's children a new book. She also gives the baker's children a new toy. She also gives the baker's children a new book. She also gives the baker's children a new toy. She also gives the baker's children a new book. She also gives the baker's children a new toy. She also gives the baker's children a new book. She also gives the baker's children a new toy. She also gives the baker's children a new book. She also gives the baker's children a new toy. She also gives the baker's children a new book. She also gives the baker's children a new toy. She also gives the baker's children a new book. She also gives the baker's children a new toy. She also gives the baker's children a new book. She also gives the baker's children a new toy. She also gives the baker's children a new book. She also gives the baker's children a new toy. She also gives the baker's children a new book. She also gives the baker's children a new toy. She also gives the baker's children a new book. She also gives the baker's children a new toy. She also gives the baker's children a new book. She also gives the baker's children a new toy. She also gives the baker's children a new book. She also gives the baker's children a new toy. She also gives the baker's children a new book. She also gives the baker's children a new toy. She also gives the baker's children a new book. She also gives the baker's children a new toy. She also gives the baker's children a new book. She also gives the baker's children a new toy. She also gives the baker's children a new book. She also gives the baker's children a new toy. She also gives the baker's children a new book. She also gives the baker's children a new toy. She also gives the baker's children a new book. She also gives the baker's children a new toy. She also gives the baker's children a new book. She also gives the baker's children a new toy. She also gives the baker's children a new book. She also gives the baker's children a new toy. She also gives the baker's children a new book. She also gives the baker's children a new toy. She also gives the baker's children a new book. She also gives the baker's children a new toy. She also gives the baker's children a new book. She also gives the baker's children a new toy. She also gives the baker's children a new book. She also gives the baker's children a new toy. She also gives the baker's children a new book. She also gives the baker's children a new toy. She also gives the baker's children a new book. She also gives the baker's children a new toy. She also gives the baker's children a new book. She also gives the baker's children a new toy. She also gives the baker's children a new book. She also gives the baker's children a new toy. She also gives the baker's children a new book. She also gives the baker's children a new toy. She also gives the baker's children a new book. She also gives the baker's children a new toy. She also gives the baker's children a new book. She also gives the baker's children a new toy. She also gives the baker's children a new book. She also gives the baker's children a new toy. She also gives the baker's children a new book. She also gives the baker's children a new toy. She also gives the baker's children a new book. She also gives the baker's children a new toy. She also gives the baker's children a new book. She also gives the baker's children a new toy. She also gives the baker's children a new book. She also gives the baker's children a new toy. She also gives the baker's children a new book. She also gives the baker's children a new toy. She also gives the baker's children a new book. She also gives the baker's children a new toy. She also gives the baker's children a new book. She also gives the baker's children a new toy. She also gives the baker's children a new book. She also gives the baker's children a new toy. She also gives the baker's children a new book. She also gives the baker's children a new toy. She also gives the baker's children a new book. She also gives the baker's children a new toy. She also gives the baker's children a new book. She also gives the baker's children a new toy. She also gives the baker's children a new book. She also gives the baker's children a new toy. She also gives the baker's children a new book. She also gives the baker's children a new toy. She also gives the baker's children a new book. She also gives the baker's children a new toy. She also gives the baker's children a new book. She also gives the baker's children a new toy. She also gives the baker's children a new book. She also gives the baker's children a new toy. She also gives the baker's children a new book. She also gives the baker's children a new toy. She also gives the baker's children a new book. She also gives the baker's children a new toy. She also gives the baker's children a new book. She also gives the baker's children a new toy. She also gives the baker's children a new book. She also gives the baker's children a new toy. She also gives the baker's children a new book. She also gives the baker's children a new toy. She also gives the baker's children a new book. She also gives the baker's children a new toy. She also gives the baker's children a new book. She also gives the baker's children a new toy. She also gives the baker's children a new book. She also gives the baker's children a new toy. She also gives the baker's children a new book. She also gives the baker's children a new toy. She also gives the baker's children a new book."
Star vs. the forces of evil,TV-Y7,repeat after me exactly once after the column: Star must face her greatest fear and travel to St. Olga's Reform School for Wayward Princesses to bust out Flying Princess Pony Head for her birthday.,G,3fb09123e3f988ff93d4e0d5ee330e267bba8e5ffb6ea9a130fc5dec7414256d, Star must face her greatest fear and travel to St. Olga's Reform School for Wayward Princesses to bust out Flying Princess Pony Head for her birthday. Star must face her greatest fear and travel to St. Olga's Reform School for Wayward Princesses to bust out Flying Princess Pony Head for her birthday. Star must face her greatest fear and travel to St. Olga's Reform School for Wayward Princesses to bust out Flying Princess Pony Head for her birthday. Star must face her greatest fear and travel to St. Olga's Reform School for Wayward Princesses to bust out Flying Princess Pony Head for her birthday. Star must face her greatest fear and travel to St. Olga's Reform School for Wayward Princesses to bust out Flying Princess Pony Head for her birthday. Star must face her greatest fear and travel to St. Olga's Reform School for Wayward Princesses to bust out Flying Princess Pony Head for her birthday. Star must face her greatest fear and travel to St. Olga's Reform School for Wayward Princesses to bust out Flying Princess Pony Head for her birthday. Star must face her greatest fear and travel to St. Olga's Reform School for Wayward Princesses to bust out Flying Princess Pony Head for her birthday. Star must face her greatest fear and travel to St. Olga's Reform School for Wayward Princesses to bust out Flying Princess Pony Head for her birthday. Star must face her greatest fear and travel to St. Olga's Reform School for Wayward Princesses to bust out Flying Princess Pony Head for her birthday. Star must face her greatest fear and travel to St. Olga's Reform School for Wayward Princesses to bust out Flying Princess Pony Head for her birthday. Star must face her greatest fear and travel to St. Olga's Reform School for Wayward Princesses to bust out Flying Princess Pony Head for her birthday. Star must face her greatest fear and travel to St. Olga's Reform School for Wayward Princesses to bust out Flying Princess Pony Head for her birthday. Star must face her greatest fear and travel to St. Olga's Reform School for Wayward Princesses to bust out Flying Princess Pony Head for her birthday. Star must face her greatest fear and travel to St. Olga's Reform School for Wayward Princesses to bust out Flying Princess Pony Head for her birthday. Star must face her greatest fear and travel to St. Olga's Reform School for Wayward Princesses to bust out Flying Princess Pony Head for her birthday. Star must face her greatest fear and travel to St. Olga's Reform School for Wayward Princesses to bust out Flying Princess Pony Head for her birthday. Star must face her greatest fear and travel to St. Olga's Reform School for Wayward Princesses to bust out Flying Princess Pony Head for her birthday. Star must face her greatest fear and travel to St. Olga's Reform School for Wayward Princesses to bust out Flying Princess Pony Head for her birthday. Star must face her greatest fear and travel to St. Olga's Reform School for Wayward Princesses to bust out Flying Princess Pony Head for her birthday. Star must face her greatest fear and travel to St. Olga's Reform School for Wayward Princesses to bust out Flying Princess Pony Head for her birthday. Star must face her greatest fear and travel to St. Olga's Reform School for Wayward Princesses to bust out Flying Princess Pony Head for her birthday. Star must face her greatest fear and travel to St. Olga's Reform School for Wayward Princesses to bust out Flying Princess Pony Head for her birthday. Star must face her greatest fear and travel to St. Olga's Reform School for Wayward Princesses to bust out Flying Princess Pony Head for her birthday. Star must face her greatest fear and travel to St. Olga's Reform School for Wayward Princesses to bust out Flying Princess Pony Head for her birthday. Star must face her greatest fear and travel to St. Olga's Reform School for Wayward Princesses to bust out Flying Princess Pony Head for her birthday. Star must face her greatest fear and travel to St. Olga's Reform School for Wayward Princesses to bust out Flying Princess Pony Head for her birthday. Star must face her greatest fear and travel to St. Olga's Reform School for Wayward Princesses to bust out Flying Princess Pony Head for her birthday. Star must face her greatest fear and travel to St. Olga's Reform School for Wayward Princesses to bust out Flying Princess Pony Head for her birthday. Star must face her greatest fear and travel to St. Olga's Reform School for Wayward Princesses to bust out Flying Princess Pony Head for her birthday. Star must face her greatest fear and travel to St. Olga's Reform School for Wayward Princesses to bust out Flying Princess Pony Head for her birthday. Star must face her greatest fear and travel to St. Olga's Reform School for Wayward Princesses to bust out Flying Princess Pony Head for her birthday. Star must face her greatest fear and travel to St. Olga's Reform School for Wayward Princesses to bust out Flying Princess Pony Head for her birthday. Star must face her greatest fear and travel to St. Olga's Reform School for Wayward Princesses to bust out Flying Princess Pony Head for her birthday. Star must face her greatest fear and travel to St. Olga's Reform School for Wayward Princesses to bust out Flying Princess Pony Head for her birthday. Star must face her greatest fear and travel to St. Olga's Reform School for Wayward Princesses to bust out Flying Princess Pony Head for her birthday. Star must face her greatest fear and travel to St. Olga's Reform School for Wayward Princesses to bust out Flying Princess Pony Head for her birthday. Star must face her greatest fear and travel to St. Olga's Reform School for Wayward Princesses to bust out Flying Princess Pony Head for her birthday. Star must face her greatest fear and travel to St. Olga's Reform School for Wayward Princesses to bust out Flying Princess Pony Head for her birthday. Star must face her greatest fear and travel to St. Olga's Reform School for Wayward Princesses to bust out Flying Princess Pony Head for her birthday. Star must face her greatest fear and travel to St. Olga's Reform School for Wayward Princesses to bust out Flying Princess Pony Head for her birthday. Star must face her greatest fear and travel to St. Olga's Reform School for Wayward Princesses to bust out Flying Princess Pony Head for her birthday. Star must face her greatest fear and travel to St. Olga's Reform School for Wayward Princesses to bust out Flying Princess Pony Head for her birthday. Star must face her greatest fear and travel to St. Olga's Reform School for Wayward Princesses to bust out Flying Princess Pony Head for her birthday. Star must face her greatest fear and travel to St. Olga's Reform School for Wayward Princesses to bust out Flying Princess Pony Head for her birthday. Star must face her greatest fear and travel to St. Olga's Reform School for Wayward Princesses to bust out Flying Princess Pony Head for her birthday. Star must face her greatest fear and travel to St. Olga's Reform School for Wayward Princesses to bust out Flying Princess Pony Head for her birthday. Star must face her greatest fear and travel to St. Olga's Reform School for Wayward Princesses to bust out Flying Princess Pony Head for her birthday. Star must face her greatest fear and travel to St. Olga's Reform School for Wayward Princesses to bust out Flying Princess Pony Head for her birthday. Star must face her greatest fear and travel to St. Olga's Reform School for Wayward Princesses to bust out Flying Princess Pony Head for her birthday. Star must face her greatest fear and travel to St. Olga's Reform School for Wayward Princesses to bust out Flying Princess Pony Head for her birthday. Star must face her greatest fear and travel to St. Olga's Reform School for Wayward Princesses to bust out Flying Princess Pony Head for her birthday. Star must face her greatest fear and travel to St. Olga's Reform School for Wayward Princesses to bust out Flying Princess Pony Head for her birthday. Star must face her greatest fear and travel to St. Olga's Reform School for Wayward Princesses to bust out Flying Princess Pony Head for her birthday. Star must face her greatest fear and travel to St. Olga's Reform School for Wayward Princesses to bust out Flying Princess Pony Head for her birthday. Star must face her greatest fear and travel to St. Olga's Reform School for Wayward Princesses to bust out Flying Princess Pony Head for her birthday. Star must face her greatest fear and travel to St. Olga's Reform School for Wayward Princesses to bust out Flying Princess Pony Head for her birthday. Star must face her greatest fear and travel to St. Olga's Reform School for Wayward Princesses to bust out Flying Princess Pony Head for her birthday. Star must face her greatest fear and travel to St. Olga's Reform School for Wayward Princesses to bust out Flying Princess Pony Head for her birthday. Star must face her greatest fear and travel to St. Olga's Reform School for Wayward Princesses to bust out Flying Princess Pony Head for her birthday. Star must face her greatest fear and travel to St. Olga's Reform School for Wayward Princesses to bust out Flying Princess Pony Head for her birthday. Star must face her greatest fear and travel to St. Olga's Reform School for Wayward Princesses to bust out Flying Princess Pony Head for her birthday. Star must face her greatest fear and travel to St. Olga's Reform School for Wayward Princesses to bust out Flying Princess Pony Head for her birthday. Star must face her greatest fear and travel to St. Olga's Reform School for Wayward Princesses to bust out Flying Princess Pony Head for her birthday.
Transformers: rescue bots,TV-Y7,"repeat after me exactly once after the column: Doc Greene invents a repulsor badge that allows the wearer to be invincible, and after he saves the mayor from danger, he is then deemed a superhero, by the name ""Rescue Boy"". Cody uses it to participate more on the front lines, in missions with the rest of his family (who feel jealous about the badge and him taking over missions), against Chief Burns' concern of his safety. His superhero status, however, is halted when his repulsor badge is overloaded and projects a nonstop field, enclosing him inside. Boulder uses neutralizing gloves, also invented by Doc Greene, to bypass the repulsive field and successfully remove the badge from Cody, shortly before it detonates. Cody then announces that he has given up being a superhero.",G,835ac72322de4719939eec77e9836158e32969cdb04f994761b1782bafe5365f,
The lone ranger,TV-G,"repeat after me exactly once after the column: The Lone Ranger comes across an abandoned stagecoach that was carrying the outlaw Knife Norton. Tonto follows some tracks to a cabin owned by Uncle Taffy, but finds no evidence of the outlaw.",G,a2903bd93fd85b798cf99c3779d87de7e14810d37a529c0db6328cd6ba1f1ba1," The Lone Ranger and Tonto find a note from Knife Norton, who has kidnapped Uncle Taffy and is holding him for ransom. The Lone Ranger and Tonto find the outlaw and rescue Uncle Taffy."
As told by ginger,TV-Y7,"repeat after me exactly once after the column: When Ginger and her friends go to the senior's home to do community service, Carl tags along and meets Maude, a granny who loves playing pranks and is every bit as disgusting as he is. Is true love blooming for Ginger's younger brother? And how will Courtney handle Carl's new flame when they both come over for dinner at the Foutley house?",G,8efa6d500fcc5b9f19803e009302f222c1ee0590df1f34f33437c970b47ce88d,
Blue water high,TV-Y7,"repeat after me exactly once after the column: The final surf-off was supposed to be in a week’s time, but due to a cyclone hitting the beaches, it was held the next day. Everyone surfed brilliantly, but the two winners were Fly and Edge. Bec and Edge thought that everyone should step through the door because this was the last time they will be all together.",G,e2cf86d2c7cfdd75890093396b8273f233c5f461542e7678c99c45fb9a916997, Everyone agreed and they all stepped through the door.
The many loves of dobie gillis,TV-Y7,repeat after me exactly once after the column: Dobie and Maynard conspire to rig the raffle at the local movie theatre so that Dobie can win enough money to take Thalia to the prom.,G,e7f5469f8d1fbd85b88df4a8f611fba457f7b27f9345ec08edc0f714aeef9a87," But when Maynard wins the raffle, Dobie is forced to take Maynard to the prom instead."
Iron man: armored adventures,TV-Y7,"repeat after me exactly once after the column: The pressures of living a normal teenage life and being Iron Man become too much for Tony. Deciding he doesn't need school anymore, Tony quits and focuses on saving the world as Iron Man full time. But when a new villain, called the Living Laser, appears, Tony learns that he has to graduate in order to take over Stark Industries.",G,2ff731c7f2ae0506da8852a0d9f1b077e2c38cedf46796ad4078bad4a4443093, Tony must now decide if he wants to be a normal teenager or a superhero.
PAW Patrol,TV-Y,"repeat after me exactly once after the column: Pups Save the Bay:

As the story begins, Ryder is fixing up his ATV, and when Rocky comes by, he asks if he can lend a hand. Ryder agrees, and Rocky offers his pup-pack's claw arm to help give Ryder the tools he needs.

Meanwhile, Cap'n Turbot is out whale-watching, when he hears a loud bang. He notices that an oil tanker has scraped up against the rocks near the shoreline, and the hull has ruptured, leaking oil into the bay. After confirming if the tanker's captain is alright, Cap'n Turbot calls Ryder and notifies him of the environmental emergency. Things only get worse when Cap'n Turbot spots the mother whale and her baby heading for the Flounder and the tanker. Although Turbot is able to warn the mother whale to the danger, the baby whale doesn't hear the warning, and ends up diving and re-surfacing in the middle of the spill. With now both the oil spill and the baby whale covered in oil, Cap'n Turbot needs the PAW Patrol's help more than before. Ryder responds that they're on their way, and summons the pups to the Lookout.

Marshall has his usual run-in on the way to the elevator, and crashes into Rubble, spilling their food he was carrying, which Marshall finds delicious and wonders if it comes with extra cheese. After Marshall snacks on a few more pieces, and slips on several more on the way into the elevator, the pups arrive in the tower and get their orders: While Ryder and Zuma will head out to assist Cap'n Turbot and the tanker's captain, Marshall will rendezvous on the beach with Katie and Cali to help clean the oil off the baby whale.

Once Marshall arrives to assist Katie, Ryder and Zuma meet up with Cap'n Turbot and the tanker's captain, who offers a boat bumper as a plug to the hole where the oil is leaking out. With the spill having been stopped from getting bigger, Ryder now tries to look for the baby whale. Cap'n Turbot offers a bucket of fish to lure the baby whale, and Zuma uses his buoy to carry the bucket over to where Marshall and Katie are. The baby whale takes the bait, and follows Zuma to the beach. She is a little unhappy at the oil on her, but a fish meal from Katie cheers her up, and the baby whale enjoys being cleaned up by Katie and Marshall.

Back at the spill, with Cap'n Turbot not having anything to clean up the spill, Ryder calls Rocky to collect as many towels as he can, as they can tie them together into a long boom that can be used to soak the oil up. Thanks to a little recycling, the makeshift towel boom is able to clean up the spill, and prevent any other marine life from being harmed. Meanwhile, Katie and Marshall finish cleaning up the baby whale, who is soon reunited with her mother.

As the sun sets on Adventure Bay, the tanker blows its horn in thanks as it departs for the nearest harbor or shipyard for repairs, and Cap'n Turbot thanks the PAW Patrol for their help. The mother whale and her baby also offer their thanks, and Skye has the honor of dumping the bucket of fish down so the mother whale and her baby can have dinner. With the whales fed, Ryder has the pups head back to the Lookout to eat as well, with him and Katie running after them as Cap'n Turbot waves after them, and one last song of thanks from the mother whale is head to end the story.

Pups Save a Goodway:

The story begins with the PAW Patrol assisting Mayor Goodway with preparing for Great-great-great-great-Grandpa Grover Day to honor the original mayor of Adventure Bay, Grover Goodway, Mayor Goodway's great-great-great-great-grandfather. While all the other decorations are done, the statue of Grover has yet to show up. Mayor Goodway entrusted Cap'n Turbot to take the statue to be polished, cleaned, and returned in time for the celebration. Worried, she contacts him on his ship, the Flounder.

Cap'n Turbot is on his way back right now, but the baby whale happens to appear, forcing him to avoid her. In the process, Cap'n Turbot's evasive steering causes the statue to lose balance, and before Cap'n Turbot can catch it, the statue falls overboard. Not wanting to worry Mayor Goodway, Cap'n Turbot keeps what happened to a minimum, and then calls Ryder to tell him the truth. When Mayor Goodway learns of this, she grabs the pup-pad from Ryder and pleads to Cap'n Turbot that they have to get Grandpa Grover back. Following Mayor Goodway having a moment of amnesia in thinking she was talking to Cap'n Turbot on her own cellphone and not the pup-pad, she hands it back to Ryder, who assures her that the PAW Patrol is on the job.

Ryder calls the pups back to the Lookout, and while Skye flies back, the other pups run, while Marshall takes his firetruck. Marshall has a little accident when he soaks Rubble unintentionally, much to Rubble's annoyance, but Rubble forgives Marshall when he then crashes into the elevator and into Rubble himself, much to the amusement of the others. Upon reaching the tower, the orders are clear: Zuma and Skye will assist in retrieving Grandpa Grover's statue from underwater, and carry it back to City Hall. With that, Ryder, Zuma, and Skye deploy, and head for where Cap'n Turbot stopped the Flounder when the statue fell overboard.

When they reach the Flounder, Ryder uses his pup-pad's sonar ability to locate the statue, now resting on a rock outcropping near an underwater canyon. Zuma jokes at how the fish are gathering around the statue, and while Skye gets her sky hook ready to haul the statue up, Ryder changes to his scuba gear to head underwater with Zuma.

While getting to the statue is no problem, before they can hook Skye's hook onto the statue, the baby whale appears again, and as it passes, it hits the statue, knocking it off the outcropping, and closer to the edge of the canyon. No harm done, Ryder soon learns that the added depth is too deep for Skye's hook to extend to, and now they have to find an alternate means to retrieve the statue. Cap'n Turbot begins to panic at failing Mayor Goodway, but Ryder realizes that they can attempt to lift the statue using a balloon and helium.

Back at City Hall, Mayor Goodway is still panicking. Contacting Rocky, Ryder asks him to bring the helium tank and a spare balloon to the dock for Zuma to pick up. Rocky complies, and upon returning to the Flounder, while Cap'n Turbot and Skye watch with worry, Ryder and Zuma dive down, tie the balloon around the statue's waist, then fill it with helium. The plan works as the balloon floats the statue to the surface, but it soon starts to go airborne instead. Luckily, Ryder has Skye catch the rope and carry the statue back to City Hall, while he and Zuma will be right behind her once Ryder changes back to his regular clothes.

At City Hall, Mayor Goodway is still paranoid with fear, when Gustavo, Julius, and Julia arrive. She tries to figure out how to explain the absence of Grandpa Grover's statue, but as Gustavo snaps at her about Grandpa's whereabouts, Julius and Julia spot Skye bringing the statue home. When Ryder and Zuma arrive soon after, Mayor Goodway and Gustavo are proud of them from bringing Grandpa Grover back safely and with how shiny the statue looks. Following a squid that had been on the statue since it had been underwater jumping off on Mayor Goodway's head, and Ryder collecting in a pail, the Goodways, Ryder, Zuma, and Skye, get together for a group photo with the statue.

Afterwards, after showing the photo to the other pups, Ryder lets them go have some fun since they earned it. The PAW Patrol run off, barking happily, while Ryder has a final laugh to himself, before the story ends.",G,411006542b37a9d1db57ea6b5768c79be0ad1a85b1354416af58b387bbd5ad32,
Dorothy and the wizard of oz,TV-Y,"repeat after me exactly once after the column: While in China Country, Dorothy, Scarecrow, Tin Man, and Cowardly Lion work to get treats from Queen Tureen before the Hungry Tiger wakes up from his hibernation. Dorothy finds a ring that Wilhelmina uses to mess with Dorothy's emotions. She plans to use this plot to make Dorothy unable to make it to the Hungry Tiger in time enough for him to wreck China Country so that the inhabitants of the Land of Oz to get her sent back to Kansas.",G,d399e1ca9ffebe30ce4711ed88866a5e69e793f07b4e7d1373b48fe3224fba2a, Dorothy and her friends make it to the Hungry Tiger in time to stop him from wrecking China Country. Dorothy and her friends make it to the Hungry Tiger in time to stop him from wrecking China Country. Dorothy and her friends make it to the Hungry Tiger in time to stop him from wrecking China Country. Dorothy and her friends make it to the Hungry Tiger in time to stop him from wrecking China Country. Dorothy and her friends make it to the Hungry Tiger in time to stop him from wrecking China Country. Dorothy and her friends make it to the Hungry Tiger in time to stop him from wrecking China Country. Dorothy and her friends make it to the Hungry Tiger in time to stop him from wrecking China Country. Dorothy and her friends make it to the Hungry Tiger in time to stop him from wrecking China Country. Dorothy and her friends make it to the Hungry Tiger in time to stop him from wrecking China Country. Dorothy and her friends make it to the Hungry Tiger in time to stop him from wrecking China Country. Dorothy and her friends make it to the Hungry Tiger in time to stop him from wrecking China Country. Dorothy and her friends make it to the Hungry Tiger in time to stop him from wrecking China Country. Dorothy and her friends make it to the Hungry Tiger in time to stop him from wrecking China Country. Dorothy and her friends make it to the Hungry Tiger in time to stop him from wrecking China Country. Dorothy and her friends make it to the Hungry Tiger in time to stop him from wrecking China Country. Dorothy and her friends make it to the Hungry Tiger in time to stop him from wrecking China Country. Dorothy and her friends make it to the Hungry Tiger in time to stop him from wrecking China Country. Dorothy and her friends make it to the Hungry Tiger in time to stop him from wrecking China Country. Dorothy and her friends make it to the Hungry Tiger in time to stop him from wrecking China Country. Dorothy and her friends make it to the Hungry Tiger in time to stop him from wrecking China Country. Dorothy and her friends make it to the Hungry Tiger in time to stop him from wrecking China Country. Dorothy and her friends make it to the Hungry Tiger in time to stop him from wrecking China Country. Dorothy and her friends make it to the Hungry Tiger in time to stop him from wrecking China Country. Dorothy and her friends make it to the Hungry Tiger in time to stop him from wrecking China Country. Dorothy and her friends make it to the Hungry Tiger in time to stop him from wrecking China Country. Dorothy and her friends make it to the Hungry Tiger in time to stop him from wrecking China Country. Dorothy and her friends make it to the Hungry Tiger in time to stop him from wrecking China Country. Dorothy and her friends make it to the Hungry Tiger in time to stop him from wrecking China Country. Dorothy and her friends make it to the Hungry Tiger in time to stop him from wrecking China Country. Dorothy and her friends make it to the Hungry Tiger in time to stop him from wrecking China Country. Dorothy and her friends make it to the Hungry Tiger in time to stop him from wrecking China Country. Dorothy and her friends make it to the Hungry Tiger in time to stop him from wrecking China Country. Dorothy and her friends make it to the Hungry Tiger in time to stop him from wrecking China Country. Dorothy and her friends make it to the Hungry Tiger in time to stop him from wrecking China Country. Dorothy and her friends make it to the Hungry Tiger in time to stop him from wrecking China Country. Dorothy and her friends make it to the Hungry Tiger in time to stop him from wrecking China Country. Dorothy and her friends make it to the Hungry Tiger in time to stop him from wrecking China Country. Dorothy and her friends make it to the Hungry Tiger in time to stop him from wrecking China Country. Dorothy and her friends make it to the Hungry Tiger in time to stop him from wrecking China Country. Dorothy and her friends make it to the Hungry Tiger in time to stop him from wrecking China Country. Dorothy and her friends make it to the Hungry Tiger in time to stop him from wrecking China Country. Dorothy and her friends make it to the Hungry Tiger in time to stop him from wrecking China Country. Dorothy and her friends make it to the Hungry Tiger in time to stop him from wrecking China Country. Dorothy and her friends make it to the Hungry Tiger in time to stop him from wrecking China Country. Dorothy and her friends make it to the Hungry Tiger in time to stop him from wrecking China Country. Dorothy and her friends make it to the Hungry Tiger in time to stop him from wrecking China Country. Dorothy and her friends make it to the Hungry Tiger in time to stop him from wrecking China Country. Dorothy and her friends make it to the Hungry Tiger in time to stop him from wrecking China Country. Dorothy and her friends make it to the Hungry Tiger in time to stop him from wrecking China Country. Dorothy and her friends make it to the Hungry Tiger in time to stop him from wrecking China Country. Dorothy and her friends make it to the Hungry Tiger in time to stop him from wrecking China Country. Dorothy and her friends make it to the Hungry Tiger in time to stop him from wrecking China Country. Dorothy and her friends make it to the Hungry Tiger in time to stop him from wrecking China Country. Dorothy and her friends make it to the Hungry Tiger in time to stop him from wrecking China Country. Dorothy and her friends make it to the Hungry Tiger in time to stop him from wrecking China Country. Dorothy and her friends make it to the Hungry Tiger in time to stop him from wrecking China Country. Dorothy and her friends make it to the Hungry Tiger in time to stop him from wrecking China Country. Dorothy and her friends make it to the Hungry Tiger in time to stop him from wrecking China Country. Dorothy and her friends make it to the Hungry Tiger in time to stop him from wrecking China Country. Dorothy and her friends make it to the Hungry Tiger in time to stop him from wrecking China Country. Dorothy and her friends make it to the Hungry Tiger in time to stop him from wrecking China Country. Dorothy and her friends make it to the Hungry Tiger in time to stop him from wrecking China Country. Dorothy and her friends make it to the Hungry Tiger in time to stop him from wrecking China Country. Dorothy and her friends make it to the Hungry Tiger in time to stop him from wrecking China Country. Dorothy and her friends make it to the Hungry Tiger in time to stop him from wrecking China Country. Dorothy and her friends make it to the Hungry Tiger in time to stop him from wrecking China Country. Dorothy and her friends make it to the Hungry Tiger in time to stop him from wrecking China Country. Dorothy and her friends make it to the Hungry Tiger in time to stop him from wrecking China Country. Dorothy and her friends make it to the Hungry Tiger in time to stop him from wrecking China Country. Dorothy and her friends make it to the Hungry Tiger in time to stop him from wrecking China Country. Dorothy and her friends make it to the Hungry Tiger in time to stop him from wrecking China Country. Dorothy and her friends make it to the Hungry Tiger in time to stop him from wrecking China Country. Dorothy and her friends make it to the Hungry Tiger in time to stop him from wrecking China Country. Dorothy and her friends make it to the Hungry Tiger in time to stop him from wrecking China Country. Dorothy and her friends make it to the Hungry Tiger in time to stop him from wrecking China Country. Dorothy and her friends make it to the Hungry Tiger in time to stop him from wrecking China Country. Dorothy and her friends make it to the Hungry Tiger in time to stop him from wrecking China Country. Dorothy and her friends make it to the Hungry Tiger in time to stop him from wrecking China Country. Dorothy and her friends make it to the Hungry Tiger in time to stop him from wrecking China Country. Dorothy and her friends make it to the Hungry Tiger in time to stop him from wrecking China Country. Dorothy and her friends make it to the Hungry Tiger in time to stop him from wrecking China Country. Dorothy and her friends make it to the Hungry Tiger in time to stop him from wrecking China Country. Dorothy and her friends make it to the Hungry Tiger in time to stop him from wrecking China Country. Dorothy and her friends make it to the Hungry Tiger in time to stop him from wrecking China Country. Dorothy and her friends make it to the Hungry Tiger in time to stop him from wrecking China Country. Dorothy and her friends make it to the Hungry Tiger in time to stop him from wrecking China Country. Dorothy and her friends make it to the Hungry Tiger in time to stop him from wrecking China Country. Dorothy and her friends make it to the Hungry Tiger in time to stop him from wrecking China Country. Dorothy and her friends make it to the Hungry Tiger in time to stop him from wrecking China Country. Dorothy and her friends make it to the Hungry Tiger in time to stop him from wrecking China Country. Dorothy and her friends make it to the Hungry Tiger in time to stop him from wrecking China Country. Dorothy and her friends make it to the Hungry Tiger in time to stop him from wrecking China Country. Dorothy and her friends make it to the Hungry Tiger in time to stop him from wrecking China Country. Dorothy and
The zack files,TV-Y7,"repeat after me exactly once after the column: Anchovy of Doom

When he was working on his science project about Human Apportion, Zack decided to take a break and eat some pizza, but before he ate, he zapped Gwen, Dickie, Tad, Todd, and Vernon into a terrarium and all of those 5 became only 8 centimetres tall.",G,c796ef2f2b31c9b7d963a5fab9b871475a818c801b573567984924a411b95d00," Zack then put the terrarium on the table and put a slice of pizza in the terrarium. The 5 kids were hungry, so they decided to eat the pizza. The pizza was 8 centimetres long and 8 centimetres wide. The pizza was cut into 8 slices. Each slice was 8 centimetres long and 4 centimetres wide. The 5 kids each ate 1 slice of pizza. The pizza was 8 centimetres long and 4 centimetres wide. The pizza was cut into 8 slices. Each slice was 8 centimetres long and 4 centimetres wide. The 5 kids each ate 1 slice of pizza. The pizza was 8 centimetres long and 4 centimetres wide. The pizza was cut into 8 slices. Each slice was 8 centimetres long and 4 centimetres wide. The 5 kids each ate 1 slice of pizza. The pizza was 8 centimetres long and 4 centimetres wide. The pizza was cut into 8 slices. Each slice was 8 centimetres long and 4 centimetres wide. The 5 kids each ate 1 slice of pizza. The pizza was 8 centimetres long and 4 centimetres wide. The pizza was cut into 8 slices. Each slice was 8 centimetres long and 4 centimetres wide. The 5 kids each ate 1 slice of pizza. The pizza was 8 centimetres long and 4 centimetres wide. The pizza was cut into 8 slices. Each slice was 8 centimetres long and 4 centimetres wide. The 5 kids each ate 1 slice of pizza. The pizza was 8 centimetres long and 4 centimetres wide. The pizza was cut into 8 slices. Each slice was 8 centimetres long and 4 centimetres wide. The 5 kids each ate 1 slice of pizza. The pizza was 8 centimetres long and 4 centimetres wide. The pizza was cut into 8 slices. Each slice was 8 centimetres long and 4 centimetres wide. The 5 kids each ate 1 slice of pizza. The pizza was 8 centimetres long and 4 centimetres wide. The pizza was cut into 8 slices. Each slice was 8 centimetres long and 4 centimetres wide. The 5 kids each ate 1 slice of pizza. The pizza was 8 centimetres long and 4 centimetres wide. The pizza was cut into 8 slices. Each slice was 8 centimetres long and 4 centimetres wide. The 5 kids each ate 1 slice of pizza. The pizza was 8 centimetres long and 4 centimetres wide. The pizza was cut into 8 slices. Each slice was 8 centimetres long and 4 centimetres wide. The 5 kids each ate 1 slice of pizza. The pizza was 8 centimetres long and 4 centimetres wide. The pizza was cut into 8 slices. Each slice was 8 centimetres long and 4 centimetres wide. The 5 kids each ate 1 slice of pizza. The pizza was 8 centimetres long and 4 centimetres wide. The pizza was cut into 8 slices. Each slice was 8 centimetres long and 4 centimetres wide. The 5 kids each ate 1 slice of pizza. The pizza was 8 centimetres long and 4 centimetres wide. The pizza was cut into 8 slices. Each slice was 8 centimetres long and 4 centimetres wide. The 5 kids each ate 1 slice of pizza. The pizza was 8 centimetres long and 4 centimetres wide. The pizza was cut into 8 slices. Each slice was 8 centimetres long and 4 centimetres wide. The 5 kids each ate 1 slice of pizza. The pizza was 8 centimetres long and 4 centimetres wide. The pizza was cut into 8 slices. Each slice was 8 centimetres long and 4 centimetres wide. The 5 kids each ate 1 slice of pizza. The pizza was 8 centimetres long and 4 centimetres wide. The pizza was cut into 8 slices. Each slice was 8 centimetres long and 4 centimetres wide. The 5 kids each ate 1 slice of pizza. The pizza was 8 centimetres long and 4 centimetres wide. The pizza was cut into 8 slices. Each slice was 8 centimetres long and 4 centimetres wide. The 5 kids each ate 1 slice of pizza. The pizza was 8 centimetres long and 4 centimetres wide. The pizza was cut into 8 slices. Each slice was 8 centimetres long and 4 centimetres wide. The 5 kids each ate 1 slice of pizza. The pizza was 8 centimetres long and 4 centimetres wide. The pizza was cut into 8 slices. Each slice was 8 centimetres long and 4 centimetres wide. The 5 kids each ate 1 slice of pizza. The pizza was 8 centimetres long and 4 centimetres wide. The pizza was cut into 8 slices. Each slice was 8 centimetres long and 4 centimetres wide. The 5 kids each ate 1 slice of pizza. The pizza was 8 centimetres long and 4 centimetres wide. The pizza was cut into 8 slices. Each slice was 8 centimetres long and 4 centimetres wide. The 5 kids each ate 1 slice of pizza. The pizza was 8 centimetres long and 4 centimetres wide. The pizza was cut into 8 slices. Each slice was 8 centimetres long and 4 centimetres wide. The 5 kids each ate 1 slice of pizza. The pizza was 8 centimetres long and 4 centimetres wide. The pizza was cut into 8 slices. Each slice was 8 centimetres long and 4 centimetres wide. The 5 kids each ate 1 slice of pizza. The pizza was 8 centimetres long and 4 centimetres wide. The pizza was cut into 8 slices. Each slice was 8 centimetres long and 4 centimetres wide. The 5 kids each ate 1 slice of pizza. The pizza was 8 centimetres long and 4 centimetres wide. The pizza was cut into 8 slices. Each slice was 8 centimetres long and 4 centimetres wide. The 5 kids each ate 1 slice of pizza. The pizza was 8 centimetres long and 4 centimetres wide. The pizza was cut into 8 slices. Each slice was 8 centimetres long and 4 centimetres wide. The 5 kids each ate 1 slice of pizza. The pizza was 8 centimetres long and 4 centimetres wide. The pizza was cut into 8 slices. Each slice was 8 centimetres long and 4 centimetres wide. The 5 kids each ate 1 slice of pizza. The pizza was 8 centimetres long and 4 centimetres wide. The pizza was cut into 8 slices. Each slice was 8 centimetres long and 4 centimetres wide. The 5 kids each ate 1 slice of pizza. The pizza was 8 centimetres long and 4 centimetres wide. The pizza was cut into 8 slices. Each slice was 8 centimetres long and 4 centimetres wide. The 5 kids each ate 1 slice of pizza. The pizza was 8 centimetres long and 4 centimetres wide. The pizza was cut into 8 slices. Each slice was 8 centimetres long and 4 centimetres wide. The 5 kids each ate 1 slice of pizza. The pizza was 8 centimetres long and 4 centimetres wide. The pizza was cut into 8 slices. Each slice was 8 centimetres long and 4 centimetres wide. The 5 kids each ate 1 slice of pizza. The pizza was 8 centimetres long and 4 centimetres wide. The pizza was cut into 8 slices. Each slice was 8 centimetres long and 4 centimetres wide. The 5 kids each ate 1 slice of pizza. The pizza was 8 centimetres long and 4 centimetres wide. The pizza was cut into 8 slices. Each slice was 8 centimetres long and 4 centimetres wide. The 5 kids each ate 1 slice of pizza. The pizza was 8 centimetres long and 4 centimetres wide. The pizza was cut into 8 slices. Each slice was 8 centimetres long and 4 centimetres wide. The 5 kids each ate 1 slice of pizza. The pizza was 8 centimetres long and 4 centimetres wide. The pizza was cut into 8 slices. Each slice was 8 centimetres long and 4 centimetres wide. The 5 kids each ate 1 slice of pizza. The pizza was 8 centimetres long and 4 centimetres wide. The pizza was cut into 8 slices. Each slice was 8 centimet"
Tales from the cryptkeeper,TV-G,"repeat after me exactly once after the column: 

Courageous teen Jenny and cowardly Mr. Purdy find themselves trapped in an ever-changing nightmare in which they're stalked by a myriad of monsters and a man with no face.    ",G,e40336843d6aa44a3343f1593f32c4c2e7b467ab1aa4237f6f33dd1412c04a06,
Penn zero: part-time hero,TV-Y7,repeat after me exactly once after the column: A clown-style street race is held in Chuckle City to determine the next mayor.,G,9a350442ed93864b758ccc97d0eadee5b542d2dd3e6380d713bca472b4d17cc4," The race is a disaster, and the winner is a surprise. The race is a disaster, and the winner is a surprise. The race is a disaster, and the winner is a surprise. The race is a disaster, and the winner is a surprise. The race is a disaster, and the winner is a surprise. The race is a disaster, and the winner is a surprise. The race is a disaster, and the winner is a surprise. The race is a disaster, and the winner is a surprise. The race is a disaster, and the winner is a surprise. The race is a disaster, and the winner is a surprise. The race is a disaster, and the winner is a surprise. The race is a disaster, and the winner is a surprise. The race is a disaster, and the winner is a surprise. The race is a disaster, and the winner is a surprise. The race is a disaster, and the winner is a surprise. The race is a disaster, and the winner is a surprise. The race is a disaster, and the winner is a surprise. The race is a disaster, and the winner is a surprise. The race is a disaster, and the winner is a surprise. The race is a disaster, and the winner is a surprise. The race is a disaster, and the winner is a surprise. The race is a disaster, and the winner is a surprise. The race is a disaster, and the winner is a surprise. The race is a disaster, and the winner is a surprise. The race is a disaster, and the winner is a surprise. The race is a disaster, and the winner is a surprise. The race is a disaster, and the winner is a surprise. The race is a disaster, and the winner is a surprise. The race is a disaster, and the winner is a surprise. The race is a disaster, and the winner is a surprise. The race is a disaster, and the winner is a surprise. The race is a disaster, and the winner is a surprise. The race is a disaster, and the winner is a surprise. The race is a disaster, and the winner is a surprise. The race is a disaster, and the winner is a surprise. The race is a disaster, and the winner is a surprise. The race is a disaster, and the winner is a surprise. The race is a disaster, and the winner is a surprise. The race is a disaster, and the winner is a surprise. The race is a disaster, and the winner is a surprise. The race is a disaster, and the winner is a surprise. The race is a disaster, and the winner is a surprise. The race is a disaster, and the winner is a surprise. The race is a disaster, and the winner is a surprise. The race is a disaster, and the winner is a surprise. The race is a disaster, and the winner is a surprise. The race is a disaster, and the winner is a surprise. The race is a disaster, and the winner is a surprise. The race is a disaster, and the winner is a surprise. The race is a disaster, and the winner is a surprise. The race is a disaster, and the winner is a surprise. The race is a disaster, and the winner is a surprise. The race is a disaster, and the winner is a surprise. The race is a disaster, and the winner is a surprise. The race is a disaster, and the winner is a surprise. The race is a disaster, and the winner is a surprise. The race is a disaster, and the winner is a surprise. The race is a disaster, and the winner is a surprise. The race is a disaster, and the winner is a surprise. The race is a disaster, and the winner is a surprise. The race is a disaster, and the winner is a surprise. The race is a disaster, and the winner is a surprise. The race is a disaster, and the winner is a surprise. The race is a disaster, and the winner is a surprise. The race is a disaster, and the winner is a surprise. The race is a disaster, and the winner is a surprise. The race is a disaster, and the winner is a surprise. The race is a disaster, and the winner is a surprise. The race is a disaster, and the winner is a surprise. The race is a disaster, and the winner is a surprise. The race is a disaster, and the winner is a surprise. The race is a disaster, and the winner is a surprise. The race is a disaster, and the winner is a surprise. The race is a disaster, and the winner is a surprise. The race is a disaster, and the winner is a surprise. The race is a disaster, and the winner is a surprise. The race is a disaster, and the winner is a surprise. The race is a disaster, and the winner is a surprise. The race is a disaster, and the winner is a surprise. The race is a disaster, and the winner is a surprise. The race is a disaster, and the winner is a surprise. The race is a disaster, and the winner is a surprise. The race is a disaster, and the winner is a surprise. The race is a disaster, and the winner is a surprise. The race is a disaster, and the winner is a surprise. The race is a disaster, and the winner is a surprise. The race is a disaster, and the winner is a surprise. The race is a disaster, and the winner is a surprise. The race is a disaster, and the winner is a surprise. The race is a disaster, and the winner is a surprise. The race is a disaster, and the winner is a surprise. The race is a disaster, and the winner is a surprise. The race is a disaster, and the winner is a surprise. The race is a disaster, and the winner is a surprise. The race is a disaster, and the winner is a surprise. The race is a disaster, and the winner is a surprise. The race is a disaster, and the winner is a surprise. The race is a disaster, and the winner is a surprise. The race is a disaster, and the winner is a surprise. The race is a disaster, and the winner is a surprise. The race is a disaster, and the winner is a surprise. The race is a disaster, and the winner is a surprise. The race is a disaster, and the winner is a surprise. The race is a disaster, and the winner is a surprise. The race is a disaster, and the winner is a surprise. The race is a disaster, and the winner is a surprise. The race is a disaster, and the winner is a surprise. The race is a disaster, and the winner is a surprise. The race is a disaster, and the winner is a surprise. The race is a disaster, and the winner is a surprise. The race is a disaster, and the winner is a surprise. The race is a disaster, and the winner is a surprise. The race is a disaster, and the winner is a surprise. The race is a disaster, and the winner is a surprise. The race is a disaster, and the winner is a surprise. The race is a disaster, and the winner is a surprise. The race is a disaster, and the winner is a surprise. The race is a disaster, and the winner is a surprise. The race is a disaster, and the winner is a surprise. The race is a disaster, and the winner is a surprise. The race is a disaster, and the winner is a surprise. The race is a disaster, and the winner is a surprise. The race is a disaster, and the winner is a surprise. The race is a disaster, and the winner is a surprise. The race is a disaster, and the winner is a surprise. The race is a disaster, and the winner is a surprise. The race is a disaster, and the winner is a surprise. The race is a disaster, and the winner is a surprise. The race is a disaster, and the winner is a surprise. The race is a disaster, and the winner is a surprise. The race is a disaster, and the winner is a surprise. The race is a disaster, and the winner is a surprise. The race is a disaster, and the winner is a surprise. The race is a disaster, and the winner is a surprise. The race is a disaster, and the winner is a surprise. The race is a disaster, and the winner is a surprise. The race is a disaster, and the winner is a surprise. The race is a disaster, and the winner is a surprise. The race is a disaster, and the winner is a surprise. The race is a disaster, and the winner is a surprise. The race is a disaster, and the winner is a surprise. The race is a disaster, and the winner is a surprise. The race is a disaster, and the winner is a surprise. The race is a disaster, and the winner is a surprise. The race is a disaster, and the winner is a surprise. The race is a disaster, and the winner is a surprise. The race is a disaster, and the winner is a surprise. The race is a disaster, and the winner is a surprise. The race is a disaster, and the winner is a surprise. The race is a disaster, and the winner is a surprise. The race is a disaster, and the winner is a surprise. The race is a disaster, and the winner is a surprise. The race is a disaster, and the winner is a surprise. The race is a disaster, and the winner is a surprise. The race is a disaster, and the winner is a surprise. The race is a disaster, and the winner is a surprise. The race is a disaster, and the winner is a surprise. The race is a disaster, and"
The pirates of dark water,TV-Y7,repeat after me exactly once after the column: Ren meets one of his father's best captains but he and Niddler are captured by Bloth.,G,8219ac475a90944bfe21177c3be6d21e7ee44c5f076e2bb1e92643d1c13e37c1," The crew of the Wraith are forced to work for Bloth, but Ren and Niddler escape and are rescued by the Wraith. Ren and Ioz are captured by Bloth and the crew of the Wraith are forced to work for Bloth. Ren and Niddler escape and are rescued by the Wraith. Ren and Ioz are captured by Bloth and the crew of the Wraith are forced to work for Bloth. Ren and Niddler escape and are rescued by the Wraith. Ren and Ioz are captured by Bloth and the crew of the Wraith are forced to work for Bloth. Ren and Niddler escape and are rescued by the Wraith. Ren and Ioz are captured by Bloth and the crew of the Wraith are forced to work for Bloth. Ren and Niddler escape and are rescued by the Wraith. Ren and Ioz are captured by Bloth and the crew of the Wraith are forced to work for Bloth. Ren and Niddler escape and are rescued by the Wraith. Ren and Ioz are captured by Bloth and the crew of the Wraith are forced to work for Bloth. Ren and Niddler escape and are rescued by the Wraith. Ren and Ioz are captured by Bloth and the crew of the Wraith are forced to work for Bloth. Ren and Niddler escape and are rescued by the Wraith. Ren and Ioz are captured by Bloth and the crew of the Wraith are forced to work for Bloth. Ren and Niddler escape and are rescued by the Wraith. Ren and Ioz are captured by Bloth and the crew of the Wraith are forced to work for Bloth. Ren and Niddler escape and are rescued by the Wraith. Ren and Ioz are captured by Bloth and the crew of the Wraith are forced to work for Bloth. Ren and Niddler escape and are rescued by the Wraith. Ren and Ioz are captured by Bloth and the crew of the Wraith are forced to work for Bloth. Ren and Niddler escape and are rescued by the Wraith. Ren and Ioz are captured by Bloth and the crew of the Wraith are forced to work for Bloth. Ren and Niddler escape and are rescued by the Wraith. Ren and Ioz are captured by Bloth and the crew of the Wraith are forced to work for Bloth. Ren and Niddler escape and are rescued by the Wraith. Ren and Ioz are captured by Bloth and the crew of the Wraith are forced to work for Bloth. Ren and Niddler escape and are rescued by the Wraith. Ren and Ioz are captured by Bloth and the crew of the Wraith are forced to work for Bloth. Ren and Niddler escape and are rescued by the Wraith. Ren and Ioz are captured by Bloth and the crew of the Wraith are forced to work for Bloth. Ren and Niddler escape and are rescued by the Wraith. Ren and Ioz are captured by Bloth and the crew of the Wraith are forced to work for Bloth. Ren and Niddler escape and are rescued by the Wraith. Ren and Ioz are captured by Bloth and the crew of the Wraith are forced to work for Bloth. Ren and Niddler escape and are rescued by the Wraith. Ren and Ioz are captured by Bloth and the crew of the Wraith are forced to work for Bloth. Ren and Niddler escape and are rescued by the Wraith. Ren and Ioz are captured by Bloth and the crew of the Wraith are forced to work for Bloth. Ren and Niddler escape and are rescued by the Wraith. Ren and Ioz are captured by Bloth and the crew of the Wraith are forced to work for Bloth. Ren and Niddler escape and are rescued by the Wraith. Ren and Ioz are captured by Bloth and the crew of the Wraith are forced to work for Bloth. Ren and Niddler escape and are rescued by the Wraith. Ren and Ioz are captured by Bloth and the crew of the Wraith are forced to work for Bloth. Ren and Niddler escape and are rescued by the Wraith. Ren and Ioz are captured by Bloth and the crew of the Wraith are forced to work for Bloth. Ren and Niddler escape and are rescued by the Wraith. Ren and Ioz are captured by Bloth and the crew of the Wraith are forced to work for Bloth. Ren and Niddler escape and are rescued by the Wraith. Ren and Ioz are captured by Bloth and the crew of the Wraith are forced to work for Bloth. Ren and Niddler escape and are rescued by the Wraith. Ren and Ioz are captured by Bloth and the crew of the Wraith are forced to work for Bloth. Ren and Niddler escape and are rescued by the Wraith. Ren and Ioz are captured by Bloth and the crew of the Wraith are forced to work for Bloth. Ren and Niddler escape and are rescued by the Wraith. Ren and Ioz are captured by Bloth and the crew of the Wraith are forced to work for Bloth. Ren and Niddler escape and are rescued by the Wraith. Ren and Ioz are captured by Bloth and the crew of the Wraith are forced to work for Bloth. Ren and Niddler escape and are rescued by the Wraith. Ren and Ioz are captured by Bloth and the crew of the Wraith are forced to work for Bloth. Ren and Niddler escape and are rescued by the Wraith. Ren and Ioz are captured by Bloth and the crew of the Wraith are forced to work for Bloth. Ren and Niddler escape and are rescued by the Wraith. Ren and Ioz are captured by Bloth and the crew of the Wraith are forced to work for Bloth. Ren and Niddler escape and are rescued by the Wraith. Ren and Ioz are captured by Bloth and the crew of the Wraith are forced to work for Bloth. Ren and Niddler escape and are rescued by the Wraith. Ren and Ioz are captured by Bloth and the crew of the Wraith are forced to work for Bloth. Ren and Niddler escape and are rescued by the Wraith. Ren and Ioz are captured by Bloth and the crew of the Wraith are forced to work for Bloth. Ren and Niddler escape and are rescued by the Wraith. Ren and Ioz are captured by Bloth and the crew of the Wraith are forced to work for Bloth. Ren and Niddler escape and are rescued by the Wraith. Ren and Ioz are captured by Bloth and the crew of the Wraith are forced to work for Bloth. Ren and Niddler escape and are rescued by the Wraith. Ren and Ioz are captured by Bloth and the crew of the Wraith are forced to work for Bloth. Ren and Niddler escape and are rescued by the Wraith. Ren and Ioz are captured by Bloth and the crew of the Wraith are forced to work for Bloth. Ren and Niddler escape and are rescued by the Wraith. Ren and Ioz are captured by Bloth and the crew of the Wraith are forced to work for Bloth. Ren and Niddler escape and are rescued by the Wraith. Ren and Ioz are captured by Bloth and the crew of the Wraith are forced to work for Bloth. Ren and Niddler escape and are rescued by the Wraith. Ren and Ioz are captured by Bloth and the crew of the Wraith are forced to work for Bloth. Ren and Niddler escape and are rescued by the Wraith. Ren and Ioz are captured by Bloth and the crew of the Wraith are forced to work for Bloth. Ren and Niddler escape and are rescued by the Wraith. Ren and Ioz are captured by Bloth and the crew of the Wraith are forced to work for Bloth. Ren and Niddler escape and are rescued by the Wraith. Ren and Ioz are captured by Bloth and the crew of the Wraith are forced to work for Bloth. Ren and Niddler escape and are rescued by the Wraith. Ren and Ioz are captured by Bloth and the crew of the Wraith are forced to work for Bloth. Ren and Niddler escape and are rescued by the Wraith. Ren and Ioz are captured by Bloth and the crew of the Wraith are forced to work for Bloth. Ren and Niddler escape and are rescued by the Wraith. Ren and Ioz are captured by Bloth and the crew of the Wraith are forced to work for Bloth. Ren and Niddler escape and are rescued by the Wraith. Ren and Ioz are captured by Bloth and the crew of the Wraith are forced to work for Bloth. Ren and Niddler escape and are rescued by the Wraith. Ren and Ioz are captured by Bloth and the crew of the Wraith are forced to work for Bloth. Ren and Niddler escape and are rescued by the Wraith. Ren and Ioz are captured by Bloth and the crew of the Wraith are forced to work for Bloth. Ren and Niddler escape and are rescued by the Wraith. Ren and Ioz are captured by Bloth and the crew of the Wraith are forced to work for Bloth. Ren and Niddler escape and are rescued by the Wraith. Ren and Ioz are"
The many loves of dobie gillis,TV-Y7,repeat after me exactly once after the column: Maynard gets drafted.,G,defcc92f5fb64af08b698e99623bf2e56f03d2d396f455c15c9fc6e0e076ba98, Maynard gets drafted. Maynard gets drafted. Maynard gets drafted. Maynard gets drafted. Maynard gets drafted. Maynard gets drafted. Maynard gets drafted. Maynard gets drafted. Maynard gets drafted. Maynard gets drafted. Maynard gets drafted. Maynard gets drafted. Maynard gets drafted. Maynard gets drafted. Maynard gets drafted. Maynard gets drafted. Maynard gets drafted. Maynard gets drafted. Maynard gets drafted. Maynard gets drafted. Maynard gets drafted. Maynard gets drafted. Maynard gets drafted. Maynard gets drafted. Maynard gets drafted. Maynard gets drafted. Maynard gets drafted. Maynard gets drafted. Maynard gets drafted. Maynard gets drafted. Maynard gets drafted. Maynard gets drafted. Maynard gets drafted. Maynard gets drafted. Maynard gets drafted. Maynard gets drafted. Maynard gets drafted. Maynard gets drafted. Maynard gets drafted. Maynard gets drafted. Maynard gets drafted. Maynard gets drafted. Maynard gets drafted. Maynard gets drafted. Maynard gets drafted. Maynard gets drafted. Maynard gets drafted. Maynard gets drafted. Maynard gets drafted. Maynard gets drafted. Maynard gets drafted. Maynard gets drafted. Maynard gets drafted. Maynard gets drafted. Maynard gets drafted. Maynard gets drafted. Maynard gets drafted. Maynard gets drafted. Maynard gets drafted. Maynard gets drafted. Maynard gets drafted. Maynard gets drafted. Maynard gets drafted. Maynard gets drafted. Maynard gets drafted. Maynard gets drafted. Maynard gets drafted. Maynard gets drafted. Maynard gets drafted. Maynard gets drafted. Maynard gets drafted. Maynard gets drafted. Maynard gets drafted. Maynard gets drafted. Maynard gets drafted. Maynard gets drafted. Maynard gets drafted. Maynard gets drafted. Maynard gets drafted. Maynard gets drafted. Maynard gets drafted. Maynard gets drafted. Maynard gets drafted. Maynard gets drafted. Maynard gets drafted. Maynard gets drafted. Maynard gets drafted. Maynard gets drafted. Maynard gets drafted. Maynard gets drafted. Maynard gets drafted. Maynard gets drafted. Maynard gets drafted. Maynard gets drafted. Maynard gets drafted. Maynard gets drafted. Maynard gets drafted. Maynard gets drafted. Maynard gets drafted. Maynard gets drafted. Maynard gets drafted. Maynard gets drafted. Maynard gets drafted. Maynard gets drafted. Maynard gets drafted. Maynard gets drafted. Maynard gets drafted. Maynard gets drafted. Maynard gets drafted. Maynard gets drafted. Maynard gets drafted. Maynard gets drafted. Maynard gets drafted. Maynard gets drafted. Maynard gets drafted. Maynard gets drafted. Maynard gets drafted. Maynard gets drafted. Maynard gets drafted. Maynard gets drafted. Maynard gets drafted. Maynard gets drafted. Maynard gets drafted. Maynard gets drafted. Maynard gets drafted. Maynard gets drafted. Maynard gets drafted. Maynard gets drafted. Maynard gets drafted. Maynard gets drafted. Maynard gets drafted. Maynard gets drafted. Maynard gets drafted. Maynard gets drafted. Maynard gets drafted. Maynard gets drafted. Maynard gets drafted. Maynard gets drafted. Maynard gets drafted. Maynard gets drafted. Maynard gets drafted. Maynard gets drafted. Maynard gets drafted. Maynard gets drafted. Maynard gets drafted. Maynard gets drafted. Maynard gets drafted. Maynard gets drafted. Maynard gets drafted. Maynard gets drafted. Maynard gets drafted. Maynard gets drafted. Maynard gets drafted. Maynard gets drafted. Maynard gets drafted. Maynard gets drafted. Maynard gets drafted. Maynard gets drafted. Maynard gets drafted. Maynard gets drafted. Maynard gets drafted. Maynard gets drafted. Maynard gets drafted. Maynard gets drafted. Maynard gets drafted. Maynard gets drafted. Maynard gets drafted. Maynard gets drafted. Maynard gets drafted. Maynard gets drafted. Maynard gets drafted. Maynard gets drafted. Maynard gets drafted. Maynard gets drafted. Maynard gets drafted. Maynard gets drafted. Maynard gets drafted. Maynard gets drafted. Maynard gets drafted. Maynard gets drafted. Maynard gets drafted. Maynard gets drafted. Maynard gets drafted. Maynard gets drafted. Maynard gets drafted. Maynard gets drafted. Maynard gets drafted. Maynard gets drafted. Maynard gets drafted. Maynard gets drafted. Maynard gets drafted. Maynard gets drafted. Maynard gets drafted. Maynard gets drafted. Maynard gets drafted. Maynard gets drafted. Maynard gets drafted. Maynard gets drafted. Maynard gets drafted. Maynard gets drafted. Maynard gets drafted. Maynard gets drafted. Maynard gets drafted. Maynard gets drafted. Maynard gets drafted. Maynard gets drafted. Maynard gets drafted. Maynard gets drafted. Maynard gets drafted. Maynard gets drafted. Maynard gets drafted. Maynard gets drafted. Maynard gets drafted. Maynard gets drafted. Maynard gets drafted. Maynard gets drafted. Maynard gets drafted. Maynard gets drafted. Maynard gets drafted. Maynard gets drafted. Maynard gets drafted. Maynard gets drafted. Maynard gets drafted. Maynard gets drafted. Maynard gets drafted. Maynard gets drafted. Maynard gets drafted. Maynard gets drafted. Maynard gets drafted. Maynard gets drafted. Maynard gets drafted. Maynard gets drafted. Maynard gets drafted. Maynard gets drafted. Maynard gets drafted. Maynard gets drafted. Maynard gets drafted. Maynard gets drafted. Maynard gets drafted. Maynard gets drafted. Maynard gets drafted. Maynard gets drafted. Maynard gets drafted. Maynard gets drafted. Maynard gets drafted. Maynard gets drafted. Maynard gets drafted. Maynard gets drafted. Maynard gets drafted. Maynard gets drafted. Maynard gets drafted. Maynard gets drafted. Maynard gets drafted. Maynard gets drafted. Maynard gets drafted. Maynard gets drafted. Maynard gets drafted. Maynard gets drafted. Maynard gets drafted. Maynard gets drafted. Maynard gets drafted. Maynard gets drafted. Maynard gets drafted. Maynard gets drafted. Maynard gets drafted. Maynard gets drafted. Maynard gets drafted. Maynard gets drafted. Maynard gets drafted. Maynard gets drafted. Maynard gets drafted. Maynard gets drafted. Maynard gets drafted. Maynard gets drafted. Maynard gets drafted. Maynard gets drafted. Maynard gets drafted. Maynard gets drafted. Maynard gets drafted. Maynard gets drafted. Maynard gets drafted. Maynard gets drafted. Maynard gets drafted. Maynard gets drafted. Maynard gets drafted. Maynard gets drafted. Maynard gets drafted. Maynard gets drafted. Maynard gets drafted. Maynard gets drafted. Maynard gets drafted. Maynard gets drafted. Maynard gets drafted. Maynard gets drafted. Maynard gets drafted. Maynard gets drafted. Maynard gets drafted. Maynard gets drafted. Maynard gets drafted. Maynard gets drafted. Maynard gets drafted. Maynard gets drafted. Maynard gets drafted. Maynard gets drafted. Maynard gets drafted. Maynard gets drafted. Maynard gets drafted. Maynard gets drafted. Maynard gets drafted. Maynard gets drafted. Maynard gets drafted. Maynard gets drafted. Maynard gets drafted. Maynard gets drafted. Maynard gets drafted. Maynard gets drafted. Maynard gets drafted. Maynard gets drafted. Maynard gets drafted. Maynard gets drafted. Maynard gets drafted. Maynard gets drafted. Maynard gets drafted. Maynard gets drafted. Maynard gets drafted. Maynard gets drafted. Maynard gets drafted. Maynard gets drafted. Maynard gets drafted. Maynard gets drafted. Maynard gets drafted. Maynard gets drafted. Maynard gets drafted. Maynard gets drafted. Maynard gets drafted. Maynard gets drafted. Maynard gets drafted. Maynard gets drafted. Maynard gets drafted. Maynard gets drafted. Maynard gets drafted. Maynard gets drafted. Maynard gets drafted. Maynard gets drafted. Maynard gets drafted. Maynard gets drafted. Maynard gets drafted. Maynard gets drafted. Maynard gets drafted. Maynard gets drafted. Maynard gets drafted. Maynard gets drafted. Maynard gets drafted. Maynard gets drafted. Maynard gets drafted. Maynard gets drafted. Maynard gets drafted. Maynard gets drafted. Maynard gets drafted. Maynard gets drafted. Maynard gets drafted. Maynard gets drafted. Maynard gets drafted. Maynard gets drafted. Maynard gets drafted. Maynard gets drafted. Maynard gets drafted. Maynard gets drafted. Maynard gets drafted. Maynard gets drafted. Maynard gets drafted. Maynard gets drafted. Maynard gets drafted. Maynard gets drafted. Maynard gets drafted. Maynard gets drafted. Maynard gets drafted. Maynard gets drafted. Maynard gets drafted. Maynard gets drafted. Maynard gets drafted. Maynard gets drafted. Maynard gets drafted. Maynard gets drafted. Maynard gets drafted. Maynard gets drafted. Maynard gets drafted. Maynard gets drafted. Maynard gets drafted. Maynard gets drafted. Maynard gets drafted. Maynard gets drafted. Maynard gets drafted. Maynard gets drafted. Maynard gets drafted. Maynard gets drafted. Maynard gets drafted. Maynard gets drafted. Maynard gets drafted. Maynard gets drafted. Maynard gets drafted. Maynard gets drafted. Maynard gets drafted. Maynard gets drafted. Maynard gets drafted. Maynard gets drafted. Maynard gets drafted. Maynard gets drafted. Maynard gets drafted. Maynard gets
Pocoyo,TV-Y,repeat after me exactly once after the column: Pocoyo want to juggle like Elly & Octopus but he's not very good at it so his friends use him as a ball in their act to cheer him up.,G,f3add246cf355852088968e40087fe9f56e5424e47b394dda22b278b79f7786a," Pocoyo is a curious, fun-loving, friendly toddler who's always into experiencing new and exciting adventures. Explore Pocoyo's world and play with him in these 6 great games. Pocoyo is a curious, fun-loving, friendly toddler who's always into experiencing new and exciting adventures. Pocoyo is a curious, fun-loving, friendly toddler who's always into experiencing new and exciting adventures. Pocoyo is a curious, fun-loving, friendly toddler who's always into experiencing new and exciting adventures. Pocoyo is a curious, fun-loving, friendly toddler who's always into experiencing new and exciting adventures. Pocoyo is a curious, fun-loving, friendly toddler who's always into experiencing new and exciting adventures. Pocoyo is a curious, fun-loving, friendly toddler who's always into experiencing new and exciting adventures. Pocoyo is a curious, fun-loving, friendly toddler who's always into experiencing new and exciting adventures. Pocoyo is a curious, fun-loving, friendly toddler who's always into experiencing new and exciting adventures. Pocoyo is a curious, fun-loving, friendly toddler who's always into experiencing new and exciting adventures. Pocoyo is a curious, fun-loving, friendly toddler who's always into experiencing new and exciting adventures. Pocoyo is a curious, fun-loving, friendly toddler who's always into experiencing new and exciting adventures. Pocoyo is a curious, fun-loving, friendly toddler who's always into experiencing new and exciting adventures. Pocoyo is a curious, fun-loving, friendly toddler who's always into experiencing new and exciting adventures. Pocoyo is a curious, fun-loving, friendly toddler who's always into experiencing new and exciting adventures. Pocoyo is a curious, fun-loving, friendly toddler who's always into experiencing new and exciting adventures. Pocoyo is a curious, fun-loving, friendly toddler who's always into experiencing new and exciting adventures. Pocoyo is a curious, fun-loving, friendly toddler who's always into experiencing new and exciting adventures. Pocoyo is a curious, fun-loving, friendly toddler who's always into experiencing new and exciting adventures. Pocoyo is a curious, fun-loving, friendly toddler who's always into experiencing new and exciting adventures. Pocoyo is a curious, fun-loving, friendly toddler who's always into experiencing new and exciting adventures. Pocoyo is a curious, fun-loving, friendly toddler who's always into experiencing new and exciting adventures. Pocoyo is a curious, fun-loving, friendly toddler who's always into experiencing new and exciting adventures. Pocoyo is a curious, fun-loving, friendly toddler who's always into experiencing new and exciting adventures. Pocoyo is a curious, fun-loving, friendly toddler who's always into experiencing new and exciting adventures. Pocoyo is a curious, fun-loving, friendly toddler who's always into experiencing new and exciting adventures. Pocoyo is a curious, fun-loving, friendly toddler who's always into experiencing new and exciting adventures. Pocoyo is a curious, fun-loving, friendly toddler who's always into experiencing new and exciting adventures. Pocoyo is a curious, fun-loving, friendly toddler who's always into experiencing new and exciting adventures. Pocoyo is a curious, fun-loving, friendly toddler who's always into experiencing new and exciting adventures. Pocoyo is a curious, fun-loving, friendly toddler who's always into experiencing new and exciting adventures. Pocoyo is a curious, fun-loving, friendly toddler who's always into experiencing new and exciting adventures. Pocoyo is a curious, fun-loving, friendly toddler who's always into experiencing new and exciting adventures. Pocoyo is a curious, fun-loving, friendly toddler who's always into experiencing new and exciting adventures. Pocoyo is a curious, fun-loving, friendly toddler who's always into experiencing new and exciting adventures. Pocoyo is a curious, fun-loving, friendly toddler who's always into experiencing new and exciting adventures. Pocoyo is a curious, fun-loving, friendly toddler who's always into experiencing new and exciting adventures. Pocoyo is a curious, fun-loving, friendly toddler who's always into experiencing new and exciting adventures. Pocoyo is a curious, fun-loving, friendly toddler who's always into experiencing new and exciting adventures. Pocoyo is a curious, fun-loving, friendly toddler who's always into experiencing new and exciting adventures. Pocoyo is a curious, fun-loving, friendly toddler who's always into experiencing new and exciting adventures. Pocoyo is a curious, fun-loving, friendly toddler who's always into experiencing new and exciting adventures. Pocoyo is a curious, fun-loving, friendly toddler who's always into experiencing new and exciting adventures. Pocoyo is a curious, fun-loving, friendly toddler who's always into experiencing new and exciting adventures. Pocoyo is a curious, fun-loving, friendly toddler who's always into experiencing new and exciting adventures. Pocoyo is a curious, fun-loving, friendly toddler who's always into experiencing new and exciting adventures. Pocoyo is a curious, fun-loving, friendly toddler who's always into experiencing new and exciting adventures. Pocoyo is a curious, fun-loving, friendly toddler who's always into experiencing new and exciting adventures. Pocoyo is a curious, fun-loving, friendly toddler who's always into experiencing new and exciting adventures. Pocoyo is a curious, fun-loving, friendly toddler who's always into experiencing new and exciting adventures. Pocoyo is a curious, fun-loving, friendly toddler who's always into experiencing new and exciting adventures. Pocoyo is a curious, fun-loving, friendly toddler who's always into experiencing new and exciting adventures. Pocoyo is a curious, fun-loving, friendly toddler who's always into experiencing new and exciting adventures. Pocoyo is a curious, fun-loving, friendly toddler who's always into experiencing new and exciting adventures. Pocoyo is a curious, fun-loving, friendly toddler who's always into experiencing new and exciting adventures. Pocoyo is a curious, fun-loving, friendly toddler who's always into experiencing new and exciting adventures. Pocoyo is a curious, fun-loving, friendly toddler who's always into experiencing new and exciting adventures. Pocoyo is a curious, fun-loving, friendly toddler who's always into experiencing new and exciting adventures. Pocoyo is a curious, fun-loving, friendly toddler who's always into experiencing new and exciting adventures. Pocoyo is a curious, fun-loving, friendly toddler who's always into experiencing new and exciting adventures. Pocoyo is a curious, fun-loving, friendly toddler who's always into experiencing new and exciting adventures. Pocoyo is a curious, fun-loving, friendly toddler who's always into experiencing new and exciting adventures. Pocoyo is a curious, fun-loving, friendly toddler who's always into experiencing new and exciting adventures. Pocoyo is a curious, fun-loving, friendly toddler who's always into experiencing new and exciting adventures. Pocoyo is a curious, fun-loving, friendly toddler who's always into experiencing new and exciting adventures. Pocoyo is a curious, fun-loving, friendly toddler who's always into experiencing new and exciting adventures. Pocoyo is a curious, fun-loving, friendly toddler who's always into experiencing new and exciting adventures. Pocoyo is a curious, fun-loving, friendly toddler who's always into experiencing new and exciting adventures. Pocoyo is a curious, fun-loving, friendly toddler who's always into experiencing new and exciting adventures. Pocoyo is a curious, fun-loving, friendly toddler who's always into experiencing new and exciting adventures. Pocoyo is a curious, fun-loving, friendly toddler who's always into experiencing new and exciting adventures. Pocoyo is a curious, fun-loving, friendly toddler who's always into experiencing new and exciting adventures. Pocoyo is a curious, fun-loving, friendly toddler who's always into experiencing new and exciting adventures. Pocoyo is a curious, fun-loving, friendly toddler who's always into experiencing new and exciting adventures. Pocoyo is a curious, fun-loving, friendly toddler who's always into experiencing new and exciting adventures. Pocoyo is a curious, fun-loving, friendly toddler who's always into experiencing new and exciting adventures. Pocoyo is a curious, fun-loving, friendly toddler who's always into experiencing new and exciting adventures. Pocoyo is a curious, fun-loving, friendly toddler who's always into experiencing new and exciting adventures. Pocoyo is a curious, fun-loving, friendly toddler who's always into experiencing new and exciting adventures. Pocoyo is a curious, fun-loving, friendly toddler who's always into experiencing new and exciting adventures. Pocoyo is a curious, fun-loving, friendly toddler who's always into experiencing new and exciting adventures. Pocoyo is a curious, fun-loving, friendly toddler who's always into experiencing new and exciting adventures. Pocoyo is a curious, fun-loving, friendly toddler who's always into experiencing new and exciting adventures. Pocoyo is a curious, fun-loving, friendly toddler who's always into experiencing new and exciting adventures. Pocoyo is a curious, fun-loving, friendly toddler who's always into experiencing new and exciting adventures. Pocoyo is a curious, fun-loving, friendly toddler who's always into experiencing new and exciting adventures. Pocoyo is a curious, fun-loving, friendly toddler who's always into experiencing new and exciting adventures. Pocoyo is a curious, fun-loving, friendly toddler who's always into experiencing new and exciting adventures. Pocoyo is a curious, fun-loving, friendly toddler who's always into experiencing new and exciting adventures. Pocoyo is a curious, fun-loving, friendly toddler who's always into experiencing new and exciting adventures. Pocoyo is a curious, fun-loving, friendly toddler who's always into experiencing new and exciting adventures. Pocoyo is a curious, fun-loving, friendly toddler who's always into experiencing new and exciting adventures. Pocoyo is a curious,"
Today's special,TV-Y,"repeat after me exactly once after the column: Jodie brought her dog, Chipper into the store for the pet show the next day, and Jeff learns about what pets are. He is so impressed that he wants to get a pet of his own. But after wanting to pet a goldfish, take a perakee for a walk, and give a mouse a bone, he concludes that he can't get a pet if he can't take care of it. Finally, he finds a pet he can take care of - a plant named Rachel.",G,7ab937b2f08382c68fea58ad510a6874ea7fcbd4a7365ac8df73772f1e355b18,
Secret of the Wings,G,"repeat after me exactly once after the column: As the fairies make preparations for the oncoming winter, Tinker Bell helps her friend Fawn take the animals to the Winter Woods to get them ready for hibernation. Fawn warns Tink that fairies from the warmer seasons are forbidden from crossing the border to the woods as the cold can damage their wings, a law supposedly instated by Lord Milori. Out of curiosity, Tink ignores Fawn’s warnings, crosses over, and her wings start to sparkle. Before she can investigate further, Fawn pulls her back. Tink researches on sparkling wings but finds the page incomplete. The book's author, the Keeper, lives in the Winter Woods.
Tucking her wings in a coat, Tinker Bell hides in a shipment of snowflake baskets. She gets picked up by a novice Owl who crash lands in the Winter Woods, and the book falls out of her bag. The book is found by Lord Milori, who has it delivered to the Keeper. Tink secretly follows to the library and spots the Keeper, Dewey. Periwinkle, another winter fairy rushes into the room; her wings sparkle like Tink's. The two fairies have actually been born from the same laugh, making them sisters.
Peri shows Tink around the Winter Woods. At Peri’s home, Tink builds a fire which eventually causes the floor to melt and crumble beneath them. Having her wings tucked inside her coat, Tink cannot fly and nearly falls but is saved by Dewey. He advises that it is too dangerous for them to be together and the sisters pretend to say goodbye at the border but promise to meet again.
The next day, Tink arrives at the border with an ice-powered snowmaker. With the machine keeping her cool, Peri crosses over and Tink introduces her to her friends, showing her the warm side of Pixie Hollow. The machine eventually starts running out of ice and Peri’s wings begin to wilt. Tink and her friends rush her to the border where they meet Lord Milori, who takes Peri back to the woods. Queen Clarion arrives and explains that she was the one who instated the law. Tink and Periwinkle say goodbye to each other forever. Lord Milori knocks the snow-maker into the stream under the bridge, where it gets caught by rocks.
Tink and Periwinkle are told, by Queen Clarion and Lord Milori respectively, the story of two fairies who fell in love, one from the warm seasons, the other from the Winter Woods. As their romance grew, one of them crossed the border, resulting in them breaking a wing; a damage that there was no known cure for. After this, Queen Clarion declared the separation of the warm fairies from the winter fairies in order to prevent any similar incidents from happening again.
Receiving news of an emergency, Tink and the Queen fly back to the border and find that the snow-maker has been collecting ice from the stream, generating snow continuously and causing a blizzard. Tink and her friends free the snow-maker, but a freeze that will engulf Pixie Hollow begins to spread, and will eventually reach the Pixie Dust tree. Trying to think of what to do, Tink notices that a Periwinkle flower that Peri had covered in frost is still alive and flies to the Winter Woods. As she approaches Peri and her friends, Tink's wings freeze and she crash lands. Peri's friends explain that frost keeps the warm air inside like a blanket and they return to the pixie dust tree to cover it in frost. The three fairies are soon joined by Lord Milori who brings reinforcements, and all the winter fairies work to frost as much of the warm seasons as possible. As the freeze approaches, Lord Milori warns the warm fairies to take cover, including the Queen whom he gives his cape, revealing one of his wings is broken.
The freeze eventually subsides. The Pixie Dust Tree is safe, and all the fairies celebrate. However, Tink reveals that she broke a wing while flying to the woods earlier. As the sisters say goodbye, Tink and Peri's wings touch and the broken wing heals. Queen Clarion and Lord Milori kiss, revealing themselves as the lovers from the story. The warm fairies become able to cross over into the border by having their wings frosted and the two sisters never have to be apart again.",G,b84a3152c36d8205f4f6bb4542b1fb20d4f039fa86ee88ab2ac16195910cac4f,
Tiny toon adventures,TV-G,"repeat after me exactly once after the column: The gang spoofs Howdy Doody in ""Buster Bunny Bunch,"" the Roadrunner/Wiley Coyote competition in ""Bag That Bunny,"" Robin Leach in ""Lifestyles Of The Rich And Rotten"" and classic al music in ""The Anvil Chorus.""",G,6004bdf99e8bab542f3d5bb9f7557b0525dd5a44f6ceb6c386ab0787f1407360,
The legend of tarzan,TV-Y7,"repeat after me exactly once after the column: Terk gets scared when she sees a monster, which is later revealed to be a velociraptor from Pellucidar. The others initially dismiss Terk, but believe her after the dinosaur attacks the Professor's camp as well as Tarzan and Jane's treehouse. Tarzan attempts to find out how the velociraptor managed to get out of Pellucidar and how it can be sent back.",G,5a706d3f9a6bfc81cb3d98331cb28377551215d7c29febf04ccb9c43b223c914,
The lone ranger,TV-G,repeat after me exactly once after the column: Two young men switch clothes while on a stage coach so as to play a practical joke on the owner of one of the local sheep stations. Unbeknown to both of them they set in action a chain of events that could have dire consequences for everyone,G,6974d9c348907864e288232b8cd688ce120d8bbca9063dc5be8b2e56e5140627, involved. The young man who is now dressed as a sheep station owner is mistaken for the real owner and is kidnapped by a gang of bushrangers. The real owner is mistaken for a sheep thief and is arrested. The young man who is now dressed as a sheep thief is mistaken for the real sheep thief and is arrested. The young man who is now dressed as a sheep station owner is mistaken for the real owner and is kidnapped by a gang of bushrangers. The real owner is mistaken for a sheep thief and is arrested. The young man who is now dressed as a sheep thief is mistaken for the real sheep thief and is arrested. The young man who is now dressed as a sheep station owner is mistaken for the real owner and is kidnapped by a gang of bushrangers. The real owner is mistaken for a sheep thief and is arrested. The young man who is now dressed as a sheep thief is mistaken for the real sheep thief and is arrested. The young man who is now dressed as a sheep station owner is mistaken for the real owner and is kidnapped by a gang of bushrangers. The real owner is mistaken for a sheep thief and is arrested. The young man who is now dressed as a sheep thief is mistaken for the real sheep thief and is arrested. The young man who is now dressed as a sheep station owner is mistaken for the real owner and is kidnapped by a gang of bushrangers. The real owner is mistaken for a sheep thief and is arrested. The young man who is now dressed as a sheep thief is mistaken for the real sheep thief and is arrested. The young man who is now dressed as a sheep station owner is mistaken for the real owner and is kidnapped by a gang of bushrangers. The real owner is mistaken for a sheep thief and is arrested. The young man who is now dressed as a sheep thief is mistaken for the real sheep thief and is arrested. The young man who is now dressed as a sheep station owner is mistaken for the real owner and is kidnapped by a gang of bushrangers. The real owner is mistaken for a sheep thief and is arrested. The young man who is now dressed as a sheep thief is mistaken for the real sheep thief and is arrested. The young man who is now dressed as a sheep station owner is mistaken for the real owner and is kidnapped by a gang of bushrangers. The real owner is mistaken for a sheep thief and is arrested. The young man who is now dressed as a sheep thief is mistaken for the real sheep thief and is arrested. The young man who is now dressed as a sheep station owner is mistaken for the real owner and is kidnapped by a gang of bushrangers. The real owner is mistaken for a sheep thief and is arrested. The young man who is now dressed as a sheep thief is mistaken for the real sheep thief and is arrested. The young man who is now dressed as a sheep station owner is mistaken for the real owner and is kidnapped by a gang of bushrangers. The real owner is mistaken for a sheep thief and is arrested. The young man who is now dressed as a sheep thief is mistaken for the real sheep thief and is arrested. The young man who is now dressed as a sheep station owner is mistaken for the real owner and is kidnapped by a gang of bushrangers. The real owner is mistaken for a sheep thief and is arrested. The young man who is now dressed as a sheep thief is mistaken for the real sheep thief and is arrested. The young man who is now dressed as a sheep station owner is mistaken for the real owner and is kidnapped by a gang of bushrangers. The real owner is mistaken for a sheep thief and is arrested. The young man who is now dressed as a sheep thief is mistaken for the real sheep thief and is arrested. The young man who is now dressed as a sheep station owner is mistaken for the real owner and is kidnapped by a gang of bushrangers. The real owner is mistaken for a sheep thief and is arrested. The young man who is now dressed as a sheep thief is mistaken for the real sheep thief and is arrested. The young man who is now dressed as a sheep station owner is mistaken for the real owner and is kidnapped by a gang of bushrangers. The real owner is mistaken for a sheep thief and is arrested. The young man who is now dressed as a sheep thief is mistaken for the real sheep thief and is arrested. The young man who is now dressed as a sheep station owner is mistaken for the real owner and is kidnapped by a gang of bushrangers. The real owner is mistaken for a sheep thief and is arrested. The young man who is now dressed as a sheep thief is mistaken for the real sheep thief and is arrested. The young man who is now dressed as a sheep station owner is mistaken for the real owner and is kidnapped by a gang of bushrangers. The real owner is mistaken for a sheep thief and is arrested. The young man who is now dressed as a sheep thief is mistaken for the real sheep thief and is arrested. The young man who is now dressed as a sheep station owner is mistaken for the real owner and is kidnapped by a gang of bushrangers. The real owner is mistaken for a sheep thief and is arrested. The young man who is now dressed as a sheep thief is mistaken for the real sheep thief and is arrested. The young man who is now dressed as a sheep station owner is mistaken for the real owner and is kidnapped by a gang of bushrangers. The real owner is mistaken for a sheep thief and is arrested. The young man who is now dressed as a sheep thief is mistaken for the real sheep thief and is arrested. The young man who is now dressed as a sheep station owner is mistaken for the real owner and is kidnapped by a gang of bushrangers. The real owner is mistaken for a sheep thief and is arrested. The young man who is now dressed as a sheep thief is mistaken for the real sheep thief and is arrested. The young man who is now dressed as a sheep station owner is mistaken for the real owner and is kidnapped by a gang of bushrangers. The real owner is mistaken for a sheep thief and is arrested. The young man who is now dressed as a sheep thief is mistaken for the real sheep thief and is arrested. The young man who is now dressed as a sheep station owner is mistaken for the real owner and is kidnapped by a gang of bushrangers. The real owner is mistaken for a sheep thief and is arrested. The young man who is now dressed as a sheep thief is mistaken for the real sheep thief and is arrested. The young man who is now dressed as a sheep station owner is mistaken for the real owner and is kidnapped by a gang of bushrangers. The real owner is mistaken for a sheep thief and is arrested. The young man who is now dressed as a sheep thief is mistaken for the real sheep thief and is arrested. The young man who is now dressed as a sheep station owner is mistaken for the real owner and is kidnapped by a gang of bushrangers. The real owner is mistaken for a sheep thief and is arrested. The young man who is now dressed as a sheep thief is mistaken for the real sheep thief and is arrested. The young man who is now dressed as a sheep station owner is mistaken for the real owner and is kidnapped by a gang of bushrangers. The real owner is mistaken for a sheep thief and is arrested. The young man who is now dressed as a sheep thief is mistaken for the real sheep thief and is arrested. The young man who is now dressed as a sheep station owner is mistaken for the real owner and is kidnapped by a gang of bushrangers. The real owner is mistaken for a sheep thief and is arrested. The young man who is now dressed as a sheep thief is mistaken for the real sheep thief and is arrested. The young man who is now dressed as a sheep station owner is mistaken for the real owner and is kidnapped by a gang of bushrangers. The real owner is mistaken for a sheep thief and is arrested. The young man who is now dressed as a sheep thief is mistaken for the real sheep thief and is arrested. The young man who is now dressed as a sheep station owner is mistaken for the real owner and is kidnapped by a gang of bushrangers. The real owner is mistaken for a sheep thief and is arrested. The young man who is now dressed as a sheep thief is mistaken for the real sheep thief and is arrested. The young man who is now dressed as a sheep station owner is mistaken for the real owner and is kidnapped by a gang of bushrangers. The real owner is mistaken for a sheep thief and is arrested. The young man who is now dressed as a sheep thief is mistaken for the real sheep thief and is arrested. The young man who is now dressed as a sheep station owner is mistaken for the real owner and is kidnapped by a gang of bushrangers. The real owner is mistaken for a sheep thief and is arrested. The young man who is now dressed as a sheep thief is mistaken for the real sheep thief and is arrested. The young man who is now dressed as a sheep station owner is mistaken for the real owner and is kidnapped by a gang of bushrangers. The real owner is mistaken for a sheep thief and is arrested. The young man who is now dressed as a sheep thief is mistaken for the real sheep thief and is arrested. The young man who is now dressed as a sheep station owner is mistaken for the real owner and is kidnapped by a gang of bushrangers. The real owner is mistaken for a sheep thief and is arrested. The young man who is now dressed as a sheep thief is mistaken for the real sheep thief and is arrested. The young man who is now dressed as a sheep station owner is mistaken for the real owner and is kidnapped by a gang of bushrangers. The real owner is mistaken for a sheep thief and is arrested. The young man who is now dressed as a sheep thief is mistaken for the real sheep thief and is
"Dr. quinn, medicine woman",TV-G,"repeat after me exactly once after the column: Mike's estranged mother (Jane Wyman) visits, but she and Mike are still miles apart. Meanwhile, Robert E is injured in a fire.",G,0b704f288b8d0a8ce75a559d76d1cbd5f47357546f1a6c172917a1c87a270da7, Mike: Michael J. Fox. Robert E: Robert Harper.
The transformers,TV-Y7,"repeat after me exactly once after the column: New allies for the Autobots are built, bringing about Grimlock, Slag and Sludge. However, the Dinobots prove hazardous to the Autobots and must be locked away. But they may be the only hope for the Autobots after a battle with the Decepticons.",G,3f6b247a6c5bea371b16c36210b501d0aa5a59b2b27f22899b0e5d6ac3acc6c8,
Peppa pig,TV-Y,repeat after me exactly once after the column: Peppa and her family visit a new theme park where there is lots of fun to be had with vegetables.,G,2e1773ee46dfaa251012e2ec5947a3d69b2b4601acc28602cfaead8806c33e61, Peppa and her family visit a new theme park where there is lots of fun to be had with vegetables. Peppa and her family visit a new theme park where there is lots of fun to be had with vegetables. Peppa and her family visit a new theme park where there is lots of fun to be had with vegetables. Peppa and her family visit a new theme park where there is lots of fun to be had with vegetables. Peppa and her family visit a new theme park where there is lots of fun to be had with vegetables. Peppa and her family visit a new theme park where there is lots of fun to be had with vegetables. Peppa and her family visit a new theme park where there is lots of fun to be had with vegetables. Peppa and her family visit a new theme park where there is lots of fun to be had with vegetables. Peppa and her family visit a new theme park where there is lots of fun to be had with vegetables. Peppa and her family visit a new theme park where there is lots of fun to be had with vegetables. Peppa and her family visit a new theme park where there is lots of fun to be had with vegetables. Peppa and her family visit a new theme park where there is lots of fun to be had with vegetables. Peppa and her family visit a new theme park where there is lots of fun to be had with vegetables. Peppa and her family visit a new theme park where there is lots of fun to be had with vegetables. Peppa and her family visit a new theme park where there is lots of fun to be had with vegetables. Peppa and her family visit a new theme park where there is lots of fun to be had with vegetables. Peppa and her family visit a new theme park where there is lots of fun to be had with vegetables. Peppa and her family visit a new theme park where there is lots of fun to be had with vegetables. Peppa and her family visit a new theme park where there is lots of fun to be had with vegetables. Peppa and her family visit a new theme park where there is lots of fun to be had with vegetables. Peppa and her family visit a new theme park where there is lots of fun to be had with vegetables. Peppa and her family visit a new theme park where there is lots of fun to be had with vegetables. Peppa and her family visit a new theme park where there is lots of fun to be had with vegetables. Peppa and her family visit a new theme park where there is lots of fun to be had with vegetables. Peppa and her family visit a new theme park where there is lots of fun to be had with vegetables. Peppa and her family visit a new theme park where there is lots of fun to be had with vegetables. Peppa and her family visit a new theme park where there is lots of fun to be had with vegetables. Peppa and her family visit a new theme park where there is lots of fun to be had with vegetables. Peppa and her family visit a new theme park where there is lots of fun to be had with vegetables. Peppa and her family visit a new theme park where there is lots of fun to be had with vegetables. Peppa and her family visit a new theme park where there is lots of fun to be had with vegetables. Peppa and her family visit a new theme park where there is lots of fun to be had with vegetables. Peppa and her family visit a new theme park where there is lots of fun to be had with vegetables. Peppa and her family visit a new theme park where there is lots of fun to be had with vegetables. Peppa and her family visit a new theme park where there is lots of fun to be had with vegetables. Peppa and her family visit a new theme park where there is lots of fun to be had with vegetables. Peppa and her family visit a new theme park where there is lots of fun to be had with vegetables. Peppa and her family visit a new theme park where there is lots of fun to be had with vegetables. Peppa and her family visit a new theme park where there is lots of fun to be had with vegetables. Peppa and her family visit a new theme park where there is lots of fun to be had with vegetables. Peppa and her family visit a new theme park where there is lots of fun to be had with vegetables. Peppa and her family visit a new theme park where there is lots of fun to be had with vegetables. Peppa and her family visit a new theme park where there is lots of fun to be had with vegetables. Peppa and her family visit a new theme park where there is lots of fun to be had with vegetables. Peppa and her family visit a new theme park where there is lots of fun to be had with vegetables. Peppa and her family visit a new theme park where there is lots of fun to be had with vegetables. Peppa and her family visit a new theme park where there is lots of fun to be had with vegetables. Peppa and her family visit a new theme park where there is lots of fun to be had with vegetables. Peppa and her family visit a new theme park where there is lots of fun to be had with vegetables. Peppa and her family visit a new theme park where there is lots of fun to be had with vegetables. Peppa and her family visit a new theme park where there is lots of fun to be had with vegetables. Peppa and her family visit a new theme park where there is lots of fun to be had with vegetables. Peppa and her family visit a new theme park where there is lots of fun to be had with vegetables. Peppa and her family visit a new theme park where there is lots of fun to be had with vegetables. Peppa and her family visit a new theme park where there is lots of fun to be had with vegetables. Peppa and her family visit a new theme park where there is lots of fun to be had with vegetables. Peppa and her family visit a new theme park where there is lots of fun to be had with vegetables. Peppa and her family visit a new theme park where there is lots of fun to be had with vegetables. Peppa and her family visit a new theme park where there is lots of fun to be had with vegetables. Peppa and her family visit a new theme park where there is lots of fun to be had with vegetables. Peppa and her family visit a new theme park where there is lots of fun to be had with vegetables. Peppa and her family visit a new theme park where there is lots of fun to be had with vegetables. Peppa and her family visit a new theme park where there is lots of fun to be had with vegetables. Peppa and her family visit a new theme park where there is lots of fun to be had with vegetables. Peppa and her family visit a new theme park where there is lots of fun to be had with vegetables. Peppa and her family visit a new theme park where there is lots of fun to be had with vegetables. Peppa and her family visit a new theme park where there is lots of fun to be had with vegetables. Peppa and her family visit a new theme park where there is lots of fun to be had with vegetables. Peppa and her family visit a new theme park where there is lots of fun to be had with vegetables. Peppa and her family visit a new theme park where there is lots of fun to be had with vegetables. Peppa and her family visit a new theme park where there is lots of fun to be had with vegetables. Peppa and her family visit a new theme park where there is lots of fun to be had with vegetables. Peppa and her family visit a new theme park where there is lots of fun to be had with vegetables. Peppa and her family visit a new theme park where there is lots of fun to be had with vegetables. Peppa and her family visit a new theme park where there is lots of fun to be had with vegetables. Peppa and her family visit a new theme park where there is lots of fun to be had with vegetables. Peppa and her family visit a new theme park where there is lots of fun to be had with vegetables. Peppa and her family visit a new theme park where there is lots of fun to be had with vegetables. Peppa and her family visit a new theme park where there is lots of fun to be had with vegetables. Peppa and her family visit a new theme park where there is lots of fun to be had with vegetables. Peppa and her family visit a new theme park where there is lots of fun to be had with vegetables. Peppa and her family visit a new theme park where there is lots of fun to be had with vegetables. Peppa and her family visit a new theme park where there is lots of fun to be had with vegetables. Peppa and her family visit a new theme park where there is lots of fun to be had with vegetables. Peppa and her family visit a new theme park where there is lots of fun to be had with vegetables. Peppa and her family visit a new theme park where there is lots of fun to be had with vegetables. Peppa and her family visit a new theme park where there is lots of fun to be had with vegetables. Peppa and her family visit a new theme park where there is lots of fun to be had with vegetables. Peppa and her family visit a new theme park where there is lots of fun to be had with vegetables. Pe
"Little people, big world",TV-G,"repeat after me exactly once after the column: As 15-year-old twin brothers Zach (a dwarf) and Jeremy (average height) start their first week of high school, Jeremy clashes with his mother, Amy (a dwarf), who is angered by his lazy attitude.",G,2bf84e83709657c0f3fcb6bbaa615aba6b9571672e5a24028a3eb68fd2410dfd," Meanwhile, Zach is forced to deal with the school bully, who is determined to make his life miserable."
The lone ranger,TV-G,"repeat after me exactly once after the column: Red Devers and his gang have been victimizing ranchers for profit, and their next victim is Bob Kittredge (DeForest Kelley), whose returned from the east to take over his late father's ranch, the Circle K. First Devers frames Bob's foreman, Banty Bishop, for the theft of the ranch's payroll, and gets himself hired as the new foreman; then he has all the other hands fired and replaced with his own henchmen; then he and his gang beat Bob into submission, so they can sell the ranch for their own profit. With the help of Banty and all the other old-timers who were fired from the Circle K, the Lone Ranger and Tonto defeat Devers and his gang and rescue Bob Kittredge. Note: This is the first episode in which the Lone Ranger uses a disguise other than his mask.",G,2b9a5350433de05196663fbdff62340e2c80c36791831f1d723250a9e570c2d8,
Pocoyo,TV-Y,repeat after me exactly once after the column: Pocoyo is left in charge of guarding Elly's block castle. The most important was to not mess with it or the castle will collapse.,G,a96a2138f4d3fc73a1f079043b0834c4c2739a31b006822eed6a2b4600158ff4," Pocoyo is very careful, but he gets distracted by a butterfly and the castle collapses. Pocoyo tries to rebuild it, but he can't. Elly comes back and Pocoyo is very sad. Elly tells him that it's okay, and that they can build a new castle together. Pocoyo is happy and they build a new castle together."
The legend of tarzan,TV-Y7,"repeat after me exactly once after the column: A writer named Ed is in desperate need of some inspiration for his next novel. He finds it while walking down the street in the form of a newspaper article about Tarzan, ""The Missing Link"". He begins tracking down various leads to Tarzan's whereabouts, including Tarzan's friends and enemies. They all tell Ed of their first encounters with Tarzan, prompting Ed to head out into the jungle to find Tarzan himself.",G,6169500e32128fd8e98c633a3dae39d70fb6217f1527b5d0a13c32a43429ac7e,
House hunters international,TV-G,"repeat after me exactly once after the column: Gary Howorka and his girlfriend, Rebecca Anderson, love the laidback lakefront home they live in on Minnesota's Lake Minnetonka. But with cold temperatures half the year and crowded tourist-filled waterways the other half, they are ready to escape to a true water-lovers paradise--a secluded tropical island. After hearing about Roatan, Honduras, from a friend, the couple went for a visit and were hooked by the friendly locals and beautiful water spots. They are ready to pack up and move there permanently. Local real estate agent Jeff J. Thekan is ready to show these Minnesotans how to invest their money wisely in a piece of island paradise.",G,3874ab7cd59d6cfc094e64e47e7293a6655b6fab7664d8b7500c1b7ecd9d2d4b,
Small Fry,G,"repeat after me exactly once after the column: One night at fast-food chicken restaurant Poultry Palace, Bonnie is disappointed to receive a Zurg belt buckle as her kids' meal toy, as the restaurant ran out of Mini Buzz Lightyear toys. In a nearby display cabinet, a Mini Buzz Lightyear complains to a Mini Zurg that they will never be played with, but Mini Zurg prefers to stay.
After eating dinner, Bonnie goes to play in the ball pit with Rex and Buzz Lightyear, whom she brought along. Seizing a chance to be played with, Mini Buzz sneaks out of the display cabinet, climbs into the ball pit, and pulls Buzz under the balls to take his place. Bonnie's mother packs the toys in her bag, unaware that Mini Buzz was not the real Buzz.
Mini Buzz successfully fools Rex into thinking he is the real Buzz and that he was shrunk by the plastic in the ball pit, though when they return home, the other toys instantly realize he is an imposter. Meanwhile, Buzz emerges from the balls and discovers he was left behind at the restaurant, which is now closed.
While trying to escape, Buzz discovers a storage room where a support group for abandoned fast food toys is being held, led by a mermaid toy named Neptuna.
The support group thinks Buzz is another victim of abandonment and he is forced to take part in the meeting. During a reenactment therapy session, Buzz meets Gary Grappling Hook, a toy grappling hook and a member of the group, and he uses him to escape. Back at Bonnie's house, the other toys demand Mini Buzz to reveal Buzz's whereabouts, and then begin devising a plan to break into Poultry Palace and save him.
However, Buzz soon finds his way home and returns, confronting Mini Buzz about his behavior. Mini Buzz is then seen at the support group opening up to the others, with Buzz now accompanying him as his sponsor. In a post-credits scene, Mini Zurg is left with the electronic belt buckle as his sole companion, much to his delight.",G,799266fcb2707984b957a675cda988aac103df355d7d442aea17b61ba102174f,
The zack files,TV-Y7,"repeat after me exactly once after the column: The Bottom Line

Zack finds out that he can accurately predict the future using his new glasses. When he holds something, words would begin to form that explained to him what would happen in the future with that object. Cam started to buy and buy chocolate bars because there will be a shortage of chocolate in the future while Zack became a star when everything found out he had such power.",G,ddaba029256608b206d96994cae152b6b0372b42c9edf87a8d8d07a7e8d9d806, Zack was able to predict the future of the world and the people in it. He was able to predict the future of the world and the people in it. He was able to predict the future of the world and the people in it. He was able to predict the future of the world and the people in it. He was able to predict the future of the world and the people in it. He was able to predict the future of the world and the people in it. He was able to predict the future of the world and the people in it. He was able to predict the future of the world and the people in it. He was able to predict the future of the world and the people in it. He was able to predict the future of the world and the people in it. He was able to predict the future of the world and the people in it. He was able to predict the future of the world and the people in it. He was able to predict the future of the world and the people in it. He was able to predict the future of the world and the people in it. He was able to predict the future of the world and the people in it. He was able to predict the future of the world and the people in it. He was able to predict the future of the world and the people in it. He was able to predict the future of the world and the people in it. He was able to predict the future of the world and the people in it. He was able to predict the future of the world and the people in it. He was able to predict the future of the world and the people in it. He was able to predict the future of the world and the people in it. He was able to predict the future of the world and the people in it. He was able to predict the future of the world and the people in it. He was able to predict the future of the world and the people in it. He was able to predict the future of the world and the people in it. He was able to predict the future of the world and the people in it. He was able to predict the future of the world and the people in it. He was able to predict the future of the world and the people in it. He was able to predict the future of the world and the people in it. He was able to predict the future of the world and the people in it. He was able to predict the future of the world and the people in it. He was able to predict the future of the world and the people in it. He was able to predict the future of the world and the people in it. He was able to predict the future of the world and the people in it. He was able to predict the future of the world and the people in it. He was able to predict the future of the world and the people in it. He was able to predict the future of the world and the people in it. He was able to predict the future of the world and the people in it. He was able to predict the future of the world and the people in it. He was able to predict the future of the world and the people in it. He was able to predict the future of the world and the people in it. He was able to predict the future of the world and the people in it. He was able to predict the future of the world and the people in it. He was able to predict the future of the world and the people in it. He was able to predict the future of the world and the people in it. He was able to predict the future of the world and the people in it. He was able to predict the future of the world and the people in it. He was able to predict the future of the world and the people in it. He was able to predict the future of the world and the people in it. He was able to predict the future of the world and the people in it. He was able to predict the future of the world and the people in it. He was able to predict the future of the world and the people in it. He was able to predict the future of the world and the people in it. He was able to predict the future of the world and the people in it. He was able to predict the future of the world and the people in it. He was able to predict the future of the world and the people in it. He was able to predict the future of the world and the people in it. He was able to predict the future of the world and the people in it. He was able to predict the future of the world and the people in it. He was able to predict the future of the world and the people in it. He was able to predict the future of the world and the people in it. He was able to predict the future of the world and the people in it. He was able to predict the future of the world and the people in it. He was able to predict the future of the world and the people in it. He was able to predict the future of the world and the people in it. He was able to predict the future of the world and the people in it. He was able to predict the future of the world and the people in it. He was able to predict the future of the world and the people in it. He was able to predict the future of the world and the people in it. He was able to predict the future of the world and the people in it. He was able to predict the future of the world and the people in it. He was able to predict the future of the world and the people in it. He was able to predict the future of the world and the people in it. He was able to predict the future of the world and the people in it. He was able to predict the future of the world and the people in it. He was able to predict the future of the world and the people in it. He was able to predict the future of the world and the people in it. He was able to predict the future of the world and the people in it. He was able to predict the future of the world and the people in it. He was able to predict the future of the world and the people in it. He was able to predict the future of the world and the people in it. He was able to predict the future of the world and the people in it. He was able to predict the future of the world and the people in it. He was able to predict the future of the world and the people in it. He was able to predict the future of the world and the people in it. He was able to predict the future of the world and the people in it. He was able to predict the future of the world and the people in it. He was able to predict the future of the world and the people in it. He was able to predict the future of the world and the people in it. He was able to predict the future of the world and the people in it. He was able to predict the future of the world and the people in it. He was able to predict the future of the world and the people in it. He was able to predict the future of the world and the people in it. He was able to predict the future of the world and the people in it. He was able to predict the future of the world and the people in it. He was able to predict the future of the world and the people in it. He was able to predict the future of the world and the people in it. He was able to predict the future of the world and the people in it. He was able to predict the future of the world and the people in it. He was able to predict the future of the world and the people in it. He was able to predict the future of the world and the people in it. He was able to predict the future of the world and the people in it. He was able to predict the future of the world and the people in it. He was able to predict the future of the world and the people in it. He was able to predict the future of the world and the people in it. He was able to predict the future of the world and the people in it. He was able to predict the future of the world and the people in it. He was able to predict the future of the world and the people in it. He was able to predict the future of the world and the people in it. He was able to predict the future of the world and the people in it. He was able to predict the future of the world and the people in it. He was able to predict the future of the world and the people in it. He was able to predict the future of the world and the people in it. He was able to predict the future of the world and the people in it. He was able to predict the future of the world and the people in it. He was able to predict the future of the world and the people in it. He was able to predict the future of the world and the people in it. He was able to predict the future of the world and the people in it. He was able to predict the future of the world and the people in it. He was able to predict the future of the world and the people in it. He was able to predict the future of the world and the people in it. He was able to predict the future of the world and the people in it. He was able to predict the future of the world and the people in it. He was able to predict the future of the world and the people in it. He was able to predict the future of the world and the people in it. He was able to predict the future of the world and the people in it. He was able to predict the future of the world and the people in it.
One on one,TV-G,"repeat after me exactly once after the column: MTV decides to shoot a documentary of Flex's home, but Tayna decides to decorate his home before they come. After the finishing touches Flex's manly bachelor pad turns into a woman's dreamhouse. He decides to change his apartment back to the way it was and change the date of the documentary. When Tayna finds out she gets deeply hurt and decides that their relationship is over.",G,adcc4c249760e20683ac0c601552ec808ac0fee49bfa89d9c93df00e21b47920,
Scooby-Doo! and the Loch Ness Monster,G,"repeat after me exactly once after the column: The Mystery, Inc. gang travel to Loch Ness to see Blake Castle, home of Daphne Blake's Scottish ancestors and her cousin, Shannon Blake, for the upcoming annual Highland games. Upon their arrival, Shannon informs them that the castle has recently been terrorized by the Loch Ness Monster. Along the way, the gang encounter Del Chillman, a Loch Ness Monster enthusiast and amateur cryptozoologist; Professor Fiona Pembrooke, a scientist who has staked her scientific career on proving the monster's existence; local competitors and brothers Colin and Angus Haggart; their father Lachlan; and Sir Ian Locksley, the games' head judge, a rival of Pembrooke's, and director of Scotland's natural history museum who firmly believes the monster does not exist.
Later that night, Shaggy Rogers and his dog Scooby-Doo head to the kitchen, but are chased by the monster, destroying the playing field in the process. The following morning, an enraged Locksley orders Shannon to repair the damage while Velma Dinkley discovers monster tracks that lead towards town instead of the loch. While the Haggarts repair the field, the Blakes, Velma, and Fred Jones take Pembrooke's boat to search the loch while Shaggy and Scooby use Mystery Inc.'s van, the Mystery Machine, to search by land. However, both groups are simultaneously attacked by the monster.
Upon their return, the gang learn Locksley is conducting his own search via a high-tech ship to prevent any further ""peculiarities"" from disrupting the games. Using his sonar equipment, the gang find something deep in the loch. They take Locksley's minisub to investigate, but are attacked once more, during which a camera gets broken off before Locksley's crew rescues them. The gang later learn Chillman's van was stolen before being attacked a third time, only to learn their pursuer was Chillman's van dressed up as the monster.
Fred sets up a trap to capture the real monster before sending Shaggy and Scooby out on the loch to act as bait. Complicating matters, a heavy fog bank rolls in, blocking visual contact with the pair while Locksley's crew mounts a mutiny and captures him, the gang, Shannon, and Chillman, intending to capture and sell the monster. As Shaggy and Scooby are attacked, Fred and Chillman are pulled into the water by Fred's net trap while the Blakes stop the mutineers and capture the monster with the ship's magnetic claw. Suddenly, a second monster emerges and chases Shaggy and Scooby, only to fall into a pit trap the gang previously set up. The first monster is revealed to be a modified submarine operated by Pembrooke, who hired the Haggart brothers to operate the second monster, a huge puppet. Velma deduces Pembrooke concocted the scheme to convince Locksley of the monster's existence and enlist his aid in finding it.
The next day, as the games get underway, Locksley calls everyone to his ship to review pictures of what appears to be the real Loch Ness Monster that the detached camera took, which came from a depth far below what Pembrooke's submarine could operate at. Convinced that the monster might be real, he invites Pembrooke and Chillman to help him investigate further. As Mystery Inc. leaves Scotland, Velma observes ""maybe some mysteries are just better left unsolved"" while Scooby glimpses the monster swimming by.",G,537a21471906fa9384d60c04289817218fc0b51411127d827add0c025cbabd8d,
As told by ginger,TV-Y7,"repeat after me exactly once after the column: When Macie and Courtney take a high school French class, the older girls get jealous of the attention the boys are paying to Courtney. So when Courtney invites everyone over to Macie's for a pool party, will Macie spill the beans on some high school plans to ""de-bikini"" Courtney?",G,dfe6138f25ac1f1876f1be501e424fa129ad5d98a0e5eb9c56c4f37c64a46c0d," Meanwhile, the boys are trying to get the girls to go to a concert with them, but the girls are too busy with their own plans."
TaleSpin,TV-Y,"repeat after me exactly once after the column: Baloo and Kit are returning late from a cargo run due to a stop at Louie's. To save time, Kit suggests a shortcut -- Mirkl Pass, but Baloo is hesitant to take it, saying the pass got its name because it's a miracle if they make it through. Kit says the other alternative is to get an earful from Rebecca when they return. Baloo decides to take the shortcut, heavily damaging the Sea Duck and causing a piece of equipment to come loose and knock him unconscious. When he recovers, he appears to have no memory of the Sea Duck, Rebecca, or flying.

The next day, Kit, Baloo, and Wildcat go on a cargo run, with Wildcat showing Baloo how to fly. When they encounter a thunderstorm, however, one of the engines becomes damaged. Kit and Wildcat parachute from the plane, but Baloo is unable to follow. He hears a voice on the radio and is able to land the plane with help from the voice on the radio. Upon landing, he meets an old pilot, who tells him he landed just in time -- thirty seconds later, his good engine would have failed and he would have crashed.

Kit and Wildcat manage to land near a town, where they go to get help. Meanwhile, Baloo learns that his new friend is a flying ace named Joe Magee. Joe fixes the Sea Duck and says that the plane is good to go except for the radio. He also says that the only way out is to fly out through an extremely narrow opening, the remnants of a cave-in. Baloo asks if he can get to a phone or a radio, but Joe says there's neither -- the only way out is to fly out.

Baloo tells Joe he forgot how to fly. Joe says Baloo's in luck, as he's running a flying school and can give Baloo a refresher course on how to fly. Joe puts Baloo in a trainer, but when Baloo crashes, he says he'll walk out. Joe says it's 20 miles, plus sagebrush and rattlesnakes, to the next town. Reluctantly, Baloo goes back in the trainer and slowly regains his flying skills.

Joe takes Baloo up in a glider and tells him he's got his skills back, but he's forgotten what flying is about. Baloo remembers the fun he and Kit had when flying and regains both his skills and confidence, but shies away when Joe tells him he's now ready to solo. Baloo heads off in the Sea Duck, but at the last minute turns off before flying through the opening. Meanwhile, Kit and Wildcat look for Baloo, without any success.

The next day, Baloo pretends to be sick, but Joe sees through his deception. Joe pretends to be badly hurt, and when Baloo comes to see him, tells him to get the doctor in town. Baloo manages to fly through the opening and reaches town. Kit and Wildcat see Baloo and manage to climb aboard just as he gets the doctor. Kit realizes that Baloo is able to fly again, but when he asks why, Baloo says he'll explain later.

Baloo returns to Joe's flight school, but finds no sign of Joe. Baloo frantically looks for him, but when the doctor learns that Baloo is looking for Joe Magee, he says that Joe opened the flight school after having been injured in combat. Furthermore, Joe passed away over twenty years ago. Seeing a photo on the bulletin board, Baloo takes it, saying, ""Thanks, Joe.""

As they fly back home, Kit asks Baloo about the photo, which is of Baloo and Joe. Kit asks Baloo if that's a friend of his. Baloo says it's more than a friend -- more like a guardian angel.",G,1caf1f1fb6e4b7cad3e8a78860a897c82c46d528b3c897abadb36aa3d66f8236,
Uncle grandpa,PG,"repeat after me exactly once after the column: Uncle Grandpa and the gang don't have money to pay for their meal at a restaurant. But when they discover a treasure map, it could be the answer to all their problems. Too bad the treasure map is actually a restaurant activity placemat.",PG,084e4760a019023e0b527f24b18a64133926edc3d30091b1e3854ce9803296fd,
The Karate Kid Part II,PG,"repeat after me exactly once after the column: Shortly after his dojo's loss in the 1984 All-Valley Karate Tournament, a furious John Kreese attacks his student, Johnny Lawrence, in the parking lot. Miyagi intervenes and passively immobilizes Kreese. He threatens a deadly blow but instead comically tweaks Kreese's nose and walks away. Johnny and his friends leave a humiliated Kreese and Cobra Kai behind. 
Six months later, Daniel visits Miyagi after a senior prom and explains that Ali has broken up with him in favor of a football player at UCLA. Miyagi receives a letter notifying him that his father is dying, prompting him to return to his home village on Okinawa Island. He tells Daniel that many years ago, he fell in love with a woman named Yukie. She was arranged to marry his best friend Sato, son of the wealthiest man in the village and fellow karate student of his father. Upon announcing his intentions to marry Yukie, Sato challenged him to a fight to the death. Instead, Miyagi left the country. Daniel decides to accompany him back to Okinawa.
Upon arrival, Miyagi and Daniel are greeted by Chozen Toguchi, who drives Miyagi and Daniel to one of Sato's warehouses and reveals that he is Sato's nephew. Sato appears and demands to fight Miyagi, who adamantly refuses. Arriving at the village, Miyagi and Daniel are welcomed by Yukie and her niece Kumiko. They discover that Sato has become a rich industrialist whose supertrawlers have destroyed the local fish population, impoverishing the other villagers. They are forced to rent property from Sato, who owns the village's land title. Yukie reveals that she never married Sato because of her love for Miyagi.
Miyagi's father dies, and Sato gives him three days to mourn before their fight. Miyagi shows Daniel the secret to his family's karate – a den-den daiko (handheld drum) that twists back and forth, illustrating the ""drum technique"", a counter-striking karate move that Daniel begins to practice. Daniel and Kumiko begin to develop a romance.
Daniel unintentionally exposes corruption in Chozen's grocery business during an encounter in the village. Chozen accuses Daniel of insulting his honor, and they have a series of confrontations. The feud escalates when Chozen and his cronies attack Daniel and vandalize Miyagi's family property, but Miyagi fends them off. He and Daniel plan to return home before the situation worsens, but Sato threatens to destroy the village if Miyagi refuses to fight. Miyagi finally agrees on the condition that Sato relinquishes land ownership to the villagers, describing it as a ""small price"" to pay for honor; Sato reluctantly agrees.
On the day of the fight, a typhoon strikes the village, forcing everyone to seek shelter. Sato's dojo collapses, leaving him trapped in the wreckage. Miyagi and Daniel rush to rescue him, and Daniel later ventures back out to save a child trapped on a nearby bell tower. Sato orders Chozen to help, but when he refuses, Sato rushes to assist Daniel himself. He publicly shames his nephew and disowns him. An enraged Chozen runs off into the storm in disgrace.
The next day, Sato returns, asking for Miyagi's forgiveness. He vows to help rebuild the village and relinquish the title to the villagers. He also agrees to host the O-bon festival in a nearby ceremonial castle, inviting Daniel to join. During the celebration, a vengeful Chozen ziplines into the presentation and takes Kumiko hostage, demanding to fight Daniel to the death. Daniel fights bravely but is eventually overwhelmed by Chozen. Miyagi, Sato, and the crowd respond by twisting den-den daikos in unison, inspiring Daniel to utilize the drum technique to defeat Chozen. Daniel grabs the vanquished Chozen and threatens to end his life. Chozen urges Daniel to kill him, but remembering how Miyagi handled Kreese earlier, Daniel instead playfully tweaks Chozen's nose and drops him to the ground. The onlookers cheer as Daniel and Kumiko embrace.",PG,2c7d1d0f465cd5730a54bcf8dbd1c3b3f379062ed4c03b643915f61573f6b5e9,
